3872 1 0.1 0 1 0
1 1 1 46.06456568 45.914980540000016 47.97214268
0 4.11662763 1.04352229 0.10585847 78.971 0.0 0.0 0.0
0 7.39951379 3.13056686 4.25524541 78.971 0.0 0.0 0.0
0 1.64144308 3.13056686 2.28641041 78.971 0.0 0.0 0.0
0 9.87469834 1.04352229 2.07469347 78.971 0.0 0.0 0.0
1 7.1247033 1.04352229 1.78205764 118.71 0.0 0.0 0.0
1 4.39143812 3.13056686 2.57904624 118.71 0.0 0.0 0.0
1 10.14950883 3.13056686 3.96260958 118.71 0.0 0.0 0.0
1 1.36663259 1.04352229 0.3984943 118.71 0.0 0.0 0.0
0 4.11662763 1.04352229 4.46696235 78.971 0.0 0.0 0.0
0 7.39951379 3.13056686 8.61634929 78.971 0.0 0.0 0.0
0 1.64144308 3.13056686 6.64751429 78.971 0.0 0.0 0.0
0 9.87469834 1.04352229 6.43579735 78.971 0.0 0.0 0.0
1 7.1247033 1.04352229 6.14316152 118.71 0.0 0.0 0.0
1 4.39143812 3.13056686 6.94015012 118.71 0.0 0.0 0.0
1 10.14950883 3.13056686 8.32371346 118.71 0.0 0.0 0.0
1 1.36663259 1.04352229 4.75959818 118.71 0.0 0.0 0.0
0 4.11662763 1.04352229 8.82806623 78.971 0.0 0.0 0.0
0 7.39951379 3.13056686 12.97745317 78.971 0.0 0.0 0.0
0 1.64144308 3.13056686 11.00861817 78.971 0.0 0.0 0.0
0 9.87469834 1.04352229 10.79690123 78.971 0.0 0.0 0.0
1 7.1247033 1.04352229 10.5042654 118.71 0.0 0.0 0.0
1 4.39143812 3.13056686 11.301254 118.71 0.0 0.0 0.0
1 10.14950883 3.13056686 12.68481734 118.71 0.0 0.0 0.0
1 1.36663259 1.04352229 9.12070206 118.71 0.0 0.0 0.0
0 4.11662763 1.04352229 13.18917011 78.971 0.0 0.0 0.0
0 7.39951379 3.13056686 17.33855705 78.971 0.0 0.0 0.0
0 1.64144308 3.13056686 15.36972205 78.971 0.0 0.0 0.0
0 9.87469834 1.04352229 15.15800511 78.971 0.0 0.0 0.0
1 7.1247033 1.04352229 14.86536928 118.71 0.0 0.0 0.0
1 4.39143812 3.13056686 15.66235788 118.71 0.0 0.0 0.0
1 10.14950883 3.13056686 17.04592122 118.71 0.0 0.0 0.0
1 1.36663259 1.04352229 13.48180594 118.71 0.0 0.0 0.0
0 4.11662763 1.04352229 17.55027399 78.971 0.0 0.0 0.0
0 7.39951379 3.13056686 21.69966093 78.971 0.0 0.0 0.0
0 1.64144308 3.13056686 19.73082593 78.971 0.0 0.0 0.0
0 9.87469834 1.04352229 19.51910899 78.971 0.0 0.0 0.0
1 7.1247033 1.04352229 19.22647316 118.71 0.0 0.0 0.0
1 4.39143812 3.13056686 20.02346176 118.71 0.0 0.0 0.0
1 10.14950883 3.13056686 21.4070251 118.71 0.0 0.0 0.0
1 1.36663259 1.04352229 17.84290982 118.71 0.0 0.0 0.0
0 4.11662763 1.04352229 21.91137787 78.971 0.0 0.0 0.0
0 7.39951379 3.13056686 26.06076481 78.971 0.0 0.0 0.0
0 1.64144308 3.13056686 24.09192981 78.971 0.0 0.0 0.0
0 9.87469834 1.04352229 23.88021287 78.971 0.0 0.0 0.0
1 7.1247033 1.04352229 23.58757704 118.71 0.0 0.0 0.0
1 4.39143812 3.13056686 24.38456564 118.71 0.0 0.0 0.0
1 10.14950883 3.13056686 25.76812898 118.71 0.0 0.0 0.0
1 1.36663259 1.04352229 22.2040137 118.71 0.0 0.0 0.0
0 4.11662763 1.04352229 26.27248175 78.971 0.0 0.0 0.0
0 7.39951379 3.13056686 30.42186869 78.971 0.0 0.0 0.0
0 1.64144308 3.13056686 28.45303369 78.971 0.0 0.0 0.0
0 9.87469834 1.04352229 28.24131675 78.971 0.0 0.0 0.0
1 7.1247033 1.04352229 27.94868092 118.71 0.0 0.0 0.0
1 4.39143812 3.13056686 28.74566952 118.71 0.0 0.0 0.0
1 10.14950883 3.13056686 30.12923286 118.71 0.0 0.0 0.0
1 1.36663259 1.04352229 26.56511758 118.71 0.0 0.0 0.0
0 4.11662763 1.04352229 30.63358563 78.971 0.0 0.0 0.0
0 7.39951379 3.13056686 34.78297257 78.971 0.0 0.0 0.0
0 1.64144308 3.13056686 32.81413757 78.971 0.0 0.0 0.0
0 9.87469834 1.04352229 32.60242063 78.971 0.0 0.0 0.0
1 7.1247033 1.04352229 32.3097848 118.71 0.0 0.0 0.0
1 4.39143812 3.13056686 33.1067734 118.71 0.0 0.0 0.0
1 10.14950883 3.13056686 34.49033674 118.71 0.0 0.0 0.0
1 1.36663259 1.04352229 30.92622146 118.71 0.0 0.0 0.0
0 4.11662763 1.04352229 34.99468951 78.971 0.0 0.0 0.0
0 7.39951379 3.13056686 39.14407645 78.971 0.0 0.0 0.0
0 1.64144308 3.13056686 37.17524145 78.971 0.0 0.0 0.0
0 9.87469834 1.04352229 36.96352451 78.971 0.0 0.0 0.0
1 7.1247033 1.04352229 36.67088868 118.71 0.0 0.0 0.0
1 4.39143812 3.13056686 37.46787728 118.71 0.0 0.0 0.0
1 10.14950883 3.13056686 38.85144062 118.71 0.0 0.0 0.0
1 1.36663259 1.04352229 35.28732534 118.71 0.0 0.0 0.0
0 4.11662763 1.04352229 39.35579339 78.971 0.0 0.0 0.0
0 7.39951379 3.13056686 43.50518033 78.971 0.0 0.0 0.0
0 1.64144308 3.13056686 41.53634533 78.971 0.0 0.0 0.0
0 9.87469834 1.04352229 41.32462839 78.971 0.0 0.0 0.0
1 7.1247033 1.04352229 41.03199256 118.71 0.0 0.0 0.0
1 4.39143812 3.13056686 41.82898116 118.71 0.0 0.0 0.0
1 10.14950883 3.13056686 43.2125445 118.71 0.0 0.0 0.0
1 1.36663259 1.04352229 39.64842922 118.71 0.0 0.0 0.0
0 4.11662763 1.04352229 43.71689727 78.971 0.0 0.0 0.0
0 7.39951379 3.13056686 47.86628421 78.971 0.0 0.0 0.0
0 1.64144308 3.13056686 45.89744921 78.971 0.0 0.0 0.0
0 9.87469834 1.04352229 45.68573227 78.971 0.0 0.0 0.0
1 7.1247033 1.04352229 45.39309644 118.71 0.0 0.0 0.0
1 4.39143812 3.13056686 46.19008504 118.71 0.0 0.0 0.0
1 10.14950883 3.13056686 47.57364838 118.71 0.0 0.0 0.0
1 1.36663259 1.04352229 44.0095331 118.71 0.0 0.0 0.0
0 4.11662763 5.21761143 0.10585847 78.971 0.0 0.0 0.0
0 7.39951379 7.304656 4.25524541 78.971 0.0 0.0 0.0
0 1.64144308 7.304656 2.28641041 78.971 0.0 0.0 0.0
0 9.87469834 5.21761143 2.07469347 78.971 0.0 0.0 0.0
1 7.1247033 5.21761143 1.78205764 118.71 0.0 0.0 0.0
1 4.39143812 7.304656 2.57904624 118.71 0.0 0.0 0.0
1 10.14950883 7.304656 3.96260958 118.71 0.0 0.0 0.0
1 1.36663259 5.21761143 0.3984943 118.71 0.0 0.0 0.0
0 4.11662763 5.21761143 4.46696235 78.971 0.0 0.0 0.0
0 7.39951379 7.304656 8.61634929 78.971 0.0 0.0 0.0
0 1.64144308 7.304656 6.64751429 78.971 0.0 0.0 0.0
0 9.87469834 5.21761143 6.43579735 78.971 0.0 0.0 0.0
1 7.1247033 5.21761143 6.14316152 118.71 0.0 0.0 0.0
1 4.39143812 7.304656 6.94015012 118.71 0.0 0.0 0.0
1 10.14950883 7.304656 8.32371346 118.71 0.0 0.0 0.0
1 1.36663259 5.21761143 4.75959818 118.71 0.0 0.0 0.0
0 4.11662763 5.21761143 8.82806623 78.971 0.0 0.0 0.0
0 7.39951379 7.304656 12.97745317 78.971 0.0 0.0 0.0
0 1.64144308 7.304656 11.00861817 78.971 0.0 0.0 0.0
0 9.87469834 5.21761143 10.79690123 78.971 0.0 0.0 0.0
1 7.1247033 5.21761143 10.5042654 118.71 0.0 0.0 0.0
1 4.39143812 7.304656 11.301254 118.71 0.0 0.0 0.0
1 10.14950883 7.304656 12.68481734 118.71 0.0 0.0 0.0
1 1.36663259 5.21761143 9.12070206 118.71 0.0 0.0 0.0
0 4.11662763 5.21761143 13.18917011 78.971 0.0 0.0 0.0
0 7.39951379 7.304656 17.33855705 78.971 0.0 0.0 0.0
0 1.64144308 7.304656 15.36972205 78.971 0.0 0.0 0.0
0 9.87469834 5.21761143 15.15800511 78.971 0.0 0.0 0.0
1 7.1247033 5.21761143 14.86536928 118.71 0.0 0.0 0.0
1 4.39143812 7.304656 15.66235788 118.71 0.0 0.0 0.0
1 10.14950883 7.304656 17.04592122 118.71 0.0 0.0 0.0
1 1.36663259 5.21761143 13.48180594 118.71 0.0 0.0 0.0
0 4.11662763 5.21761143 17.55027399 78.971 0.0 0.0 0.0
0 7.39951379 7.304656 21.69966093 78.971 0.0 0.0 0.0
0 1.64144308 7.304656 19.73082593 78.971 0.0 0.0 0.0
0 9.87469834 5.21761143 19.51910899 78.971 0.0 0.0 0.0
1 7.1247033 5.21761143 19.22647316 118.71 0.0 0.0 0.0
1 4.39143812 7.304656 20.02346176 118.71 0.0 0.0 0.0
1 10.14950883 7.304656 21.4070251 118.71 0.0 0.0 0.0
1 1.36663259 5.21761143 17.84290982 118.71 0.0 0.0 0.0
0 4.11662763 5.21761143 21.91137787 78.971 0.0 0.0 0.0
0 7.39951379 7.304656 26.06076481 78.971 0.0 0.0 0.0
0 1.64144308 7.304656 24.09192981 78.971 0.0 0.0 0.0
0 9.87469834 5.21761143 23.88021287 78.971 0.0 0.0 0.0
1 7.1247033 5.21761143 23.58757704 118.71 0.0 0.0 0.0
1 4.39143812 7.304656 24.38456564 118.71 0.0 0.0 0.0
1 10.14950883 7.304656 25.76812898 118.71 0.0 0.0 0.0
1 1.36663259 5.21761143 22.2040137 118.71 0.0 0.0 0.0
0 4.11662763 5.21761143 26.27248175 78.971 0.0 0.0 0.0
0 7.39951379 7.304656 30.42186869 78.971 0.0 0.0 0.0
0 1.64144308 7.304656 28.45303369 78.971 0.0 0.0 0.0
0 9.87469834 5.21761143 28.24131675 78.971 0.0 0.0 0.0
1 7.1247033 5.21761143 27.94868092 118.71 0.0 0.0 0.0
1 4.39143812 7.304656 28.74566952 118.71 0.0 0.0 0.0
1 10.14950883 7.304656 30.12923286 118.71 0.0 0.0 0.0
1 1.36663259 5.21761143 26.56511758 118.71 0.0 0.0 0.0
0 4.11662763 5.21761143 30.63358563 78.971 0.0 0.0 0.0
0 7.39951379 7.304656 34.78297257 78.971 0.0 0.0 0.0
0 1.64144308 7.304656 32.81413757 78.971 0.0 0.0 0.0
0 9.87469834 5.21761143 32.60242063 78.971 0.0 0.0 0.0
1 7.1247033 5.21761143 32.3097848 118.71 0.0 0.0 0.0
1 4.39143812 7.304656 33.1067734 118.71 0.0 0.0 0.0
1 10.14950883 7.304656 34.49033674 118.71 0.0 0.0 0.0
1 1.36663259 5.21761143 30.92622146 118.71 0.0 0.0 0.0
0 4.11662763 5.21761143 34.99468951 78.971 0.0 0.0 0.0
0 7.39951379 7.304656 39.14407645 78.971 0.0 0.0 0.0
0 1.64144308 7.304656 37.17524145 78.971 0.0 0.0 0.0
0 9.87469834 5.21761143 36.96352451 78.971 0.0 0.0 0.0
1 7.1247033 5.21761143 36.67088868 118.71 0.0 0.0 0.0
1 4.39143812 7.304656 37.46787728 118.71 0.0 0.0 0.0
1 10.14950883 7.304656 38.85144062 118.71 0.0 0.0 0.0
1 1.36663259 5.21761143 35.28732534 118.71 0.0 0.0 0.0
0 4.11662763 5.21761143 39.35579339 78.971 0.0 0.0 0.0
0 7.39951379 7.304656 43.50518033 78.971 0.0 0.0 0.0
0 1.64144308 7.304656 41.53634533 78.971 0.0 0.0 0.0
0 9.87469834 5.21761143 41.32462839 78.971 0.0 0.0 0.0
1 7.1247033 5.21761143 41.03199256 118.71 0.0 0.0 0.0
1 4.39143812 7.304656 41.82898116 118.71 0.0 0.0 0.0
1 10.14950883 7.304656 43.2125445 118.71 0.0 0.0 0.0
1 1.36663259 5.21761143 39.64842922 118.71 0.0 0.0 0.0
0 4.11662763 5.21761143 43.71689727 78.971 0.0 0.0 0.0
0 7.39951379 7.304656 47.86628421 78.971 0.0 0.0 0.0
0 1.64144308 7.304656 45.89744921 78.971 0.0 0.0 0.0
0 9.87469834 5.21761143 45.68573227 78.971 0.0 0.0 0.0
1 7.1247033 5.21761143 45.39309644 118.71 0.0 0.0 0.0
1 4.39143812 7.304656 46.19008504 118.71 0.0 0.0 0.0
1 10.14950883 7.304656 47.57364838 118.71 0.0 0.0 0.0
1 1.36663259 5.21761143 44.0095331 118.71 0.0 0.0 0.0
0 4.11662763 9.39170057 0.10585847 78.971 0.0 0.0 0.0
0 7.39951379 11.47874514 4.25524541 78.971 0.0 0.0 0.0
0 1.64144308 11.47874514 2.28641041 78.971 0.0 0.0 0.0
0 9.87469834 9.39170057 2.07469347 78.971 0.0 0.0 0.0
1 7.1247033 9.39170057 1.78205764 118.71 0.0 0.0 0.0
1 4.39143812 11.47874514 2.57904624 118.71 0.0 0.0 0.0
1 10.14950883 11.47874514 3.96260958 118.71 0.0 0.0 0.0
1 1.36663259 9.39170057 0.3984943 118.71 0.0 0.0 0.0
0 4.11662763 9.39170057 4.46696235 78.971 0.0 0.0 0.0
0 7.39951379 11.47874514 8.61634929 78.971 0.0 0.0 0.0
0 1.64144308 11.47874514 6.64751429 78.971 0.0 0.0 0.0
0 9.87469834 9.39170057 6.43579735 78.971 0.0 0.0 0.0
1 7.1247033 9.39170057 6.14316152 118.71 0.0 0.0 0.0
1 4.39143812 11.47874514 6.94015012 118.71 0.0 0.0 0.0
1 10.14950883 11.47874514 8.32371346 118.71 0.0 0.0 0.0
1 1.36663259 9.39170057 4.75959818 118.71 0.0 0.0 0.0
0 4.11662763 9.39170057 8.82806623 78.971 0.0 0.0 0.0
0 7.39951379 11.47874514 12.97745317 78.971 0.0 0.0 0.0
0 1.64144308 11.47874514 11.00861817 78.971 0.0 0.0 0.0
0 9.87469834 9.39170057 10.79690123 78.971 0.0 0.0 0.0
1 7.1247033 9.39170057 10.5042654 118.71 0.0 0.0 0.0
1 4.39143812 11.47874514 11.301254 118.71 0.0 0.0 0.0
1 10.14950883 11.47874514 12.68481734 118.71 0.0 0.0 0.0
1 1.36663259 9.39170057 9.12070206 118.71 0.0 0.0 0.0
0 4.11662763 9.39170057 13.18917011 78.971 0.0 0.0 0.0
0 7.39951379 11.47874514 17.33855705 78.971 0.0 0.0 0.0
0 1.64144308 11.47874514 15.36972205 78.971 0.0 0.0 0.0
0 9.87469834 9.39170057 15.15800511 78.971 0.0 0.0 0.0
1 7.1247033 9.39170057 14.86536928 118.71 0.0 0.0 0.0
1 4.39143812 11.47874514 15.66235788 118.71 0.0 0.0 0.0
1 10.14950883 11.47874514 17.04592122 118.71 0.0 0.0 0.0
1 1.36663259 9.39170057 13.48180594 118.71 0.0 0.0 0.0
0 4.11662763 9.39170057 17.55027399 78.971 0.0 0.0 0.0
0 7.39951379 11.47874514 21.69966093 78.971 0.0 0.0 0.0
0 1.64144308 11.47874514 19.73082593 78.971 0.0 0.0 0.0
0 9.87469834 9.39170057 19.51910899 78.971 0.0 0.0 0.0
1 7.1247033 9.39170057 19.22647316 118.71 0.0 0.0 0.0
1 4.39143812 11.47874514 20.02346176 118.71 0.0 0.0 0.0
1 10.14950883 11.47874514 21.4070251 118.71 0.0 0.0 0.0
1 1.36663259 9.39170057 17.84290982 118.71 0.0 0.0 0.0
0 4.11662763 9.39170057 21.91137787 78.971 0.0 0.0 0.0
0 7.39951379 11.47874514 26.06076481 78.971 0.0 0.0 0.0
0 1.64144308 11.47874514 24.09192981 78.971 0.0 0.0 0.0
0 9.87469834 9.39170057 23.88021287 78.971 0.0 0.0 0.0
1 7.1247033 9.39170057 23.58757704 118.71 0.0 0.0 0.0
1 4.39143812 11.47874514 24.38456564 118.71 0.0 0.0 0.0
1 10.14950883 11.47874514 25.76812898 118.71 0.0 0.0 0.0
1 1.36663259 9.39170057 22.2040137 118.71 0.0 0.0 0.0
0 4.11662763 9.39170057 26.27248175 78.971 0.0 0.0 0.0
0 7.39951379 11.47874514 30.42186869 78.971 0.0 0.0 0.0
0 1.64144308 11.47874514 28.45303369 78.971 0.0 0.0 0.0
0 9.87469834 9.39170057 28.24131675 78.971 0.0 0.0 0.0
1 7.1247033 9.39170057 27.94868092 118.71 0.0 0.0 0.0
1 4.39143812 11.47874514 28.74566952 118.71 0.0 0.0 0.0
1 10.14950883 11.47874514 30.12923286 118.71 0.0 0.0 0.0
1 1.36663259 9.39170057 26.56511758 118.71 0.0 0.0 0.0
0 4.11662763 9.39170057 30.63358563 78.971 0.0 0.0 0.0
0 7.39951379 11.47874514 34.78297257 78.971 0.0 0.0 0.0
0 1.64144308 11.47874514 32.81413757 78.971 0.0 0.0 0.0
0 9.87469834 9.39170057 32.60242063 78.971 0.0 0.0 0.0
1 7.1247033 9.39170057 32.3097848 118.71 0.0 0.0 0.0
1 4.39143812 11.47874514 33.1067734 118.71 0.0 0.0 0.0
1 10.14950883 11.47874514 34.49033674 118.71 0.0 0.0 0.0
1 1.36663259 9.39170057 30.92622146 118.71 0.0 0.0 0.0
0 4.11662763 9.39170057 34.99468951 78.971 0.0 0.0 0.0
0 7.39951379 11.47874514 39.14407645 78.971 0.0 0.0 0.0
0 1.64144308 11.47874514 37.17524145 78.971 0.0 0.0 0.0
0 9.87469834 9.39170057 36.96352451 78.971 0.0 0.0 0.0
1 7.1247033 9.39170057 36.67088868 118.71 0.0 0.0 0.0
1 4.39143812 11.47874514 37.46787728 118.71 0.0 0.0 0.0
1 10.14950883 11.47874514 38.85144062 118.71 0.0 0.0 0.0
1 1.36663259 9.39170057 35.28732534 118.71 0.0 0.0 0.0
0 4.11662763 9.39170057 39.35579339 78.971 0.0 0.0 0.0
0 7.39951379 11.47874514 43.50518033 78.971 0.0 0.0 0.0
0 1.64144308 11.47874514 41.53634533 78.971 0.0 0.0 0.0
0 9.87469834 9.39170057 41.32462839 78.971 0.0 0.0 0.0
1 7.1247033 9.39170057 41.03199256 118.71 0.0 0.0 0.0
1 4.39143812 11.47874514 41.82898116 118.71 0.0 0.0 0.0
1 10.14950883 11.47874514 43.2125445 118.71 0.0 0.0 0.0
1 1.36663259 9.39170057 39.64842922 118.71 0.0 0.0 0.0
0 4.11662763 9.39170057 43.71689727 78.971 0.0 0.0 0.0
0 7.39951379 11.47874514 47.86628421 78.971 0.0 0.0 0.0
0 1.64144308 11.47874514 45.89744921 78.971 0.0 0.0 0.0
0 9.87469834 9.39170057 45.68573227 78.971 0.0 0.0 0.0
1 7.1247033 9.39170057 45.39309644 118.71 0.0 0.0 0.0
1 4.39143812 11.47874514 46.19008504 118.71 0.0 0.0 0.0
1 10.14950883 11.47874514 47.57364838 118.71 0.0 0.0 0.0
1 1.36663259 9.39170057 44.0095331 118.71 0.0 0.0 0.0
0 4.11662763 13.56578971 0.10585847 78.971 0.0 0.0 0.0
0 7.39951379 15.65283428 4.25524541 78.971 0.0 0.0 0.0
0 1.64144308 15.65283428 2.28641041 78.971 0.0 0.0 0.0
0 9.87469834 13.56578971 2.07469347 78.971 0.0 0.0 0.0
1 7.1247033 13.56578971 1.78205764 118.71 0.0 0.0 0.0
1 4.39143812 15.65283428 2.57904624 118.71 0.0 0.0 0.0
1 10.14950883 15.65283428 3.96260958 118.71 0.0 0.0 0.0
1 1.36663259 13.56578971 0.3984943 118.71 0.0 0.0 0.0
0 4.11662763 13.56578971 4.46696235 78.971 0.0 0.0 0.0
0 7.39951379 15.65283428 8.61634929 78.971 0.0 0.0 0.0
0 1.64144308 15.65283428 6.64751429 78.971 0.0 0.0 0.0
0 9.87469834 13.56578971 6.43579735 78.971 0.0 0.0 0.0
1 7.1247033 13.56578971 6.14316152 118.71 0.0 0.0 0.0
1 4.39143812 15.65283428 6.94015012 118.71 0.0 0.0 0.0
1 10.14950883 15.65283428 8.32371346 118.71 0.0 0.0 0.0
1 1.36663259 13.56578971 4.75959818 118.71 0.0 0.0 0.0
0 4.11662763 13.56578971 8.82806623 78.971 0.0 0.0 0.0
0 7.39951379 15.65283428 12.97745317 78.971 0.0 0.0 0.0
0 1.64144308 15.65283428 11.00861817 78.971 0.0 0.0 0.0
0 9.87469834 13.56578971 10.79690123 78.971 0.0 0.0 0.0
1 7.1247033 13.56578971 10.5042654 118.71 0.0 0.0 0.0
1 4.39143812 15.65283428 11.301254 118.71 0.0 0.0 0.0
1 10.14950883 15.65283428 12.68481734 118.71 0.0 0.0 0.0
1 1.36663259 13.56578971 9.12070206 118.71 0.0 0.0 0.0
0 4.11662763 13.56578971 13.18917011 78.971 0.0 0.0 0.0
0 7.39951379 15.65283428 17.33855705 78.971 0.0 0.0 0.0
0 1.64144308 15.65283428 15.36972205 78.971 0.0 0.0 0.0
0 9.87469834 13.56578971 15.15800511 78.971 0.0 0.0 0.0
1 7.1247033 13.56578971 14.86536928 118.71 0.0 0.0 0.0
1 4.39143812 15.65283428 15.66235788 118.71 0.0 0.0 0.0
1 10.14950883 15.65283428 17.04592122 118.71 0.0 0.0 0.0
1 1.36663259 13.56578971 13.48180594 118.71 0.0 0.0 0.0
0 4.11662763 13.56578971 17.55027399 78.971 0.0 0.0 0.0
0 7.39951379 15.65283428 21.69966093 78.971 0.0 0.0 0.0
0 1.64144308 15.65283428 19.73082593 78.971 0.0 0.0 0.0
0 9.87469834 13.56578971 19.51910899 78.971 0.0 0.0 0.0
1 7.1247033 13.56578971 19.22647316 118.71 0.0 0.0 0.0
1 4.39143812 15.65283428 20.02346176 118.71 0.0 0.0 0.0
1 10.14950883 15.65283428 21.4070251 118.71 0.0 0.0 0.0
1 1.36663259 13.56578971 17.84290982 118.71 0.0 0.0 0.0
0 4.11662763 13.56578971 21.91137787 78.971 0.0 0.0 0.0
0 7.39951379 15.65283428 26.06076481 78.971 0.0 0.0 0.0
0 1.64144308 15.65283428 24.09192981 78.971 0.0 0.0 0.0
0 9.87469834 13.56578971 23.88021287 78.971 0.0 0.0 0.0
1 7.1247033 13.56578971 23.58757704 118.71 0.0 0.0 0.0
1 4.39143812 15.65283428 24.38456564 118.71 0.0 0.0 0.0
1 10.14950883 15.65283428 25.76812898 118.71 0.0 0.0 0.0
1 1.36663259 13.56578971 22.2040137 118.71 0.0 0.0 0.0
0 4.11662763 13.56578971 26.27248175 78.971 0.0 0.0 0.0
0 7.39951379 15.65283428 30.42186869 78.971 0.0 0.0 0.0
0 1.64144308 15.65283428 28.45303369 78.971 0.0 0.0 0.0
0 9.87469834 13.56578971 28.24131675 78.971 0.0 0.0 0.0
1 7.1247033 13.56578971 27.94868092 118.71 0.0 0.0 0.0
1 4.39143812 15.65283428 28.74566952 118.71 0.0 0.0 0.0
1 10.14950883 15.65283428 30.12923286 118.71 0.0 0.0 0.0
1 1.36663259 13.56578971 26.56511758 118.71 0.0 0.0 0.0
0 4.11662763 13.56578971 30.63358563 78.971 0.0 0.0 0.0
0 7.39951379 15.65283428 34.78297257 78.971 0.0 0.0 0.0
0 1.64144308 15.65283428 32.81413757 78.971 0.0 0.0 0.0
0 9.87469834 13.56578971 32.60242063 78.971 0.0 0.0 0.0
1 7.1247033 13.56578971 32.3097848 118.71 0.0 0.0 0.0
1 4.39143812 15.65283428 33.1067734 118.71 0.0 0.0 0.0
1 10.14950883 15.65283428 34.49033674 118.71 0.0 0.0 0.0
1 1.36663259 13.56578971 30.92622146 118.71 0.0 0.0 0.0
0 4.11662763 13.56578971 34.99468951 78.971 0.0 0.0 0.0
0 7.39951379 15.65283428 39.14407645 78.971 0.0 0.0 0.0
0 1.64144308 15.65283428 37.17524145 78.971 0.0 0.0 0.0
0 9.87469834 13.56578971 36.96352451 78.971 0.0 0.0 0.0
1 7.1247033 13.56578971 36.67088868 118.71 0.0 0.0 0.0
1 4.39143812 15.65283428 37.46787728 118.71 0.0 0.0 0.0
1 10.14950883 15.65283428 38.85144062 118.71 0.0 0.0 0.0
1 1.36663259 13.56578971 35.28732534 118.71 0.0 0.0 0.0
0 4.11662763 13.56578971 39.35579339 78.971 0.0 0.0 0.0
0 7.39951379 15.65283428 43.50518033 78.971 0.0 0.0 0.0
0 1.64144308 15.65283428 41.53634533 78.971 0.0 0.0 0.0
0 9.87469834 13.56578971 41.32462839 78.971 0.0 0.0 0.0
1 7.1247033 13.56578971 41.03199256 118.71 0.0 0.0 0.0
1 4.39143812 15.65283428 41.82898116 118.71 0.0 0.0 0.0
1 10.14950883 15.65283428 43.2125445 118.71 0.0 0.0 0.0
1 1.36663259 13.56578971 39.64842922 118.71 0.0 0.0 0.0
0 4.11662763 13.56578971 43.71689727 78.971 0.0 0.0 0.0
0 7.39951379 15.65283428 47.86628421 78.971 0.0 0.0 0.0
0 1.64144308 15.65283428 45.89744921 78.971 0.0 0.0 0.0
0 9.87469834 13.56578971 45.68573227 78.971 0.0 0.0 0.0
1 7.1247033 13.56578971 45.39309644 118.71 0.0 0.0 0.0
1 4.39143812 15.65283428 46.19008504 118.71 0.0 0.0 0.0
1 10.14950883 15.65283428 47.57364838 118.71 0.0 0.0 0.0
1 1.36663259 13.56578971 44.0095331 118.71 0.0 0.0 0.0
0 4.11662763 17.73987885 0.10585847 78.971 0.0 0.0 0.0
0 7.39951379 19.82692342 4.25524541 78.971 0.0 0.0 0.0
0 1.64144308 19.82692342 2.28641041 78.971 0.0 0.0 0.0
0 9.87469834 17.73987885 2.07469347 78.971 0.0 0.0 0.0
1 7.1247033 17.73987885 1.78205764 118.71 0.0 0.0 0.0
1 4.39143812 19.82692342 2.57904624 118.71 0.0 0.0 0.0
1 10.14950883 19.82692342 3.96260958 118.71 0.0 0.0 0.0
1 1.36663259 17.73987885 0.3984943 118.71 0.0 0.0 0.0
0 4.11662763 17.73987885 4.46696235 78.971 0.0 0.0 0.0
0 7.39951379 19.82692342 8.61634929 78.971 0.0 0.0 0.0
0 1.64144308 19.82692342 6.64751429 78.971 0.0 0.0 0.0
0 9.87469834 17.73987885 6.43579735 78.971 0.0 0.0 0.0
1 7.1247033 17.73987885 6.14316152 118.71 0.0 0.0 0.0
1 4.39143812 19.82692342 6.94015012 118.71 0.0 0.0 0.0
1 10.14950883 19.82692342 8.32371346 118.71 0.0 0.0 0.0
1 1.36663259 17.73987885 4.75959818 118.71 0.0 0.0 0.0
0 4.11662763 17.73987885 8.82806623 78.971 0.0 0.0 0.0
0 7.39951379 19.82692342 12.97745317 78.971 0.0 0.0 0.0
0 1.64144308 19.82692342 11.00861817 78.971 0.0 0.0 0.0
0 9.87469834 17.73987885 10.79690123 78.971 0.0 0.0 0.0
1 7.1247033 17.73987885 10.5042654 118.71 0.0 0.0 0.0
1 4.39143812 19.82692342 11.301254 118.71 0.0 0.0 0.0
1 10.14950883 19.82692342 12.68481734 118.71 0.0 0.0 0.0
1 1.36663259 17.73987885 9.12070206 118.71 0.0 0.0 0.0
0 4.11662763 17.73987885 13.18917011 78.971 0.0 0.0 0.0
0 7.39951379 19.82692342 17.33855705 78.971 0.0 0.0 0.0
0 1.64144308 19.82692342 15.36972205 78.971 0.0 0.0 0.0
0 9.87469834 17.73987885 15.15800511 78.971 0.0 0.0 0.0
1 7.1247033 17.73987885 14.86536928 118.71 0.0 0.0 0.0
1 4.39143812 19.82692342 15.66235788 118.71 0.0 0.0 0.0
1 10.14950883 19.82692342 17.04592122 118.71 0.0 0.0 0.0
1 1.36663259 17.73987885 13.48180594 118.71 0.0 0.0 0.0
0 4.11662763 17.73987885 17.55027399 78.971 0.0 0.0 0.0
0 7.39951379 19.82692342 21.69966093 78.971 0.0 0.0 0.0
0 1.64144308 19.82692342 19.73082593 78.971 0.0 0.0 0.0
0 9.87469834 17.73987885 19.51910899 78.971 0.0 0.0 0.0
1 7.1247033 17.73987885 19.22647316 118.71 0.0 0.0 0.0
1 4.39143812 19.82692342 20.02346176 118.71 0.0 0.0 0.0
1 10.14950883 19.82692342 21.4070251 118.71 0.0 0.0 0.0
1 1.36663259 17.73987885 17.84290982 118.71 0.0 0.0 0.0
0 4.11662763 17.73987885 21.91137787 78.971 0.0 0.0 0.0
0 7.39951379 19.82692342 26.06076481 78.971 0.0 0.0 0.0
0 1.64144308 19.82692342 24.09192981 78.971 0.0 0.0 0.0
0 9.87469834 17.73987885 23.88021287 78.971 0.0 0.0 0.0
1 7.1247033 17.73987885 23.58757704 118.71 0.0 0.0 0.0
1 4.39143812 19.82692342 24.38456564 118.71 0.0 0.0 0.0
1 10.14950883 19.82692342 25.76812898 118.71 0.0 0.0 0.0
1 1.36663259 17.73987885 22.2040137 118.71 0.0 0.0 0.0
0 4.11662763 17.73987885 26.27248175 78.971 0.0 0.0 0.0
0 7.39951379 19.82692342 30.42186869 78.971 0.0 0.0 0.0
0 1.64144308 19.82692342 28.45303369 78.971 0.0 0.0 0.0
0 9.87469834 17.73987885 28.24131675 78.971 0.0 0.0 0.0
1 7.1247033 17.73987885 27.94868092 118.71 0.0 0.0 0.0
1 4.39143812 19.82692342 28.74566952 118.71 0.0 0.0 0.0
1 10.14950883 19.82692342 30.12923286 118.71 0.0 0.0 0.0
1 1.36663259 17.73987885 26.56511758 118.71 0.0 0.0 0.0
0 4.11662763 17.73987885 30.63358563 78.971 0.0 0.0 0.0
0 7.39951379 19.82692342 34.78297257 78.971 0.0 0.0 0.0
0 1.64144308 19.82692342 32.81413757 78.971 0.0 0.0 0.0
0 9.87469834 17.73987885 32.60242063 78.971 0.0 0.0 0.0
1 7.1247033 17.73987885 32.3097848 118.71 0.0 0.0 0.0
1 4.39143812 19.82692342 33.1067734 118.71 0.0 0.0 0.0
1 10.14950883 19.82692342 34.49033674 118.71 0.0 0.0 0.0
1 1.36663259 17.73987885 30.92622146 118.71 0.0 0.0 0.0
0 4.11662763 17.73987885 34.99468951 78.971 0.0 0.0 0.0
0 7.39951379 19.82692342 39.14407645 78.971 0.0 0.0 0.0
0 1.64144308 19.82692342 37.17524145 78.971 0.0 0.0 0.0
0 9.87469834 17.73987885 36.96352451 78.971 0.0 0.0 0.0
1 7.1247033 17.73987885 36.67088868 118.71 0.0 0.0 0.0
1 4.39143812 19.82692342 37.46787728 118.71 0.0 0.0 0.0
1 10.14950883 19.82692342 38.85144062 118.71 0.0 0.0 0.0
1 1.36663259 17.73987885 35.28732534 118.71 0.0 0.0 0.0
0 4.11662763 17.73987885 39.35579339 78.971 0.0 0.0 0.0
0 7.39951379 19.82692342 43.50518033 78.971 0.0 0.0 0.0
0 1.64144308 19.82692342 41.53634533 78.971 0.0 0.0 0.0
0 9.87469834 17.73987885 41.32462839 78.971 0.0 0.0 0.0
1 7.1247033 17.73987885 41.03199256 118.71 0.0 0.0 0.0
1 4.39143812 19.82692342 41.82898116 118.71 0.0 0.0 0.0
1 10.14950883 19.82692342 43.2125445 118.71 0.0 0.0 0.0
1 1.36663259 17.73987885 39.64842922 118.71 0.0 0.0 0.0
0 4.11662763 17.73987885 43.71689727 78.971 0.0 0.0 0.0
0 7.39951379 19.82692342 47.86628421 78.971 0.0 0.0 0.0
0 1.64144308 19.82692342 45.89744921 78.971 0.0 0.0 0.0
0 9.87469834 17.73987885 45.68573227 78.971 0.0 0.0 0.0
1 7.1247033 17.73987885 45.39309644 118.71 0.0 0.0 0.0
1 4.39143812 19.82692342 46.19008504 118.71 0.0 0.0 0.0
1 10.14950883 19.82692342 47.57364838 118.71 0.0 0.0 0.0
1 1.36663259 17.73987885 44.0095331 118.71 0.0 0.0 0.0
0 4.11662763 21.91396799 0.10585847 78.971 0.0 0.0 0.0
0 7.39951379 24.00101256 4.25524541 78.971 0.0 0.0 0.0
0 1.64144308 24.00101256 2.28641041 78.971 0.0 0.0 0.0
0 9.87469834 21.91396799 2.07469347 78.971 0.0 0.0 0.0
1 7.1247033 21.91396799 1.78205764 118.71 0.0 0.0 0.0
1 4.39143812 24.00101256 2.57904624 118.71 0.0 0.0 0.0
1 10.14950883 24.00101256 3.96260958 118.71 0.0 0.0 0.0
1 1.36663259 21.91396799 0.3984943 118.71 0.0 0.0 0.0
0 4.11662763 21.91396799 4.46696235 78.971 0.0 0.0 0.0
0 7.39951379 24.00101256 8.61634929 78.971 0.0 0.0 0.0
0 1.64144308 24.00101256 6.64751429 78.971 0.0 0.0 0.0
0 9.87469834 21.91396799 6.43579735 78.971 0.0 0.0 0.0
1 7.1247033 21.91396799 6.14316152 118.71 0.0 0.0 0.0
1 4.39143812 24.00101256 6.94015012 118.71 0.0 0.0 0.0
1 10.14950883 24.00101256 8.32371346 118.71 0.0 0.0 0.0
1 1.36663259 21.91396799 4.75959818 118.71 0.0 0.0 0.0
0 4.11662763 21.91396799 8.82806623 78.971 0.0 0.0 0.0
0 7.39951379 24.00101256 12.97745317 78.971 0.0 0.0 0.0
0 1.64144308 24.00101256 11.00861817 78.971 0.0 0.0 0.0
0 9.87469834 21.91396799 10.79690123 78.971 0.0 0.0 0.0
1 7.1247033 21.91396799 10.5042654 118.71 0.0 0.0 0.0
1 4.39143812 24.00101256 11.301254 118.71 0.0 0.0 0.0
1 10.14950883 24.00101256 12.68481734 118.71 0.0 0.0 0.0
1 1.36663259 21.91396799 9.12070206 118.71 0.0 0.0 0.0
0 4.11662763 21.91396799 13.18917011 78.971 0.0 0.0 0.0
0 7.39951379 24.00101256 17.33855705 78.971 0.0 0.0 0.0
0 1.64144308 24.00101256 15.36972205 78.971 0.0 0.0 0.0
0 9.87469834 21.91396799 15.15800511 78.971 0.0 0.0 0.0
1 7.1247033 21.91396799 14.86536928 118.71 0.0 0.0 0.0
1 4.39143812 24.00101256 15.66235788 118.71 0.0 0.0 0.0
1 10.14950883 24.00101256 17.04592122 118.71 0.0 0.0 0.0
1 1.36663259 21.91396799 13.48180594 118.71 0.0 0.0 0.0
0 4.11662763 21.91396799 17.55027399 78.971 0.0 0.0 0.0
0 7.39951379 24.00101256 21.69966093 78.971 0.0 0.0 0.0
0 1.64144308 24.00101256 19.73082593 78.971 0.0 0.0 0.0
0 9.87469834 21.91396799 19.51910899 78.971 0.0 0.0 0.0
1 7.1247033 21.91396799 19.22647316 118.71 0.0 0.0 0.0
1 4.39143812 24.00101256 20.02346176 118.71 0.0 0.0 0.0
1 10.14950883 24.00101256 21.4070251 118.71 0.0 0.0 0.0
1 1.36663259 21.91396799 17.84290982 118.71 0.0 0.0 0.0
0 4.11662763 21.91396799 21.91137787 78.971 0.0 0.0 0.0
0 7.39951379 24.00101256 26.06076481 78.971 0.0 0.0 0.0
0 1.64144308 24.00101256 24.09192981 78.971 0.0 0.0 0.0
0 9.87469834 21.91396799 23.88021287 78.971 0.0 0.0 0.0
1 7.1247033 21.91396799 23.58757704 118.71 0.0 0.0 0.0
1 4.39143812 24.00101256 24.38456564 118.71 0.0 0.0 0.0
1 10.14950883 24.00101256 25.76812898 118.71 0.0 0.0 0.0
1 1.36663259 21.91396799 22.2040137 118.71 0.0 0.0 0.0
0 4.11662763 21.91396799 26.27248175 78.971 0.0 0.0 0.0
0 7.39951379 24.00101256 30.42186869 78.971 0.0 0.0 0.0
0 1.64144308 24.00101256 28.45303369 78.971 0.0 0.0 0.0
0 9.87469834 21.91396799 28.24131675 78.971 0.0 0.0 0.0
1 7.1247033 21.91396799 27.94868092 118.71 0.0 0.0 0.0
1 4.39143812 24.00101256 28.74566952 118.71 0.0 0.0 0.0
1 10.14950883 24.00101256 30.12923286 118.71 0.0 0.0 0.0
1 1.36663259 21.91396799 26.56511758 118.71 0.0 0.0 0.0
0 4.11662763 21.91396799 30.63358563 78.971 0.0 0.0 0.0
0 7.39951379 24.00101256 34.78297257 78.971 0.0 0.0 0.0
0 1.64144308 24.00101256 32.81413757 78.971 0.0 0.0 0.0
0 9.87469834 21.91396799 32.60242063 78.971 0.0 0.0 0.0
1 7.1247033 21.91396799 32.3097848 118.71 0.0 0.0 0.0
1 4.39143812 24.00101256 33.1067734 118.71 0.0 0.0 0.0
1 10.14950883 24.00101256 34.49033674 118.71 0.0 0.0 0.0
1 1.36663259 21.91396799 30.92622146 118.71 0.0 0.0 0.0
0 4.11662763 21.91396799 34.99468951 78.971 0.0 0.0 0.0
0 7.39951379 24.00101256 39.14407645 78.971 0.0 0.0 0.0
0 1.64144308 24.00101256 37.17524145 78.971 0.0 0.0 0.0
0 9.87469834 21.91396799 36.96352451 78.971 0.0 0.0 0.0
1 7.1247033 21.91396799 36.67088868 118.71 0.0 0.0 0.0
1 4.39143812 24.00101256 37.46787728 118.71 0.0 0.0 0.0
1 10.14950883 24.00101256 38.85144062 118.71 0.0 0.0 0.0
1 1.36663259 21.91396799 35.28732534 118.71 0.0 0.0 0.0
0 4.11662763 21.91396799 39.35579339 78.971 0.0 0.0 0.0
0 7.39951379 24.00101256 43.50518033 78.971 0.0 0.0 0.0
0 1.64144308 24.00101256 41.53634533 78.971 0.0 0.0 0.0
0 9.87469834 21.91396799 41.32462839 78.971 0.0 0.0 0.0
1 7.1247033 21.91396799 41.03199256 118.71 0.0 0.0 0.0
1 4.39143812 24.00101256 41.82898116 118.71 0.0 0.0 0.0
1 10.14950883 24.00101256 43.2125445 118.71 0.0 0.0 0.0
1 1.36663259 21.91396799 39.64842922 118.71 0.0 0.0 0.0
0 4.11662763 21.91396799 43.71689727 78.971 0.0 0.0 0.0
0 7.39951379 24.00101256 47.86628421 78.971 0.0 0.0 0.0
0 1.64144308 24.00101256 45.89744921 78.971 0.0 0.0 0.0
0 9.87469834 21.91396799 45.68573227 78.971 0.0 0.0 0.0
1 7.1247033 21.91396799 45.39309644 118.71 0.0 0.0 0.0
1 4.39143812 24.00101256 46.19008504 118.71 0.0 0.0 0.0
1 10.14950883 24.00101256 47.57364838 118.71 0.0 0.0 0.0
1 1.36663259 21.91396799 44.0095331 118.71 0.0 0.0 0.0
0 4.11662763 26.08805713 0.10585847 78.971 0.0 0.0 0.0
0 7.39951379 28.1751017 4.25524541 78.971 0.0 0.0 0.0
0 1.64144308 28.1751017 2.28641041 78.971 0.0 0.0 0.0
0 9.87469834 26.08805713 2.07469347 78.971 0.0 0.0 0.0
1 7.1247033 26.08805713 1.78205764 118.71 0.0 0.0 0.0
1 4.39143812 28.1751017 2.57904624 118.71 0.0 0.0 0.0
1 10.14950883 28.1751017 3.96260958 118.71 0.0 0.0 0.0
1 1.36663259 26.08805713 0.3984943 118.71 0.0 0.0 0.0
0 4.11662763 26.08805713 4.46696235 78.971 0.0 0.0 0.0
0 7.39951379 28.1751017 8.61634929 78.971 0.0 0.0 0.0
0 1.64144308 28.1751017 6.64751429 78.971 0.0 0.0 0.0
0 9.87469834 26.08805713 6.43579735 78.971 0.0 0.0 0.0
1 7.1247033 26.08805713 6.14316152 118.71 0.0 0.0 0.0
1 4.39143812 28.1751017 6.94015012 118.71 0.0 0.0 0.0
1 10.14950883 28.1751017 8.32371346 118.71 0.0 0.0 0.0
1 1.36663259 26.08805713 4.75959818 118.71 0.0 0.0 0.0
0 4.11662763 26.08805713 8.82806623 78.971 0.0 0.0 0.0
0 7.39951379 28.1751017 12.97745317 78.971 0.0 0.0 0.0
0 1.64144308 28.1751017 11.00861817 78.971 0.0 0.0 0.0
0 9.87469834 26.08805713 10.79690123 78.971 0.0 0.0 0.0
1 7.1247033 26.08805713 10.5042654 118.71 0.0 0.0 0.0
1 4.39143812 28.1751017 11.301254 118.71 0.0 0.0 0.0
1 10.14950883 28.1751017 12.68481734 118.71 0.0 0.0 0.0
1 1.36663259 26.08805713 9.12070206 118.71 0.0 0.0 0.0
0 4.11662763 26.08805713 13.18917011 78.971 0.0 0.0 0.0
0 7.39951379 28.1751017 17.33855705 78.971 0.0 0.0 0.0
0 1.64144308 28.1751017 15.36972205 78.971 0.0 0.0 0.0
0 9.87469834 26.08805713 15.15800511 78.971 0.0 0.0 0.0
1 7.1247033 26.08805713 14.86536928 118.71 0.0 0.0 0.0
1 4.39143812 28.1751017 15.66235788 118.71 0.0 0.0 0.0
1 10.14950883 28.1751017 17.04592122 118.71 0.0 0.0 0.0
1 1.36663259 26.08805713 13.48180594 118.71 0.0 0.0 0.0
0 4.11662763 26.08805713 17.55027399 78.971 0.0 0.0 0.0
0 7.39951379 28.1751017 21.69966093 78.971 0.0 0.0 0.0
0 1.64144308 28.1751017 19.73082593 78.971 0.0 0.0 0.0
0 9.87469834 26.08805713 19.51910899 78.971 0.0 0.0 0.0
1 7.1247033 26.08805713 19.22647316 118.71 0.0 0.0 0.0
1 4.39143812 28.1751017 20.02346176 118.71 0.0 0.0 0.0
1 10.14950883 28.1751017 21.4070251 118.71 0.0 0.0 0.0
1 1.36663259 26.08805713 17.84290982 118.71 0.0 0.0 0.0
0 4.11662763 26.08805713 21.91137787 78.971 0.0 0.0 0.0
0 7.39951379 28.1751017 26.06076481 78.971 0.0 0.0 0.0
0 1.64144308 28.1751017 24.09192981 78.971 0.0 0.0 0.0
0 9.87469834 26.08805713 23.88021287 78.971 0.0 0.0 0.0
1 7.1247033 26.08805713 23.58757704 118.71 0.0 0.0 0.0
1 4.39143812 28.1751017 24.38456564 118.71 0.0 0.0 0.0
1 10.14950883 28.1751017 25.76812898 118.71 0.0 0.0 0.0
1 1.36663259 26.08805713 22.2040137 118.71 0.0 0.0 0.0
0 4.11662763 26.08805713 26.27248175 78.971 0.0 0.0 0.0
0 7.39951379 28.1751017 30.42186869 78.971 0.0 0.0 0.0
0 1.64144308 28.1751017 28.45303369 78.971 0.0 0.0 0.0
0 9.87469834 26.08805713 28.24131675 78.971 0.0 0.0 0.0
1 7.1247033 26.08805713 27.94868092 118.71 0.0 0.0 0.0
1 4.39143812 28.1751017 28.74566952 118.71 0.0 0.0 0.0
1 10.14950883 28.1751017 30.12923286 118.71 0.0 0.0 0.0
1 1.36663259 26.08805713 26.56511758 118.71 0.0 0.0 0.0
0 4.11662763 26.08805713 30.63358563 78.971 0.0 0.0 0.0
0 7.39951379 28.1751017 34.78297257 78.971 0.0 0.0 0.0
0 1.64144308 28.1751017 32.81413757 78.971 0.0 0.0 0.0
0 9.87469834 26.08805713 32.60242063 78.971 0.0 0.0 0.0
1 7.1247033 26.08805713 32.3097848 118.71 0.0 0.0 0.0
1 4.39143812 28.1751017 33.1067734 118.71 0.0 0.0 0.0
1 10.14950883 28.1751017 34.49033674 118.71 0.0 0.0 0.0
1 1.36663259 26.08805713 30.92622146 118.71 0.0 0.0 0.0
0 4.11662763 26.08805713 34.99468951 78.971 0.0 0.0 0.0
0 7.39951379 28.1751017 39.14407645 78.971 0.0 0.0 0.0
0 1.64144308 28.1751017 37.17524145 78.971 0.0 0.0 0.0
0 9.87469834 26.08805713 36.96352451 78.971 0.0 0.0 0.0
1 7.1247033 26.08805713 36.67088868 118.71 0.0 0.0 0.0
1 4.39143812 28.1751017 37.46787728 118.71 0.0 0.0 0.0
1 10.14950883 28.1751017 38.85144062 118.71 0.0 0.0 0.0
1 1.36663259 26.08805713 35.28732534 118.71 0.0 0.0 0.0
0 4.11662763 26.08805713 39.35579339 78.971 0.0 0.0 0.0
0 7.39951379 28.1751017 43.50518033 78.971 0.0 0.0 0.0
0 1.64144308 28.1751017 41.53634533 78.971 0.0 0.0 0.0
0 9.87469834 26.08805713 41.32462839 78.971 0.0 0.0 0.0
1 7.1247033 26.08805713 41.03199256 118.71 0.0 0.0 0.0
1 4.39143812 28.1751017 41.82898116 118.71 0.0 0.0 0.0
1 10.14950883 28.1751017 43.2125445 118.71 0.0 0.0 0.0
1 1.36663259 26.08805713 39.64842922 118.71 0.0 0.0 0.0
0 4.11662763 26.08805713 43.71689727 78.971 0.0 0.0 0.0
0 7.39951379 28.1751017 47.86628421 78.971 0.0 0.0 0.0
0 1.64144308 28.1751017 45.89744921 78.971 0.0 0.0 0.0
0 9.87469834 26.08805713 45.68573227 78.971 0.0 0.0 0.0
1 7.1247033 26.08805713 45.39309644 118.71 0.0 0.0 0.0
1 4.39143812 28.1751017 46.19008504 118.71 0.0 0.0 0.0
1 10.14950883 28.1751017 47.57364838 118.71 0.0 0.0 0.0
1 1.36663259 26.08805713 44.0095331 118.71 0.0 0.0 0.0
0 4.11662763 30.26214627 0.10585847 78.971 0.0 0.0 0.0
0 7.39951379 32.34919084 4.25524541 78.971 0.0 0.0 0.0
0 1.64144308 32.34919084 2.28641041 78.971 0.0 0.0 0.0
0 9.87469834 30.26214627 2.07469347 78.971 0.0 0.0 0.0
1 7.1247033 30.26214627 1.78205764 118.71 0.0 0.0 0.0
1 4.39143812 32.34919084 2.57904624 118.71 0.0 0.0 0.0
1 10.14950883 32.34919084 3.96260958 118.71 0.0 0.0 0.0
1 1.36663259 30.26214627 0.3984943 118.71 0.0 0.0 0.0
0 4.11662763 30.26214627 4.46696235 78.971 0.0 0.0 0.0
0 7.39951379 32.34919084 8.61634929 78.971 0.0 0.0 0.0
0 1.64144308 32.34919084 6.64751429 78.971 0.0 0.0 0.0
0 9.87469834 30.26214627 6.43579735 78.971 0.0 0.0 0.0
1 7.1247033 30.26214627 6.14316152 118.71 0.0 0.0 0.0
1 4.39143812 32.34919084 6.94015012 118.71 0.0 0.0 0.0
1 10.14950883 32.34919084 8.32371346 118.71 0.0 0.0 0.0
1 1.36663259 30.26214627 4.75959818 118.71 0.0 0.0 0.0
0 4.11662763 30.26214627 8.82806623 78.971 0.0 0.0 0.0
0 7.39951379 32.34919084 12.97745317 78.971 0.0 0.0 0.0
0 1.64144308 32.34919084 11.00861817 78.971 0.0 0.0 0.0
0 9.87469834 30.26214627 10.79690123 78.971 0.0 0.0 0.0
1 7.1247033 30.26214627 10.5042654 118.71 0.0 0.0 0.0
1 4.39143812 32.34919084 11.301254 118.71 0.0 0.0 0.0
1 10.14950883 32.34919084 12.68481734 118.71 0.0 0.0 0.0
1 1.36663259 30.26214627 9.12070206 118.71 0.0 0.0 0.0
0 4.11662763 30.26214627 13.18917011 78.971 0.0 0.0 0.0
0 7.39951379 32.34919084 17.33855705 78.971 0.0 0.0 0.0
0 1.64144308 32.34919084 15.36972205 78.971 0.0 0.0 0.0
0 9.87469834 30.26214627 15.15800511 78.971 0.0 0.0 0.0
1 7.1247033 30.26214627 14.86536928 118.71 0.0 0.0 0.0
1 4.39143812 32.34919084 15.66235788 118.71 0.0 0.0 0.0
1 10.14950883 32.34919084 17.04592122 118.71 0.0 0.0 0.0
1 1.36663259 30.26214627 13.48180594 118.71 0.0 0.0 0.0
0 4.11662763 30.26214627 17.55027399 78.971 0.0 0.0 0.0
0 7.39951379 32.34919084 21.69966093 78.971 0.0 0.0 0.0
0 1.64144308 32.34919084 19.73082593 78.971 0.0 0.0 0.0
0 9.87469834 30.26214627 19.51910899 78.971 0.0 0.0 0.0
1 7.1247033 30.26214627 19.22647316 118.71 0.0 0.0 0.0
1 4.39143812 32.34919084 20.02346176 118.71 0.0 0.0 0.0
1 10.14950883 32.34919084 21.4070251 118.71 0.0 0.0 0.0
1 1.36663259 30.26214627 17.84290982 118.71 0.0 0.0 0.0
0 4.11662763 30.26214627 21.91137787 78.971 0.0 0.0 0.0
0 7.39951379 32.34919084 26.06076481 78.971 0.0 0.0 0.0
0 1.64144308 32.34919084 24.09192981 78.971 0.0 0.0 0.0
0 9.87469834 30.26214627 23.88021287 78.971 0.0 0.0 0.0
1 7.1247033 30.26214627 23.58757704 118.71 0.0 0.0 0.0
1 4.39143812 32.34919084 24.38456564 118.71 0.0 0.0 0.0
1 10.14950883 32.34919084 25.76812898 118.71 0.0 0.0 0.0
1 1.36663259 30.26214627 22.2040137 118.71 0.0 0.0 0.0
0 4.11662763 30.26214627 26.27248175 78.971 0.0 0.0 0.0
0 7.39951379 32.34919084 30.42186869 78.971 0.0 0.0 0.0
0 1.64144308 32.34919084 28.45303369 78.971 0.0 0.0 0.0
0 9.87469834 30.26214627 28.24131675 78.971 0.0 0.0 0.0
1 7.1247033 30.26214627 27.94868092 118.71 0.0 0.0 0.0
1 4.39143812 32.34919084 28.74566952 118.71 0.0 0.0 0.0
1 10.14950883 32.34919084 30.12923286 118.71 0.0 0.0 0.0
1 1.36663259 30.26214627 26.56511758 118.71 0.0 0.0 0.0
0 4.11662763 30.26214627 30.63358563 78.971 0.0 0.0 0.0
0 7.39951379 32.34919084 34.78297257 78.971 0.0 0.0 0.0
0 1.64144308 32.34919084 32.81413757 78.971 0.0 0.0 0.0
0 9.87469834 30.26214627 32.60242063 78.971 0.0 0.0 0.0
1 7.1247033 30.26214627 32.3097848 118.71 0.0 0.0 0.0
1 4.39143812 32.34919084 33.1067734 118.71 0.0 0.0 0.0
1 10.14950883 32.34919084 34.49033674 118.71 0.0 0.0 0.0
1 1.36663259 30.26214627 30.92622146 118.71 0.0 0.0 0.0
0 4.11662763 30.26214627 34.99468951 78.971 0.0 0.0 0.0
0 7.39951379 32.34919084 39.14407645 78.971 0.0 0.0 0.0
0 1.64144308 32.34919084 37.17524145 78.971 0.0 0.0 0.0
0 9.87469834 30.26214627 36.96352451 78.971 0.0 0.0 0.0
1 7.1247033 30.26214627 36.67088868 118.71 0.0 0.0 0.0
1 4.39143812 32.34919084 37.46787728 118.71 0.0 0.0 0.0
1 10.14950883 32.34919084 38.85144062 118.71 0.0 0.0 0.0
1 1.36663259 30.26214627 35.28732534 118.71 0.0 0.0 0.0
0 4.11662763 30.26214627 39.35579339 78.971 0.0 0.0 0.0
0 7.39951379 32.34919084 43.50518033 78.971 0.0 0.0 0.0
0 1.64144308 32.34919084 41.53634533 78.971 0.0 0.0 0.0
0 9.87469834 30.26214627 41.32462839 78.971 0.0 0.0 0.0
1 7.1247033 30.26214627 41.03199256 118.71 0.0 0.0 0.0
1 4.39143812 32.34919084 41.82898116 118.71 0.0 0.0 0.0
1 10.14950883 32.34919084 43.2125445 118.71 0.0 0.0 0.0
1 1.36663259 30.26214627 39.64842922 118.71 0.0 0.0 0.0
0 4.11662763 30.26214627 43.71689727 78.971 0.0 0.0 0.0
0 7.39951379 32.34919084 47.86628421 78.971 0.0 0.0 0.0
0 1.64144308 32.34919084 45.89744921 78.971 0.0 0.0 0.0
0 9.87469834 30.26214627 45.68573227 78.971 0.0 0.0 0.0
1 7.1247033 30.26214627 45.39309644 118.71 0.0 0.0 0.0
1 4.39143812 32.34919084 46.19008504 118.71 0.0 0.0 0.0
1 10.14950883 32.34919084 47.57364838 118.71 0.0 0.0 0.0
1 1.36663259 30.26214627 44.0095331 118.71 0.0 0.0 0.0
0 4.11662763 34.43623541 0.10585847 78.971 0.0 0.0 0.0
0 7.39951379 36.52327998 4.25524541 78.971 0.0 0.0 0.0
0 1.64144308 36.52327998 2.28641041 78.971 0.0 0.0 0.0
0 9.87469834 34.43623541 2.07469347 78.971 0.0 0.0 0.0
1 7.1247033 34.43623541 1.78205764 118.71 0.0 0.0 0.0
1 4.39143812 36.52327998 2.57904624 118.71 0.0 0.0 0.0
1 10.14950883 36.52327998 3.96260958 118.71 0.0 0.0 0.0
1 1.36663259 34.43623541 0.3984943 118.71 0.0 0.0 0.0
0 4.11662763 34.43623541 4.46696235 78.971 0.0 0.0 0.0
0 7.39951379 36.52327998 8.61634929 78.971 0.0 0.0 0.0
0 1.64144308 36.52327998 6.64751429 78.971 0.0 0.0 0.0
0 9.87469834 34.43623541 6.43579735 78.971 0.0 0.0 0.0
1 7.1247033 34.43623541 6.14316152 118.71 0.0 0.0 0.0
1 4.39143812 36.52327998 6.94015012 118.71 0.0 0.0 0.0
1 10.14950883 36.52327998 8.32371346 118.71 0.0 0.0 0.0
1 1.36663259 34.43623541 4.75959818 118.71 0.0 0.0 0.0
0 4.11662763 34.43623541 8.82806623 78.971 0.0 0.0 0.0
0 7.39951379 36.52327998 12.97745317 78.971 0.0 0.0 0.0
0 1.64144308 36.52327998 11.00861817 78.971 0.0 0.0 0.0
0 9.87469834 34.43623541 10.79690123 78.971 0.0 0.0 0.0
1 7.1247033 34.43623541 10.5042654 118.71 0.0 0.0 0.0
1 4.39143812 36.52327998 11.301254 118.71 0.0 0.0 0.0
1 10.14950883 36.52327998 12.68481734 118.71 0.0 0.0 0.0
1 1.36663259 34.43623541 9.12070206 118.71 0.0 0.0 0.0
0 4.11662763 34.43623541 13.18917011 78.971 0.0 0.0 0.0
0 7.39951379 36.52327998 17.33855705 78.971 0.0 0.0 0.0
0 1.64144308 36.52327998 15.36972205 78.971 0.0 0.0 0.0
0 9.87469834 34.43623541 15.15800511 78.971 0.0 0.0 0.0
1 7.1247033 34.43623541 14.86536928 118.71 0.0 0.0 0.0
1 4.39143812 36.52327998 15.66235788 118.71 0.0 0.0 0.0
1 10.14950883 36.52327998 17.04592122 118.71 0.0 0.0 0.0
1 1.36663259 34.43623541 13.48180594 118.71 0.0 0.0 0.0
0 4.11662763 34.43623541 17.55027399 78.971 0.0 0.0 0.0
0 7.39951379 36.52327998 21.69966093 78.971 0.0 0.0 0.0
0 1.64144308 36.52327998 19.73082593 78.971 0.0 0.0 0.0
0 9.87469834 34.43623541 19.51910899 78.971 0.0 0.0 0.0
1 7.1247033 34.43623541 19.22647316 118.71 0.0 0.0 0.0
1 4.39143812 36.52327998 20.02346176 118.71 0.0 0.0 0.0
1 10.14950883 36.52327998 21.4070251 118.71 0.0 0.0 0.0
1 1.36663259 34.43623541 17.84290982 118.71 0.0 0.0 0.0
0 4.11662763 34.43623541 21.91137787 78.971 0.0 0.0 0.0
0 7.39951379 36.52327998 26.06076481 78.971 0.0 0.0 0.0
0 1.64144308 36.52327998 24.09192981 78.971 0.0 0.0 0.0
0 9.87469834 34.43623541 23.88021287 78.971 0.0 0.0 0.0
1 7.1247033 34.43623541 23.58757704 118.71 0.0 0.0 0.0
1 4.39143812 36.52327998 24.38456564 118.71 0.0 0.0 0.0
1 10.14950883 36.52327998 25.76812898 118.71 0.0 0.0 0.0
1 1.36663259 34.43623541 22.2040137 118.71 0.0 0.0 0.0
0 4.11662763 34.43623541 26.27248175 78.971 0.0 0.0 0.0
0 7.39951379 36.52327998 30.42186869 78.971 0.0 0.0 0.0
0 1.64144308 36.52327998 28.45303369 78.971 0.0 0.0 0.0
0 9.87469834 34.43623541 28.24131675 78.971 0.0 0.0 0.0
1 7.1247033 34.43623541 27.94868092 118.71 0.0 0.0 0.0
1 4.39143812 36.52327998 28.74566952 118.71 0.0 0.0 0.0
1 10.14950883 36.52327998 30.12923286 118.71 0.0 0.0 0.0
1 1.36663259 34.43623541 26.56511758 118.71 0.0 0.0 0.0
0 4.11662763 34.43623541 30.63358563 78.971 0.0 0.0 0.0
0 7.39951379 36.52327998 34.78297257 78.971 0.0 0.0 0.0
0 1.64144308 36.52327998 32.81413757 78.971 0.0 0.0 0.0
0 9.87469834 34.43623541 32.60242063 78.971 0.0 0.0 0.0
1 7.1247033 34.43623541 32.3097848 118.71 0.0 0.0 0.0
1 4.39143812 36.52327998 33.1067734 118.71 0.0 0.0 0.0
1 10.14950883 36.52327998 34.49033674 118.71 0.0 0.0 0.0
1 1.36663259 34.43623541 30.92622146 118.71 0.0 0.0 0.0
0 4.11662763 34.43623541 34.99468951 78.971 0.0 0.0 0.0
0 7.39951379 36.52327998 39.14407645 78.971 0.0 0.0 0.0
0 1.64144308 36.52327998 37.17524145 78.971 0.0 0.0 0.0
0 9.87469834 34.43623541 36.96352451 78.971 0.0 0.0 0.0
1 7.1247033 34.43623541 36.67088868 118.71 0.0 0.0 0.0
1 4.39143812 36.52327998 37.46787728 118.71 0.0 0.0 0.0
1 10.14950883 36.52327998 38.85144062 118.71 0.0 0.0 0.0
1 1.36663259 34.43623541 35.28732534 118.71 0.0 0.0 0.0
0 4.11662763 34.43623541 39.35579339 78.971 0.0 0.0 0.0
0 7.39951379 36.52327998 43.50518033 78.971 0.0 0.0 0.0
0 1.64144308 36.52327998 41.53634533 78.971 0.0 0.0 0.0
0 9.87469834 34.43623541 41.32462839 78.971 0.0 0.0 0.0
1 7.1247033 34.43623541 41.03199256 118.71 0.0 0.0 0.0
1 4.39143812 36.52327998 41.82898116 118.71 0.0 0.0 0.0
1 10.14950883 36.52327998 43.2125445 118.71 0.0 0.0 0.0
1 1.36663259 34.43623541 39.64842922 118.71 0.0 0.0 0.0
0 4.11662763 34.43623541 43.71689727 78.971 0.0 0.0 0.0
0 7.39951379 36.52327998 47.86628421 78.971 0.0 0.0 0.0
0 1.64144308 36.52327998 45.89744921 78.971 0.0 0.0 0.0
0 9.87469834 34.43623541 45.68573227 78.971 0.0 0.0 0.0
1 7.1247033 34.43623541 45.39309644 118.71 0.0 0.0 0.0
1 4.39143812 36.52327998 46.19008504 118.71 0.0 0.0 0.0
1 10.14950883 36.52327998 47.57364838 118.71 0.0 0.0 0.0
1 1.36663259 34.43623541 44.0095331 118.71 0.0 0.0 0.0
0 4.11662763 38.61032455 0.10585847 78.971 0.0 0.0 0.0
0 7.39951379 40.69736912 4.25524541 78.971 0.0 0.0 0.0
0 1.64144308 40.69736912 2.28641041 78.971 0.0 0.0 0.0
0 9.87469834 38.61032455 2.07469347 78.971 0.0 0.0 0.0
1 7.1247033 38.61032455 1.78205764 118.71 0.0 0.0 0.0
1 4.39143812 40.69736912 2.57904624 118.71 0.0 0.0 0.0
1 10.14950883 40.69736912 3.96260958 118.71 0.0 0.0 0.0
1 1.36663259 38.61032455 0.3984943 118.71 0.0 0.0 0.0
0 4.11662763 38.61032455 4.46696235 78.971 0.0 0.0 0.0
0 7.39951379 40.69736912 8.61634929 78.971 0.0 0.0 0.0
0 1.64144308 40.69736912 6.64751429 78.971 0.0 0.0 0.0
0 9.87469834 38.61032455 6.43579735 78.971 0.0 0.0 0.0
1 7.1247033 38.61032455 6.14316152 118.71 0.0 0.0 0.0
1 4.39143812 40.69736912 6.94015012 118.71 0.0 0.0 0.0
1 10.14950883 40.69736912 8.32371346 118.71 0.0 0.0 0.0
1 1.36663259 38.61032455 4.75959818 118.71 0.0 0.0 0.0
0 4.11662763 38.61032455 8.82806623 78.971 0.0 0.0 0.0
0 7.39951379 40.69736912 12.97745317 78.971 0.0 0.0 0.0
0 1.64144308 40.69736912 11.00861817 78.971 0.0 0.0 0.0
0 9.87469834 38.61032455 10.79690123 78.971 0.0 0.0 0.0
1 7.1247033 38.61032455 10.5042654 118.71 0.0 0.0 0.0
1 4.39143812 40.69736912 11.301254 118.71 0.0 0.0 0.0
1 10.14950883 40.69736912 12.68481734 118.71 0.0 0.0 0.0
1 1.36663259 38.61032455 9.12070206 118.71 0.0 0.0 0.0
0 4.11662763 38.61032455 13.18917011 78.971 0.0 0.0 0.0
0 7.39951379 40.69736912 17.33855705 78.971 0.0 0.0 0.0
0 1.64144308 40.69736912 15.36972205 78.971 0.0 0.0 0.0
0 9.87469834 38.61032455 15.15800511 78.971 0.0 0.0 0.0
1 7.1247033 38.61032455 14.86536928 118.71 0.0 0.0 0.0
1 4.39143812 40.69736912 15.66235788 118.71 0.0 0.0 0.0
1 10.14950883 40.69736912 17.04592122 118.71 0.0 0.0 0.0
1 1.36663259 38.61032455 13.48180594 118.71 0.0 0.0 0.0
0 4.11662763 38.61032455 17.55027399 78.971 0.0 0.0 0.0
0 7.39951379 40.69736912 21.69966093 78.971 0.0 0.0 0.0
0 1.64144308 40.69736912 19.73082593 78.971 0.0 0.0 0.0
0 9.87469834 38.61032455 19.51910899 78.971 0.0 0.0 0.0
1 7.1247033 38.61032455 19.22647316 118.71 0.0 0.0 0.0
1 4.39143812 40.69736912 20.02346176 118.71 0.0 0.0 0.0
1 10.14950883 40.69736912 21.4070251 118.71 0.0 0.0 0.0
1 1.36663259 38.61032455 17.84290982 118.71 0.0 0.0 0.0
0 4.11662763 38.61032455 21.91137787 78.971 0.0 0.0 0.0
0 7.39951379 40.69736912 26.06076481 78.971 0.0 0.0 0.0
0 1.64144308 40.69736912 24.09192981 78.971 0.0 0.0 0.0
0 9.87469834 38.61032455 23.88021287 78.971 0.0 0.0 0.0
1 7.1247033 38.61032455 23.58757704 118.71 0.0 0.0 0.0
1 4.39143812 40.69736912 24.38456564 118.71 0.0 0.0 0.0
1 10.14950883 40.69736912 25.76812898 118.71 0.0 0.0 0.0
1 1.36663259 38.61032455 22.2040137 118.71 0.0 0.0 0.0
0 4.11662763 38.61032455 26.27248175 78.971 0.0 0.0 0.0
0 7.39951379 40.69736912 30.42186869 78.971 0.0 0.0 0.0
0 1.64144308 40.69736912 28.45303369 78.971 0.0 0.0 0.0
0 9.87469834 38.61032455 28.24131675 78.971 0.0 0.0 0.0
1 7.1247033 38.61032455 27.94868092 118.71 0.0 0.0 0.0
1 4.39143812 40.69736912 28.74566952 118.71 0.0 0.0 0.0
1 10.14950883 40.69736912 30.12923286 118.71 0.0 0.0 0.0
1 1.36663259 38.61032455 26.56511758 118.71 0.0 0.0 0.0
0 4.11662763 38.61032455 30.63358563 78.971 0.0 0.0 0.0
0 7.39951379 40.69736912 34.78297257 78.971 0.0 0.0 0.0
0 1.64144308 40.69736912 32.81413757 78.971 0.0 0.0 0.0
0 9.87469834 38.61032455 32.60242063 78.971 0.0 0.0 0.0
1 7.1247033 38.61032455 32.3097848 118.71 0.0 0.0 0.0
1 4.39143812 40.69736912 33.1067734 118.71 0.0 0.0 0.0
1 10.14950883 40.69736912 34.49033674 118.71 0.0 0.0 0.0
1 1.36663259 38.61032455 30.92622146 118.71 0.0 0.0 0.0
0 4.11662763 38.61032455 34.99468951 78.971 0.0 0.0 0.0
0 7.39951379 40.69736912 39.14407645 78.971 0.0 0.0 0.0
0 1.64144308 40.69736912 37.17524145 78.971 0.0 0.0 0.0
0 9.87469834 38.61032455 36.96352451 78.971 0.0 0.0 0.0
1 7.1247033 38.61032455 36.67088868 118.71 0.0 0.0 0.0
1 4.39143812 40.69736912 37.46787728 118.71 0.0 0.0 0.0
1 10.14950883 40.69736912 38.85144062 118.71 0.0 0.0 0.0
1 1.36663259 38.61032455 35.28732534 118.71 0.0 0.0 0.0
0 4.11662763 38.61032455 39.35579339 78.971 0.0 0.0 0.0
0 7.39951379 40.69736912 43.50518033 78.971 0.0 0.0 0.0
0 1.64144308 40.69736912 41.53634533 78.971 0.0 0.0 0.0
0 9.87469834 38.61032455 41.32462839 78.971 0.0 0.0 0.0
1 7.1247033 38.61032455 41.03199256 118.71 0.0 0.0 0.0
1 4.39143812 40.69736912 41.82898116 118.71 0.0 0.0 0.0
1 10.14950883 40.69736912 43.2125445 118.71 0.0 0.0 0.0
1 1.36663259 38.61032455 39.64842922 118.71 0.0 0.0 0.0
0 4.11662763 38.61032455 43.71689727 78.971 0.0 0.0 0.0
0 7.39951379 40.69736912 47.86628421 78.971 0.0 0.0 0.0
0 1.64144308 40.69736912 45.89744921 78.971 0.0 0.0 0.0
0 9.87469834 38.61032455 45.68573227 78.971 0.0 0.0 0.0
1 7.1247033 38.61032455 45.39309644 118.71 0.0 0.0 0.0
1 4.39143812 40.69736912 46.19008504 118.71 0.0 0.0 0.0
1 10.14950883 40.69736912 47.57364838 118.71 0.0 0.0 0.0
1 1.36663259 38.61032455 44.0095331 118.71 0.0 0.0 0.0
0 4.11662763 42.78441369 0.10585847 78.971 0.0 0.0 0.0
0 7.39951379 44.87145826 4.25524541 78.971 0.0 0.0 0.0
0 1.64144308 44.87145826 2.28641041 78.971 0.0 0.0 0.0
0 9.87469834 42.78441369 2.07469347 78.971 0.0 0.0 0.0
1 7.1247033 42.78441369 1.78205764 118.71 0.0 0.0 0.0
1 4.39143812 44.87145826 2.57904624 118.71 0.0 0.0 0.0
1 10.14950883 44.87145826 3.96260958 118.71 0.0 0.0 0.0
1 1.36663259 42.78441369 0.3984943 118.71 0.0 0.0 0.0
0 4.11662763 42.78441369 4.46696235 78.971 0.0 0.0 0.0
0 7.39951379 44.87145826 8.61634929 78.971 0.0 0.0 0.0
0 1.64144308 44.87145826 6.64751429 78.971 0.0 0.0 0.0
0 9.87469834 42.78441369 6.43579735 78.971 0.0 0.0 0.0
1 7.1247033 42.78441369 6.14316152 118.71 0.0 0.0 0.0
1 4.39143812 44.87145826 6.94015012 118.71 0.0 0.0 0.0
1 10.14950883 44.87145826 8.32371346 118.71 0.0 0.0 0.0
1 1.36663259 42.78441369 4.75959818 118.71 0.0 0.0 0.0
0 4.11662763 42.78441369 8.82806623 78.971 0.0 0.0 0.0
0 7.39951379 44.87145826 12.97745317 78.971 0.0 0.0 0.0
0 1.64144308 44.87145826 11.00861817 78.971 0.0 0.0 0.0
0 9.87469834 42.78441369 10.79690123 78.971 0.0 0.0 0.0
1 7.1247033 42.78441369 10.5042654 118.71 0.0 0.0 0.0
1 4.39143812 44.87145826 11.301254 118.71 0.0 0.0 0.0
1 10.14950883 44.87145826 12.68481734 118.71 0.0 0.0 0.0
1 1.36663259 42.78441369 9.12070206 118.71 0.0 0.0 0.0
0 4.11662763 42.78441369 13.18917011 78.971 0.0 0.0 0.0
0 7.39951379 44.87145826 17.33855705 78.971 0.0 0.0 0.0
0 1.64144308 44.87145826 15.36972205 78.971 0.0 0.0 0.0
0 9.87469834 42.78441369 15.15800511 78.971 0.0 0.0 0.0
1 7.1247033 42.78441369 14.86536928 118.71 0.0 0.0 0.0
1 4.39143812 44.87145826 15.66235788 118.71 0.0 0.0 0.0
1 10.14950883 44.87145826 17.04592122 118.71 0.0 0.0 0.0
1 1.36663259 42.78441369 13.48180594 118.71 0.0 0.0 0.0
0 4.11662763 42.78441369 17.55027399 78.971 0.0 0.0 0.0
0 7.39951379 44.87145826 21.69966093 78.971 0.0 0.0 0.0
0 1.64144308 44.87145826 19.73082593 78.971 0.0 0.0 0.0
0 9.87469834 42.78441369 19.51910899 78.971 0.0 0.0 0.0
1 7.1247033 42.78441369 19.22647316 118.71 0.0 0.0 0.0
1 4.39143812 44.87145826 20.02346176 118.71 0.0 0.0 0.0
1 10.14950883 44.87145826 21.4070251 118.71 0.0 0.0 0.0
1 1.36663259 42.78441369 17.84290982 118.71 0.0 0.0 0.0
0 4.11662763 42.78441369 21.91137787 78.971 0.0 0.0 0.0
0 7.39951379 44.87145826 26.06076481 78.971 0.0 0.0 0.0
0 1.64144308 44.87145826 24.09192981 78.971 0.0 0.0 0.0
0 9.87469834 42.78441369 23.88021287 78.971 0.0 0.0 0.0
1 7.1247033 42.78441369 23.58757704 118.71 0.0 0.0 0.0
1 4.39143812 44.87145826 24.38456564 118.71 0.0 0.0 0.0
1 10.14950883 44.87145826 25.76812898 118.71 0.0 0.0 0.0
1 1.36663259 42.78441369 22.2040137 118.71 0.0 0.0 0.0
0 4.11662763 42.78441369 26.27248175 78.971 0.0 0.0 0.0
0 7.39951379 44.87145826 30.42186869 78.971 0.0 0.0 0.0
0 1.64144308 44.87145826 28.45303369 78.971 0.0 0.0 0.0
0 9.87469834 42.78441369 28.24131675 78.971 0.0 0.0 0.0
1 7.1247033 42.78441369 27.94868092 118.71 0.0 0.0 0.0
1 4.39143812 44.87145826 28.74566952 118.71 0.0 0.0 0.0
1 10.14950883 44.87145826 30.12923286 118.71 0.0 0.0 0.0
1 1.36663259 42.78441369 26.56511758 118.71 0.0 0.0 0.0
0 4.11662763 42.78441369 30.63358563 78.971 0.0 0.0 0.0
0 7.39951379 44.87145826 34.78297257 78.971 0.0 0.0 0.0
0 1.64144308 44.87145826 32.81413757 78.971 0.0 0.0 0.0
0 9.87469834 42.78441369 32.60242063 78.971 0.0 0.0 0.0
1 7.1247033 42.78441369 32.3097848 118.71 0.0 0.0 0.0
1 4.39143812 44.87145826 33.1067734 118.71 0.0 0.0 0.0
1 10.14950883 44.87145826 34.49033674 118.71 0.0 0.0 0.0
1 1.36663259 42.78441369 30.92622146 118.71 0.0 0.0 0.0
0 4.11662763 42.78441369 34.99468951 78.971 0.0 0.0 0.0
0 7.39951379 44.87145826 39.14407645 78.971 0.0 0.0 0.0
0 1.64144308 44.87145826 37.17524145 78.971 0.0 0.0 0.0
0 9.87469834 42.78441369 36.96352451 78.971 0.0 0.0 0.0
1 7.1247033 42.78441369 36.67088868 118.71 0.0 0.0 0.0
1 4.39143812 44.87145826 37.46787728 118.71 0.0 0.0 0.0
1 10.14950883 44.87145826 38.85144062 118.71 0.0 0.0 0.0
1 1.36663259 42.78441369 35.28732534 118.71 0.0 0.0 0.0
0 4.11662763 42.78441369 39.35579339 78.971 0.0 0.0 0.0
0 7.39951379 44.87145826 43.50518033 78.971 0.0 0.0 0.0
0 1.64144308 44.87145826 41.53634533 78.971 0.0 0.0 0.0
0 9.87469834 42.78441369 41.32462839 78.971 0.0 0.0 0.0
1 7.1247033 42.78441369 41.03199256 118.71 0.0 0.0 0.0
1 4.39143812 44.87145826 41.82898116 118.71 0.0 0.0 0.0
1 10.14950883 44.87145826 43.2125445 118.71 0.0 0.0 0.0
1 1.36663259 42.78441369 39.64842922 118.71 0.0 0.0 0.0
0 4.11662763 42.78441369 43.71689727 78.971 0.0 0.0 0.0
0 7.39951379 44.87145826 47.86628421 78.971 0.0 0.0 0.0
0 1.64144308 44.87145826 45.89744921 78.971 0.0 0.0 0.0
0 9.87469834 42.78441369 45.68573227 78.971 0.0 0.0 0.0
1 7.1247033 42.78441369 45.39309644 118.71 0.0 0.0 0.0
1 4.39143812 44.87145826 46.19008504 118.71 0.0 0.0 0.0
1 10.14950883 44.87145826 47.57364838 118.71 0.0 0.0 0.0
1 1.36663259 42.78441369 44.0095331 118.71 0.0 0.0 0.0
0 15.63276905 1.04352229 0.10585847 78.971 0.0 0.0 0.0
0 18.91565521 3.13056686 4.25524541 78.971 0.0 0.0 0.0
0 13.1575845 3.13056686 2.28641041 78.971 0.0 0.0 0.0
0 21.39083976 1.04352229 2.07469347 78.971 0.0 0.0 0.0
1 18.64084472 1.04352229 1.78205764 118.71 0.0 0.0 0.0
1 15.90757954 3.13056686 2.57904624 118.71 0.0 0.0 0.0
1 21.66565025 3.13056686 3.96260958 118.71 0.0 0.0 0.0
1 12.88277401 1.04352229 0.3984943 118.71 0.0 0.0 0.0
0 15.63276905 1.04352229 4.46696235 78.971 0.0 0.0 0.0
0 18.91565521 3.13056686 8.61634929 78.971 0.0 0.0 0.0
0 13.1575845 3.13056686 6.64751429 78.971 0.0 0.0 0.0
0 21.39083976 1.04352229 6.43579735 78.971 0.0 0.0 0.0
1 18.64084472 1.04352229 6.14316152 118.71 0.0 0.0 0.0
1 15.90757954 3.13056686 6.94015012 118.71 0.0 0.0 0.0
1 21.66565025 3.13056686 8.32371346 118.71 0.0 0.0 0.0
1 12.88277401 1.04352229 4.75959818 118.71 0.0 0.0 0.0
0 15.63276905 1.04352229 8.82806623 78.971 0.0 0.0 0.0
0 18.91565521 3.13056686 12.97745317 78.971 0.0 0.0 0.0
0 13.1575845 3.13056686 11.00861817 78.971 0.0 0.0 0.0
0 21.39083976 1.04352229 10.79690123 78.971 0.0 0.0 0.0
1 18.64084472 1.04352229 10.5042654 118.71 0.0 0.0 0.0
1 15.90757954 3.13056686 11.301254 118.71 0.0 0.0 0.0
1 21.66565025 3.13056686 12.68481734 118.71 0.0 0.0 0.0
1 12.88277401 1.04352229 9.12070206 118.71 0.0 0.0 0.0
0 15.63276905 1.04352229 13.18917011 78.971 0.0 0.0 0.0
0 18.91565521 3.13056686 17.33855705 78.971 0.0 0.0 0.0
0 13.1575845 3.13056686 15.36972205 78.971 0.0 0.0 0.0
0 21.39083976 1.04352229 15.15800511 78.971 0.0 0.0 0.0
1 18.64084472 1.04352229 14.86536928 118.71 0.0 0.0 0.0
1 15.90757954 3.13056686 15.66235788 118.71 0.0 0.0 0.0
1 21.66565025 3.13056686 17.04592122 118.71 0.0 0.0 0.0
1 12.88277401 1.04352229 13.48180594 118.71 0.0 0.0 0.0
0 15.63276905 1.04352229 17.55027399 78.971 0.0 0.0 0.0
0 18.91565521 3.13056686 21.69966093 78.971 0.0 0.0 0.0
0 13.1575845 3.13056686 19.73082593 78.971 0.0 0.0 0.0
0 21.39083976 1.04352229 19.51910899 78.971 0.0 0.0 0.0
1 18.64084472 1.04352229 19.22647316 118.71 0.0 0.0 0.0
1 15.90757954 3.13056686 20.02346176 118.71 0.0 0.0 0.0
1 21.66565025 3.13056686 21.4070251 118.71 0.0 0.0 0.0
1 12.88277401 1.04352229 17.84290982 118.71 0.0 0.0 0.0
0 15.63276905 1.04352229 21.91137787 78.971 0.0 0.0 0.0
0 18.91565521 3.13056686 26.06076481 78.971 0.0 0.0 0.0
0 13.1575845 3.13056686 24.09192981 78.971 0.0 0.0 0.0
0 21.39083976 1.04352229 23.88021287 78.971 0.0 0.0 0.0
1 18.64084472 1.04352229 23.58757704 118.71 0.0 0.0 0.0
1 15.90757954 3.13056686 24.38456564 118.71 0.0 0.0 0.0
1 21.66565025 3.13056686 25.76812898 118.71 0.0 0.0 0.0
1 12.88277401 1.04352229 22.2040137 118.71 0.0 0.0 0.0
0 15.63276905 1.04352229 26.27248175 78.971 0.0 0.0 0.0
0 18.91565521 3.13056686 30.42186869 78.971 0.0 0.0 0.0
0 13.1575845 3.13056686 28.45303369 78.971 0.0 0.0 0.0
0 21.39083976 1.04352229 28.24131675 78.971 0.0 0.0 0.0
1 18.64084472 1.04352229 27.94868092 118.71 0.0 0.0 0.0
1 15.90757954 3.13056686 28.74566952 118.71 0.0 0.0 0.0
1 21.66565025 3.13056686 30.12923286 118.71 0.0 0.0 0.0
1 12.88277401 1.04352229 26.56511758 118.71 0.0 0.0 0.0
0 15.63276905 1.04352229 30.63358563 78.971 0.0 0.0 0.0
0 18.91565521 3.13056686 34.78297257 78.971 0.0 0.0 0.0
0 13.1575845 3.13056686 32.81413757 78.971 0.0 0.0 0.0
0 21.39083976 1.04352229 32.60242063 78.971 0.0 0.0 0.0
1 18.64084472 1.04352229 32.3097848 118.71 0.0 0.0 0.0
1 15.90757954 3.13056686 33.1067734 118.71 0.0 0.0 0.0
1 21.66565025 3.13056686 34.49033674 118.71 0.0 0.0 0.0
1 12.88277401 1.04352229 30.92622146 118.71 0.0 0.0 0.0
0 15.63276905 1.04352229 34.99468951 78.971 0.0 0.0 0.0
0 18.91565521 3.13056686 39.14407645 78.971 0.0 0.0 0.0
0 13.1575845 3.13056686 37.17524145 78.971 0.0 0.0 0.0
0 21.39083976 1.04352229 36.96352451 78.971 0.0 0.0 0.0
1 18.64084472 1.04352229 36.67088868 118.71 0.0 0.0 0.0
1 15.90757954 3.13056686 37.46787728 118.71 0.0 0.0 0.0
1 21.66565025 3.13056686 38.85144062 118.71 0.0 0.0 0.0
1 12.88277401 1.04352229 35.28732534 118.71 0.0 0.0 0.0
0 15.63276905 1.04352229 39.35579339 78.971 0.0 0.0 0.0
0 18.91565521 3.13056686 43.50518033 78.971 0.0 0.0 0.0
0 13.1575845 3.13056686 41.53634533 78.971 0.0 0.0 0.0
0 21.39083976 1.04352229 41.32462839 78.971 0.0 0.0 0.0
1 18.64084472 1.04352229 41.03199256 118.71 0.0 0.0 0.0
1 15.90757954 3.13056686 41.82898116 118.71 0.0 0.0 0.0
1 21.66565025 3.13056686 43.2125445 118.71 0.0 0.0 0.0
1 12.88277401 1.04352229 39.64842922 118.71 0.0 0.0 0.0
0 15.63276905 1.04352229 43.71689727 78.971 0.0 0.0 0.0
0 18.91565521 3.13056686 47.86628421 78.971 0.0 0.0 0.0
0 13.1575845 3.13056686 45.89744921 78.971 0.0 0.0 0.0
0 21.39083976 1.04352229 45.68573227 78.971 0.0 0.0 0.0
1 18.64084472 1.04352229 45.39309644 118.71 0.0 0.0 0.0
1 15.90757954 3.13056686 46.19008504 118.71 0.0 0.0 0.0
1 21.66565025 3.13056686 47.57364838 118.71 0.0 0.0 0.0
1 12.88277401 1.04352229 44.0095331 118.71 0.0 0.0 0.0
0 15.63276905 5.21761143 0.10585847 78.971 0.0 0.0 0.0
0 18.91565521 7.304656 4.25524541 78.971 0.0 0.0 0.0
0 13.1575845 7.304656 2.28641041 78.971 0.0 0.0 0.0
0 21.39083976 5.21761143 2.07469347 78.971 0.0 0.0 0.0
1 18.64084472 5.21761143 1.78205764 118.71 0.0 0.0 0.0
1 15.90757954 7.304656 2.57904624 118.71 0.0 0.0 0.0
1 21.66565025 7.304656 3.96260958 118.71 0.0 0.0 0.0
1 12.88277401 5.21761143 0.3984943 118.71 0.0 0.0 0.0
0 15.63276905 5.21761143 4.46696235 78.971 0.0 0.0 0.0
0 18.91565521 7.304656 8.61634929 78.971 0.0 0.0 0.0
0 13.1575845 7.304656 6.64751429 78.971 0.0 0.0 0.0
0 21.39083976 5.21761143 6.43579735 78.971 0.0 0.0 0.0
1 18.64084472 5.21761143 6.14316152 118.71 0.0 0.0 0.0
1 15.90757954 7.304656 6.94015012 118.71 0.0 0.0 0.0
1 21.66565025 7.304656 8.32371346 118.71 0.0 0.0 0.0
1 12.88277401 5.21761143 4.75959818 118.71 0.0 0.0 0.0
0 15.63276905 5.21761143 8.82806623 78.971 0.0 0.0 0.0
0 18.91565521 7.304656 12.97745317 78.971 0.0 0.0 0.0
0 13.1575845 7.304656 11.00861817 78.971 0.0 0.0 0.0
0 21.39083976 5.21761143 10.79690123 78.971 0.0 0.0 0.0
1 18.64084472 5.21761143 10.5042654 118.71 0.0 0.0 0.0
1 15.90757954 7.304656 11.301254 118.71 0.0 0.0 0.0
1 21.66565025 7.304656 12.68481734 118.71 0.0 0.0 0.0
1 12.88277401 5.21761143 9.12070206 118.71 0.0 0.0 0.0
0 15.63276905 5.21761143 13.18917011 78.971 0.0 0.0 0.0
0 18.91565521 7.304656 17.33855705 78.971 0.0 0.0 0.0
0 13.1575845 7.304656 15.36972205 78.971 0.0 0.0 0.0
0 21.39083976 5.21761143 15.15800511 78.971 0.0 0.0 0.0
1 18.64084472 5.21761143 14.86536928 118.71 0.0 0.0 0.0
1 15.90757954 7.304656 15.66235788 118.71 0.0 0.0 0.0
1 21.66565025 7.304656 17.04592122 118.71 0.0 0.0 0.0
1 12.88277401 5.21761143 13.48180594 118.71 0.0 0.0 0.0
0 15.63276905 5.21761143 17.55027399 78.971 0.0 0.0 0.0
0 18.91565521 7.304656 21.69966093 78.971 0.0 0.0 0.0
0 13.1575845 7.304656 19.73082593 78.971 0.0 0.0 0.0
0 21.39083976 5.21761143 19.51910899 78.971 0.0 0.0 0.0
1 18.64084472 5.21761143 19.22647316 118.71 0.0 0.0 0.0
1 15.90757954 7.304656 20.02346176 118.71 0.0 0.0 0.0
1 21.66565025 7.304656 21.4070251 118.71 0.0 0.0 0.0
1 12.88277401 5.21761143 17.84290982 118.71 0.0 0.0 0.0
0 15.63276905 5.21761143 21.91137787 78.971 0.0 0.0 0.0
0 18.91565521 7.304656 26.06076481 78.971 0.0 0.0 0.0
0 13.1575845 7.304656 24.09192981 78.971 0.0 0.0 0.0
0 21.39083976 5.21761143 23.88021287 78.971 0.0 0.0 0.0
1 18.64084472 5.21761143 23.58757704 118.71 0.0 0.0 0.0
1 15.90757954 7.304656 24.38456564 118.71 0.0 0.0 0.0
1 21.66565025 7.304656 25.76812898 118.71 0.0 0.0 0.0
1 12.88277401 5.21761143 22.2040137 118.71 0.0 0.0 0.0
0 15.63276905 5.21761143 26.27248175 78.971 0.0 0.0 0.0
0 18.91565521 7.304656 30.42186869 78.971 0.0 0.0 0.0
0 13.1575845 7.304656 28.45303369 78.971 0.0 0.0 0.0
0 21.39083976 5.21761143 28.24131675 78.971 0.0 0.0 0.0
1 18.64084472 5.21761143 27.94868092 118.71 0.0 0.0 0.0
1 15.90757954 7.304656 28.74566952 118.71 0.0 0.0 0.0
1 21.66565025 7.304656 30.12923286 118.71 0.0 0.0 0.0
1 12.88277401 5.21761143 26.56511758 118.71 0.0 0.0 0.0
0 15.63276905 5.21761143 30.63358563 78.971 0.0 0.0 0.0
0 18.91565521 7.304656 34.78297257 78.971 0.0 0.0 0.0
0 13.1575845 7.304656 32.81413757 78.971 0.0 0.0 0.0
0 21.39083976 5.21761143 32.60242063 78.971 0.0 0.0 0.0
1 18.64084472 5.21761143 32.3097848 118.71 0.0 0.0 0.0
1 15.90757954 7.304656 33.1067734 118.71 0.0 0.0 0.0
1 21.66565025 7.304656 34.49033674 118.71 0.0 0.0 0.0
1 12.88277401 5.21761143 30.92622146 118.71 0.0 0.0 0.0
0 15.63276905 5.21761143 34.99468951 78.971 0.0 0.0 0.0
0 18.91565521 7.304656 39.14407645 78.971 0.0 0.0 0.0
0 13.1575845 7.304656 37.17524145 78.971 0.0 0.0 0.0
0 21.39083976 5.21761143 36.96352451 78.971 0.0 0.0 0.0
1 18.64084472 5.21761143 36.67088868 118.71 0.0 0.0 0.0
1 15.90757954 7.304656 37.46787728 118.71 0.0 0.0 0.0
1 21.66565025 7.304656 38.85144062 118.71 0.0 0.0 0.0
1 12.88277401 5.21761143 35.28732534 118.71 0.0 0.0 0.0
0 15.63276905 5.21761143 39.35579339 78.971 0.0 0.0 0.0
0 18.91565521 7.304656 43.50518033 78.971 0.0 0.0 0.0
0 13.1575845 7.304656 41.53634533 78.971 0.0 0.0 0.0
0 21.39083976 5.21761143 41.32462839 78.971 0.0 0.0 0.0
1 18.64084472 5.21761143 41.03199256 118.71 0.0 0.0 0.0
1 15.90757954 7.304656 41.82898116 118.71 0.0 0.0 0.0
1 21.66565025 7.304656 43.2125445 118.71 0.0 0.0 0.0
1 12.88277401 5.21761143 39.64842922 118.71 0.0 0.0 0.0
0 15.63276905 5.21761143 43.71689727 78.971 0.0 0.0 0.0
0 18.91565521 7.304656 47.86628421 78.971 0.0 0.0 0.0
0 13.1575845 7.304656 45.89744921 78.971 0.0 0.0 0.0
0 21.39083976 5.21761143 45.68573227 78.971 0.0 0.0 0.0
1 18.64084472 5.21761143 45.39309644 118.71 0.0 0.0 0.0
1 15.90757954 7.304656 46.19008504 118.71 0.0 0.0 0.0
1 21.66565025 7.304656 47.57364838 118.71 0.0 0.0 0.0
1 12.88277401 5.21761143 44.0095331 118.71 0.0 0.0 0.0
0 15.63276905 9.39170057 0.10585847 78.971 0.0 0.0 0.0
0 18.91565521 11.47874514 4.25524541 78.971 0.0 0.0 0.0
0 13.1575845 11.47874514 2.28641041 78.971 0.0 0.0 0.0
0 21.39083976 9.39170057 2.07469347 78.971 0.0 0.0 0.0
1 18.64084472 9.39170057 1.78205764 118.71 0.0 0.0 0.0
1 15.90757954 11.47874514 2.57904624 118.71 0.0 0.0 0.0
1 21.66565025 11.47874514 3.96260958 118.71 0.0 0.0 0.0
1 12.88277401 9.39170057 0.3984943 118.71 0.0 0.0 0.0
0 15.63276905 9.39170057 4.46696235 78.971 0.0 0.0 0.0
0 18.91565521 11.47874514 8.61634929 78.971 0.0 0.0 0.0
0 13.1575845 11.47874514 6.64751429 78.971 0.0 0.0 0.0
0 21.39083976 9.39170057 6.43579735 78.971 0.0 0.0 0.0
1 18.64084472 9.39170057 6.14316152 118.71 0.0 0.0 0.0
1 15.90757954 11.47874514 6.94015012 118.71 0.0 0.0 0.0
1 21.66565025 11.47874514 8.32371346 118.71 0.0 0.0 0.0
1 12.88277401 9.39170057 4.75959818 118.71 0.0 0.0 0.0
0 15.63276905 9.39170057 8.82806623 78.971 0.0 0.0 0.0
0 18.91565521 11.47874514 12.97745317 78.971 0.0 0.0 0.0
0 13.1575845 11.47874514 11.00861817 78.971 0.0 0.0 0.0
0 21.39083976 9.39170057 10.79690123 78.971 0.0 0.0 0.0
1 18.64084472 9.39170057 10.5042654 118.71 0.0 0.0 0.0
1 15.90757954 11.47874514 11.301254 118.71 0.0 0.0 0.0
1 21.66565025 11.47874514 12.68481734 118.71 0.0 0.0 0.0
1 12.88277401 9.39170057 9.12070206 118.71 0.0 0.0 0.0
0 15.63276905 9.39170057 13.18917011 78.971 0.0 0.0 0.0
0 18.91565521 11.47874514 17.33855705 78.971 0.0 0.0 0.0
0 13.1575845 11.47874514 15.36972205 78.971 0.0 0.0 0.0
0 21.39083976 9.39170057 15.15800511 78.971 0.0 0.0 0.0
1 18.64084472 9.39170057 14.86536928 118.71 0.0 0.0 0.0
1 15.90757954 11.47874514 15.66235788 118.71 0.0 0.0 0.0
1 21.66565025 11.47874514 17.04592122 118.71 0.0 0.0 0.0
1 12.88277401 9.39170057 13.48180594 118.71 0.0 0.0 0.0
0 15.63276905 9.39170057 17.55027399 78.971 0.0 0.0 0.0
0 18.91565521 11.47874514 21.69966093 78.971 0.0 0.0 0.0
0 13.1575845 11.47874514 19.73082593 78.971 0.0 0.0 0.0
0 21.39083976 9.39170057 19.51910899 78.971 0.0 0.0 0.0
1 18.64084472 9.39170057 19.22647316 118.71 0.0 0.0 0.0
1 15.90757954 11.47874514 20.02346176 118.71 0.0 0.0 0.0
1 21.66565025 11.47874514 21.4070251 118.71 0.0 0.0 0.0
1 12.88277401 9.39170057 17.84290982 118.71 0.0 0.0 0.0
0 15.63276905 9.39170057 21.91137787 78.971 0.0 0.0 0.0
0 18.91565521 11.47874514 26.06076481 78.971 0.0 0.0 0.0
0 13.1575845 11.47874514 24.09192981 78.971 0.0 0.0 0.0
0 21.39083976 9.39170057 23.88021287 78.971 0.0 0.0 0.0
1 18.64084472 9.39170057 23.58757704 118.71 0.0 0.0 0.0
1 15.90757954 11.47874514 24.38456564 118.71 0.0 0.0 0.0
1 21.66565025 11.47874514 25.76812898 118.71 0.0 0.0 0.0
1 12.88277401 9.39170057 22.2040137 118.71 0.0 0.0 0.0
0 15.63276905 9.39170057 26.27248175 78.971 0.0 0.0 0.0
0 18.91565521 11.47874514 30.42186869 78.971 0.0 0.0 0.0
0 13.1575845 11.47874514 28.45303369 78.971 0.0 0.0 0.0
0 21.39083976 9.39170057 28.24131675 78.971 0.0 0.0 0.0
1 18.64084472 9.39170057 27.94868092 118.71 0.0 0.0 0.0
1 15.90757954 11.47874514 28.74566952 118.71 0.0 0.0 0.0
1 21.66565025 11.47874514 30.12923286 118.71 0.0 0.0 0.0
1 12.88277401 9.39170057 26.56511758 118.71 0.0 0.0 0.0
0 15.63276905 9.39170057 30.63358563 78.971 0.0 0.0 0.0
0 18.91565521 11.47874514 34.78297257 78.971 0.0 0.0 0.0
0 13.1575845 11.47874514 32.81413757 78.971 0.0 0.0 0.0
0 21.39083976 9.39170057 32.60242063 78.971 0.0 0.0 0.0
1 18.64084472 9.39170057 32.3097848 118.71 0.0 0.0 0.0
1 15.90757954 11.47874514 33.1067734 118.71 0.0 0.0 0.0
1 21.66565025 11.47874514 34.49033674 118.71 0.0 0.0 0.0
1 12.88277401 9.39170057 30.92622146 118.71 0.0 0.0 0.0
0 15.63276905 9.39170057 34.99468951 78.971 0.0 0.0 0.0
0 18.91565521 11.47874514 39.14407645 78.971 0.0 0.0 0.0
0 13.1575845 11.47874514 37.17524145 78.971 0.0 0.0 0.0
0 21.39083976 9.39170057 36.96352451 78.971 0.0 0.0 0.0
1 18.64084472 9.39170057 36.67088868 118.71 0.0 0.0 0.0
1 15.90757954 11.47874514 37.46787728 118.71 0.0 0.0 0.0
1 21.66565025 11.47874514 38.85144062 118.71 0.0 0.0 0.0
1 12.88277401 9.39170057 35.28732534 118.71 0.0 0.0 0.0
0 15.63276905 9.39170057 39.35579339 78.971 0.0 0.0 0.0
0 18.91565521 11.47874514 43.50518033 78.971 0.0 0.0 0.0
0 13.1575845 11.47874514 41.53634533 78.971 0.0 0.0 0.0
0 21.39083976 9.39170057 41.32462839 78.971 0.0 0.0 0.0
1 18.64084472 9.39170057 41.03199256 118.71 0.0 0.0 0.0
1 15.90757954 11.47874514 41.82898116 118.71 0.0 0.0 0.0
1 21.66565025 11.47874514 43.2125445 118.71 0.0 0.0 0.0
1 12.88277401 9.39170057 39.64842922 118.71 0.0 0.0 0.0
0 15.63276905 9.39170057 43.71689727 78.971 0.0 0.0 0.0
0 18.91565521 11.47874514 47.86628421 78.971 0.0 0.0 0.0
0 13.1575845 11.47874514 45.89744921 78.971 0.0 0.0 0.0
0 21.39083976 9.39170057 45.68573227 78.971 0.0 0.0 0.0
1 18.64084472 9.39170057 45.39309644 118.71 0.0 0.0 0.0
1 15.90757954 11.47874514 46.19008504 118.71 0.0 0.0 0.0
1 21.66565025 11.47874514 47.57364838 118.71 0.0 0.0 0.0
1 12.88277401 9.39170057 44.0095331 118.71 0.0 0.0 0.0
0 15.63276905 13.56578971 0.10585847 78.971 0.0 0.0 0.0
0 18.91565521 15.65283428 4.25524541 78.971 0.0 0.0 0.0
0 13.1575845 15.65283428 2.28641041 78.971 0.0 0.0 0.0
0 21.39083976 13.56578971 2.07469347 78.971 0.0 0.0 0.0
1 18.64084472 13.56578971 1.78205764 118.71 0.0 0.0 0.0
1 15.90757954 15.65283428 2.57904624 118.71 0.0 0.0 0.0
1 21.66565025 15.65283428 3.96260958 118.71 0.0 0.0 0.0
1 12.88277401 13.56578971 0.3984943 118.71 0.0 0.0 0.0
0 15.63276905 13.56578971 4.46696235 78.971 0.0 0.0 0.0
0 18.91565521 15.65283428 8.61634929 78.971 0.0 0.0 0.0
0 13.1575845 15.65283428 6.64751429 78.971 0.0 0.0 0.0
0 21.39083976 13.56578971 6.43579735 78.971 0.0 0.0 0.0
1 18.64084472 13.56578971 6.14316152 118.71 0.0 0.0 0.0
1 15.90757954 15.65283428 6.94015012 118.71 0.0 0.0 0.0
1 21.66565025 15.65283428 8.32371346 118.71 0.0 0.0 0.0
1 12.88277401 13.56578971 4.75959818 118.71 0.0 0.0 0.0
0 15.63276905 13.56578971 8.82806623 78.971 0.0 0.0 0.0
0 18.91565521 15.65283428 12.97745317 78.971 0.0 0.0 0.0
0 13.1575845 15.65283428 11.00861817 78.971 0.0 0.0 0.0
0 21.39083976 13.56578971 10.79690123 78.971 0.0 0.0 0.0
1 18.64084472 13.56578971 10.5042654 118.71 0.0 0.0 0.0
1 15.90757954 15.65283428 11.301254 118.71 0.0 0.0 0.0
1 21.66565025 15.65283428 12.68481734 118.71 0.0 0.0 0.0
1 12.88277401 13.56578971 9.12070206 118.71 0.0 0.0 0.0
0 15.63276905 13.56578971 13.18917011 78.971 0.0 0.0 0.0
0 18.91565521 15.65283428 17.33855705 78.971 0.0 0.0 0.0
0 13.1575845 15.65283428 15.36972205 78.971 0.0 0.0 0.0
0 21.39083976 13.56578971 15.15800511 78.971 0.0 0.0 0.0
1 18.64084472 13.56578971 14.86536928 118.71 0.0 0.0 0.0
1 15.90757954 15.65283428 15.66235788 118.71 0.0 0.0 0.0
1 21.66565025 15.65283428 17.04592122 118.71 0.0 0.0 0.0
1 12.88277401 13.56578971 13.48180594 118.71 0.0 0.0 0.0
0 15.63276905 13.56578971 17.55027399 78.971 0.0 0.0 0.0
0 18.91565521 15.65283428 21.69966093 78.971 0.0 0.0 0.0
0 13.1575845 15.65283428 19.73082593 78.971 0.0 0.0 0.0
0 21.39083976 13.56578971 19.51910899 78.971 0.0 0.0 0.0
1 18.64084472 13.56578971 19.22647316 118.71 0.0 0.0 0.0
1 15.90757954 15.65283428 20.02346176 118.71 0.0 0.0 0.0
1 21.66565025 15.65283428 21.4070251 118.71 0.0 0.0 0.0
1 12.88277401 13.56578971 17.84290982 118.71 0.0 0.0 0.0
0 15.63276905 13.56578971 21.91137787 78.971 0.0 0.0 0.0
0 18.91565521 15.65283428 26.06076481 78.971 0.0 0.0 0.0
0 13.1575845 15.65283428 24.09192981 78.971 0.0 0.0 0.0
0 21.39083976 13.56578971 23.88021287 78.971 0.0 0.0 0.0
1 18.64084472 13.56578971 23.58757704 118.71 0.0 0.0 0.0
1 15.90757954 15.65283428 24.38456564 118.71 0.0 0.0 0.0
1 21.66565025 15.65283428 25.76812898 118.71 0.0 0.0 0.0
1 12.88277401 13.56578971 22.2040137 118.71 0.0 0.0 0.0
0 15.63276905 13.56578971 26.27248175 78.971 0.0 0.0 0.0
0 18.91565521 15.65283428 30.42186869 78.971 0.0 0.0 0.0
0 13.1575845 15.65283428 28.45303369 78.971 0.0 0.0 0.0
0 21.39083976 13.56578971 28.24131675 78.971 0.0 0.0 0.0
1 18.64084472 13.56578971 27.94868092 118.71 0.0 0.0 0.0
1 15.90757954 15.65283428 28.74566952 118.71 0.0 0.0 0.0
1 21.66565025 15.65283428 30.12923286 118.71 0.0 0.0 0.0
1 12.88277401 13.56578971 26.56511758 118.71 0.0 0.0 0.0
0 15.63276905 13.56578971 30.63358563 78.971 0.0 0.0 0.0
0 18.91565521 15.65283428 34.78297257 78.971 0.0 0.0 0.0
0 13.1575845 15.65283428 32.81413757 78.971 0.0 0.0 0.0
0 21.39083976 13.56578971 32.60242063 78.971 0.0 0.0 0.0
1 18.64084472 13.56578971 32.3097848 118.71 0.0 0.0 0.0
1 15.90757954 15.65283428 33.1067734 118.71 0.0 0.0 0.0
1 21.66565025 15.65283428 34.49033674 118.71 0.0 0.0 0.0
1 12.88277401 13.56578971 30.92622146 118.71 0.0 0.0 0.0
0 15.63276905 13.56578971 34.99468951 78.971 0.0 0.0 0.0
0 18.91565521 15.65283428 39.14407645 78.971 0.0 0.0 0.0
0 13.1575845 15.65283428 37.17524145 78.971 0.0 0.0 0.0
0 21.39083976 13.56578971 36.96352451 78.971 0.0 0.0 0.0
1 18.64084472 13.56578971 36.67088868 118.71 0.0 0.0 0.0
1 15.90757954 15.65283428 37.46787728 118.71 0.0 0.0 0.0
1 21.66565025 15.65283428 38.85144062 118.71 0.0 0.0 0.0
1 12.88277401 13.56578971 35.28732534 118.71 0.0 0.0 0.0
0 15.63276905 13.56578971 39.35579339 78.971 0.0 0.0 0.0
0 18.91565521 15.65283428 43.50518033 78.971 0.0 0.0 0.0
0 13.1575845 15.65283428 41.53634533 78.971 0.0 0.0 0.0
0 21.39083976 13.56578971 41.32462839 78.971 0.0 0.0 0.0
1 18.64084472 13.56578971 41.03199256 118.71 0.0 0.0 0.0
1 15.90757954 15.65283428 41.82898116 118.71 0.0 0.0 0.0
1 21.66565025 15.65283428 43.2125445 118.71 0.0 0.0 0.0
1 12.88277401 13.56578971 39.64842922 118.71 0.0 0.0 0.0
0 15.63276905 13.56578971 43.71689727 78.971 0.0 0.0 0.0
0 18.91565521 15.65283428 47.86628421 78.971 0.0 0.0 0.0
0 13.1575845 15.65283428 45.89744921 78.971 0.0 0.0 0.0
0 21.39083976 13.56578971 45.68573227 78.971 0.0 0.0 0.0
1 18.64084472 13.56578971 45.39309644 118.71 0.0 0.0 0.0
1 15.90757954 15.65283428 46.19008504 118.71 0.0 0.0 0.0
1 21.66565025 15.65283428 47.57364838 118.71 0.0 0.0 0.0
1 12.88277401 13.56578971 44.0095331 118.71 0.0 0.0 0.0
0 15.63276905 17.73987885 0.10585847 78.971 0.0 0.0 0.0
0 18.91565521 19.82692342 4.25524541 78.971 0.0 0.0 0.0
0 13.1575845 19.82692342 2.28641041 78.971 0.0 0.0 0.0
0 21.39083976 17.73987885 2.07469347 78.971 0.0 0.0 0.0
1 18.64084472 17.73987885 1.78205764 118.71 0.0 0.0 0.0
1 15.90757954 19.82692342 2.57904624 118.71 0.0 0.0 0.0
1 21.66565025 19.82692342 3.96260958 118.71 0.0 0.0 0.0
1 12.88277401 17.73987885 0.3984943 118.71 0.0 0.0 0.0
0 15.63276905 17.73987885 4.46696235 78.971 0.0 0.0 0.0
0 18.91565521 19.82692342 8.61634929 78.971 0.0 0.0 0.0
0 13.1575845 19.82692342 6.64751429 78.971 0.0 0.0 0.0
0 21.39083976 17.73987885 6.43579735 78.971 0.0 0.0 0.0
1 18.64084472 17.73987885 6.14316152 118.71 0.0 0.0 0.0
1 15.90757954 19.82692342 6.94015012 118.71 0.0 0.0 0.0
1 21.66565025 19.82692342 8.32371346 118.71 0.0 0.0 0.0
1 12.88277401 17.73987885 4.75959818 118.71 0.0 0.0 0.0
0 15.63276905 17.73987885 8.82806623 78.971 0.0 0.0 0.0
0 18.91565521 19.82692342 12.97745317 78.971 0.0 0.0 0.0
0 13.1575845 19.82692342 11.00861817 78.971 0.0 0.0 0.0
0 21.39083976 17.73987885 10.79690123 78.971 0.0 0.0 0.0
1 18.64084472 17.73987885 10.5042654 118.71 0.0 0.0 0.0
1 15.90757954 19.82692342 11.301254 118.71 0.0 0.0 0.0
1 21.66565025 19.82692342 12.68481734 118.71 0.0 0.0 0.0
1 12.88277401 17.73987885 9.12070206 118.71 0.0 0.0 0.0
0 15.63276905 17.73987885 13.18917011 78.971 0.0 0.0 0.0
0 18.91565521 19.82692342 17.33855705 78.971 0.0 0.0 0.0
0 13.1575845 19.82692342 15.36972205 78.971 0.0 0.0 0.0
0 21.39083976 17.73987885 15.15800511 78.971 0.0 0.0 0.0
1 18.64084472 17.73987885 14.86536928 118.71 0.0 0.0 0.0
1 15.90757954 19.82692342 15.66235788 118.71 0.0 0.0 0.0
1 21.66565025 19.82692342 17.04592122 118.71 0.0 0.0 0.0
1 12.88277401 17.73987885 13.48180594 118.71 0.0 0.0 0.0
0 15.63276905 17.73987885 17.55027399 78.971 0.0 0.0 0.0
0 18.91565521 19.82692342 21.69966093 78.971 0.0 0.0 0.0
0 13.1575845 19.82692342 19.73082593 78.971 0.0 0.0 0.0
0 21.39083976 17.73987885 19.51910899 78.971 0.0 0.0 0.0
1 18.64084472 17.73987885 19.22647316 118.71 0.0 0.0 0.0
1 15.90757954 19.82692342 20.02346176 118.71 0.0 0.0 0.0
1 21.66565025 19.82692342 21.4070251 118.71 0.0 0.0 0.0
1 12.88277401 17.73987885 17.84290982 118.71 0.0 0.0 0.0
0 15.63276905 17.73987885 21.91137787 78.971 0.0 0.0 0.0
0 18.91565521 19.82692342 26.06076481 78.971 0.0 0.0 0.0
0 13.1575845 19.82692342 24.09192981 78.971 0.0 0.0 0.0
0 21.39083976 17.73987885 23.88021287 78.971 0.0 0.0 0.0
1 18.64084472 17.73987885 23.58757704 118.71 0.0 0.0 0.0
1 15.90757954 19.82692342 24.38456564 118.71 0.0 0.0 0.0
1 21.66565025 19.82692342 25.76812898 118.71 0.0 0.0 0.0
1 12.88277401 17.73987885 22.2040137 118.71 0.0 0.0 0.0
0 15.63276905 17.73987885 26.27248175 78.971 0.0 0.0 0.0
0 18.91565521 19.82692342 30.42186869 78.971 0.0 0.0 0.0
0 13.1575845 19.82692342 28.45303369 78.971 0.0 0.0 0.0
0 21.39083976 17.73987885 28.24131675 78.971 0.0 0.0 0.0
1 18.64084472 17.73987885 27.94868092 118.71 0.0 0.0 0.0
1 15.90757954 19.82692342 28.74566952 118.71 0.0 0.0 0.0
1 21.66565025 19.82692342 30.12923286 118.71 0.0 0.0 0.0
1 12.88277401 17.73987885 26.56511758 118.71 0.0 0.0 0.0
0 15.63276905 17.73987885 30.63358563 78.971 0.0 0.0 0.0
0 18.91565521 19.82692342 34.78297257 78.971 0.0 0.0 0.0
0 13.1575845 19.82692342 32.81413757 78.971 0.0 0.0 0.0
0 21.39083976 17.73987885 32.60242063 78.971 0.0 0.0 0.0
1 18.64084472 17.73987885 32.3097848 118.71 0.0 0.0 0.0
1 15.90757954 19.82692342 33.1067734 118.71 0.0 0.0 0.0
1 21.66565025 19.82692342 34.49033674 118.71 0.0 0.0 0.0
1 12.88277401 17.73987885 30.92622146 118.71 0.0 0.0 0.0
0 15.63276905 17.73987885 34.99468951 78.971 0.0 0.0 0.0
0 18.91565521 19.82692342 39.14407645 78.971 0.0 0.0 0.0
0 13.1575845 19.82692342 37.17524145 78.971 0.0 0.0 0.0
0 21.39083976 17.73987885 36.96352451 78.971 0.0 0.0 0.0
1 18.64084472 17.73987885 36.67088868 118.71 0.0 0.0 0.0
1 15.90757954 19.82692342 37.46787728 118.71 0.0 0.0 0.0
1 21.66565025 19.82692342 38.85144062 118.71 0.0 0.0 0.0
1 12.88277401 17.73987885 35.28732534 118.71 0.0 0.0 0.0
0 15.63276905 17.73987885 39.35579339 78.971 0.0 0.0 0.0
0 18.91565521 19.82692342 43.50518033 78.971 0.0 0.0 0.0
0 13.1575845 19.82692342 41.53634533 78.971 0.0 0.0 0.0
0 21.39083976 17.73987885 41.32462839 78.971 0.0 0.0 0.0
1 18.64084472 17.73987885 41.03199256 118.71 0.0 0.0 0.0
1 15.90757954 19.82692342 41.82898116 118.71 0.0 0.0 0.0
1 21.66565025 19.82692342 43.2125445 118.71 0.0 0.0 0.0
1 12.88277401 17.73987885 39.64842922 118.71 0.0 0.0 0.0
0 15.63276905 17.73987885 43.71689727 78.971 0.0 0.0 0.0
0 18.91565521 19.82692342 47.86628421 78.971 0.0 0.0 0.0
0 13.1575845 19.82692342 45.89744921 78.971 0.0 0.0 0.0
0 21.39083976 17.73987885 45.68573227 78.971 0.0 0.0 0.0
1 18.64084472 17.73987885 45.39309644 118.71 0.0 0.0 0.0
1 15.90757954 19.82692342 46.19008504 118.71 0.0 0.0 0.0
1 21.66565025 19.82692342 47.57364838 118.71 0.0 0.0 0.0
1 12.88277401 17.73987885 44.0095331 118.71 0.0 0.0 0.0
0 15.63276905 21.91396799 0.10585847 78.971 0.0 0.0 0.0
0 18.91565521 24.00101256 4.25524541 78.971 0.0 0.0 0.0
0 13.1575845 24.00101256 2.28641041 78.971 0.0 0.0 0.0
0 21.39083976 21.91396799 2.07469347 78.971 0.0 0.0 0.0
1 18.64084472 21.91396799 1.78205764 118.71 0.0 0.0 0.0
1 15.90757954 24.00101256 2.57904624 118.71 0.0 0.0 0.0
1 21.66565025 24.00101256 3.96260958 118.71 0.0 0.0 0.0
1 12.88277401 21.91396799 0.3984943 118.71 0.0 0.0 0.0
0 15.63276905 21.91396799 4.46696235 78.971 0.0 0.0 0.0
0 18.91565521 24.00101256 8.61634929 78.971 0.0 0.0 0.0
0 13.1575845 24.00101256 6.64751429 78.971 0.0 0.0 0.0
0 21.39083976 21.91396799 6.43579735 78.971 0.0 0.0 0.0
1 18.64084472 21.91396799 6.14316152 118.71 0.0 0.0 0.0
1 15.90757954 24.00101256 6.94015012 118.71 0.0 0.0 0.0
1 21.66565025 24.00101256 8.32371346 118.71 0.0 0.0 0.0
1 12.88277401 21.91396799 4.75959818 118.71 0.0 0.0 0.0
0 15.63276905 21.91396799 8.82806623 78.971 0.0 0.0 0.0
0 18.91565521 24.00101256 12.97745317 78.971 0.0 0.0 0.0
0 13.1575845 24.00101256 11.00861817 78.971 0.0 0.0 0.0
0 21.39083976 21.91396799 10.79690123 78.971 0.0 0.0 0.0
1 18.64084472 21.91396799 10.5042654 118.71 0.0 0.0 0.0
1 15.90757954 24.00101256 11.301254 118.71 0.0 0.0 0.0
1 21.66565025 24.00101256 12.68481734 118.71 0.0 0.0 0.0
1 12.88277401 21.91396799 9.12070206 118.71 0.0 0.0 0.0
0 15.63276905 21.91396799 13.18917011 78.971 0.0 0.0 0.0
0 18.91565521 24.00101256 17.33855705 78.971 0.0 0.0 0.0
0 13.1575845 24.00101256 15.36972205 78.971 0.0 0.0 0.0
0 21.39083976 21.91396799 15.15800511 78.971 0.0 0.0 0.0
1 18.64084472 21.91396799 14.86536928 118.71 0.0 0.0 0.0
1 15.90757954 24.00101256 15.66235788 118.71 0.0 0.0 0.0
1 21.66565025 24.00101256 17.04592122 118.71 0.0 0.0 0.0
1 12.88277401 21.91396799 13.48180594 118.71 0.0 0.0 0.0
0 15.63276905 21.91396799 17.55027399 78.971 0.0 0.0 0.0
0 18.91565521 24.00101256 21.69966093 78.971 0.0 0.0 0.0
0 13.1575845 24.00101256 19.73082593 78.971 0.0 0.0 0.0
0 21.39083976 21.91396799 19.51910899 78.971 0.0 0.0 0.0
1 18.64084472 21.91396799 19.22647316 118.71 0.0 0.0 0.0
1 15.90757954 24.00101256 20.02346176 118.71 0.0 0.0 0.0
1 21.66565025 24.00101256 21.4070251 118.71 0.0 0.0 0.0
1 12.88277401 21.91396799 17.84290982 118.71 0.0 0.0 0.0
0 15.63276905 21.91396799 21.91137787 78.971 0.0 0.0 0.0
0 18.91565521 24.00101256 26.06076481 78.971 0.0 0.0 0.0
0 13.1575845 24.00101256 24.09192981 78.971 0.0 0.0 0.0
0 21.39083976 21.91396799 23.88021287 78.971 0.0 0.0 0.0
1 18.64084472 21.91396799 23.58757704 118.71 0.0 0.0 0.0
1 15.90757954 24.00101256 24.38456564 118.71 0.0 0.0 0.0
1 21.66565025 24.00101256 25.76812898 118.71 0.0 0.0 0.0
1 12.88277401 21.91396799 22.2040137 118.71 0.0 0.0 0.0
0 15.63276905 21.91396799 26.27248175 78.971 0.0 0.0 0.0
0 18.91565521 24.00101256 30.42186869 78.971 0.0 0.0 0.0
0 13.1575845 24.00101256 28.45303369 78.971 0.0 0.0 0.0
0 21.39083976 21.91396799 28.24131675 78.971 0.0 0.0 0.0
1 18.64084472 21.91396799 27.94868092 118.71 0.0 0.0 0.0
1 15.90757954 24.00101256 28.74566952 118.71 0.0 0.0 0.0
1 21.66565025 24.00101256 30.12923286 118.71 0.0 0.0 0.0
1 12.88277401 21.91396799 26.56511758 118.71 0.0 0.0 0.0
0 15.63276905 21.91396799 30.63358563 78.971 0.0 0.0 0.0
0 18.91565521 24.00101256 34.78297257 78.971 0.0 0.0 0.0
0 13.1575845 24.00101256 32.81413757 78.971 0.0 0.0 0.0
0 21.39083976 21.91396799 32.60242063 78.971 0.0 0.0 0.0
1 18.64084472 21.91396799 32.3097848 118.71 0.0 0.0 0.0
1 15.90757954 24.00101256 33.1067734 118.71 0.0 0.0 0.0
1 21.66565025 24.00101256 34.49033674 118.71 0.0 0.0 0.0
1 12.88277401 21.91396799 30.92622146 118.71 0.0 0.0 0.0
0 15.63276905 21.91396799 34.99468951 78.971 0.0 0.0 0.0
0 18.91565521 24.00101256 39.14407645 78.971 0.0 0.0 0.0
0 13.1575845 24.00101256 37.17524145 78.971 0.0 0.0 0.0
0 21.39083976 21.91396799 36.96352451 78.971 0.0 0.0 0.0
1 18.64084472 21.91396799 36.67088868 118.71 0.0 0.0 0.0
1 15.90757954 24.00101256 37.46787728 118.71 0.0 0.0 0.0
1 21.66565025 24.00101256 38.85144062 118.71 0.0 0.0 0.0
1 12.88277401 21.91396799 35.28732534 118.71 0.0 0.0 0.0
0 15.63276905 21.91396799 39.35579339 78.971 0.0 0.0 0.0
0 18.91565521 24.00101256 43.50518033 78.971 0.0 0.0 0.0
0 13.1575845 24.00101256 41.53634533 78.971 0.0 0.0 0.0
0 21.39083976 21.91396799 41.32462839 78.971 0.0 0.0 0.0
1 18.64084472 21.91396799 41.03199256 118.71 0.0 0.0 0.0
1 15.90757954 24.00101256 41.82898116 118.71 0.0 0.0 0.0
1 21.66565025 24.00101256 43.2125445 118.71 0.0 0.0 0.0
1 12.88277401 21.91396799 39.64842922 118.71 0.0 0.0 0.0
0 15.63276905 21.91396799 43.71689727 78.971 0.0 0.0 0.0
0 18.91565521 24.00101256 47.86628421 78.971 0.0 0.0 0.0
0 13.1575845 24.00101256 45.89744921 78.971 0.0 0.0 0.0
0 21.39083976 21.91396799 45.68573227 78.971 0.0 0.0 0.0
1 18.64084472 21.91396799 45.39309644 118.71 0.0 0.0 0.0
1 15.90757954 24.00101256 46.19008504 118.71 0.0 0.0 0.0
1 21.66565025 24.00101256 47.57364838 118.71 0.0 0.0 0.0
1 12.88277401 21.91396799 44.0095331 118.71 0.0 0.0 0.0
0 15.63276905 26.08805713 0.10585847 78.971 0.0 0.0 0.0
0 18.91565521 28.1751017 4.25524541 78.971 0.0 0.0 0.0
0 13.1575845 28.1751017 2.28641041 78.971 0.0 0.0 0.0
0 21.39083976 26.08805713 2.07469347 78.971 0.0 0.0 0.0
1 18.64084472 26.08805713 1.78205764 118.71 0.0 0.0 0.0
1 15.90757954 28.1751017 2.57904624 118.71 0.0 0.0 0.0
1 21.66565025 28.1751017 3.96260958 118.71 0.0 0.0 0.0
1 12.88277401 26.08805713 0.3984943 118.71 0.0 0.0 0.0
0 15.63276905 26.08805713 4.46696235 78.971 0.0 0.0 0.0
0 18.91565521 28.1751017 8.61634929 78.971 0.0 0.0 0.0
0 13.1575845 28.1751017 6.64751429 78.971 0.0 0.0 0.0
0 21.39083976 26.08805713 6.43579735 78.971 0.0 0.0 0.0
1 18.64084472 26.08805713 6.14316152 118.71 0.0 0.0 0.0
1 15.90757954 28.1751017 6.94015012 118.71 0.0 0.0 0.0
1 21.66565025 28.1751017 8.32371346 118.71 0.0 0.0 0.0
1 12.88277401 26.08805713 4.75959818 118.71 0.0 0.0 0.0
0 15.63276905 26.08805713 8.82806623 78.971 0.0 0.0 0.0
0 18.91565521 28.1751017 12.97745317 78.971 0.0 0.0 0.0
0 13.1575845 28.1751017 11.00861817 78.971 0.0 0.0 0.0
0 21.39083976 26.08805713 10.79690123 78.971 0.0 0.0 0.0
1 18.64084472 26.08805713 10.5042654 118.71 0.0 0.0 0.0
1 15.90757954 28.1751017 11.301254 118.71 0.0 0.0 0.0
1 21.66565025 28.1751017 12.68481734 118.71 0.0 0.0 0.0
1 12.88277401 26.08805713 9.12070206 118.71 0.0 0.0 0.0
0 15.63276905 26.08805713 13.18917011 78.971 0.0 0.0 0.0
0 18.91565521 28.1751017 17.33855705 78.971 0.0 0.0 0.0
0 13.1575845 28.1751017 15.36972205 78.971 0.0 0.0 0.0
0 21.39083976 26.08805713 15.15800511 78.971 0.0 0.0 0.0
1 18.64084472 26.08805713 14.86536928 118.71 0.0 0.0 0.0
1 15.90757954 28.1751017 15.66235788 118.71 0.0 0.0 0.0
1 21.66565025 28.1751017 17.04592122 118.71 0.0 0.0 0.0
1 12.88277401 26.08805713 13.48180594 118.71 0.0 0.0 0.0
0 15.63276905 26.08805713 17.55027399 78.971 0.0 0.0 0.0
0 18.91565521 28.1751017 21.69966093 78.971 0.0 0.0 0.0
0 13.1575845 28.1751017 19.73082593 78.971 0.0 0.0 0.0
0 21.39083976 26.08805713 19.51910899 78.971 0.0 0.0 0.0
1 18.64084472 26.08805713 19.22647316 118.71 0.0 0.0 0.0
1 15.90757954 28.1751017 20.02346176 118.71 0.0 0.0 0.0
1 21.66565025 28.1751017 21.4070251 118.71 0.0 0.0 0.0
1 12.88277401 26.08805713 17.84290982 118.71 0.0 0.0 0.0
0 15.63276905 26.08805713 21.91137787 78.971 0.0 0.0 0.0
0 18.91565521 28.1751017 26.06076481 78.971 0.0 0.0 0.0
0 13.1575845 28.1751017 24.09192981 78.971 0.0 0.0 0.0
0 21.39083976 26.08805713 23.88021287 78.971 0.0 0.0 0.0
1 18.64084472 26.08805713 23.58757704 118.71 0.0 0.0 0.0
1 15.90757954 28.1751017 24.38456564 118.71 0.0 0.0 0.0
1 21.66565025 28.1751017 25.76812898 118.71 0.0 0.0 0.0
1 12.88277401 26.08805713 22.2040137 118.71 0.0 0.0 0.0
0 15.63276905 26.08805713 26.27248175 78.971 0.0 0.0 0.0
0 18.91565521 28.1751017 30.42186869 78.971 0.0 0.0 0.0
0 13.1575845 28.1751017 28.45303369 78.971 0.0 0.0 0.0
0 21.39083976 26.08805713 28.24131675 78.971 0.0 0.0 0.0
1 18.64084472 26.08805713 27.94868092 118.71 0.0 0.0 0.0
1 15.90757954 28.1751017 28.74566952 118.71 0.0 0.0 0.0
1 21.66565025 28.1751017 30.12923286 118.71 0.0 0.0 0.0
1 12.88277401 26.08805713 26.56511758 118.71 0.0 0.0 0.0
0 15.63276905 26.08805713 30.63358563 78.971 0.0 0.0 0.0
0 18.91565521 28.1751017 34.78297257 78.971 0.0 0.0 0.0
0 13.1575845 28.1751017 32.81413757 78.971 0.0 0.0 0.0
0 21.39083976 26.08805713 32.60242063 78.971 0.0 0.0 0.0
1 18.64084472 26.08805713 32.3097848 118.71 0.0 0.0 0.0
1 15.90757954 28.1751017 33.1067734 118.71 0.0 0.0 0.0
1 21.66565025 28.1751017 34.49033674 118.71 0.0 0.0 0.0
1 12.88277401 26.08805713 30.92622146 118.71 0.0 0.0 0.0
0 15.63276905 26.08805713 34.99468951 78.971 0.0 0.0 0.0
0 18.91565521 28.1751017 39.14407645 78.971 0.0 0.0 0.0
0 13.1575845 28.1751017 37.17524145 78.971 0.0 0.0 0.0
0 21.39083976 26.08805713 36.96352451 78.971 0.0 0.0 0.0
1 18.64084472 26.08805713 36.67088868 118.71 0.0 0.0 0.0
1 15.90757954 28.1751017 37.46787728 118.71 0.0 0.0 0.0
1 21.66565025 28.1751017 38.85144062 118.71 0.0 0.0 0.0
1 12.88277401 26.08805713 35.28732534 118.71 0.0 0.0 0.0
0 15.63276905 26.08805713 39.35579339 78.971 0.0 0.0 0.0
0 18.91565521 28.1751017 43.50518033 78.971 0.0 0.0 0.0
0 13.1575845 28.1751017 41.53634533 78.971 0.0 0.0 0.0
0 21.39083976 26.08805713 41.32462839 78.971 0.0 0.0 0.0
1 18.64084472 26.08805713 41.03199256 118.71 0.0 0.0 0.0
1 15.90757954 28.1751017 41.82898116 118.71 0.0 0.0 0.0
1 21.66565025 28.1751017 43.2125445 118.71 0.0 0.0 0.0
1 12.88277401 26.08805713 39.64842922 118.71 0.0 0.0 0.0
0 15.63276905 26.08805713 43.71689727 78.971 0.0 0.0 0.0
0 18.91565521 28.1751017 47.86628421 78.971 0.0 0.0 0.0
0 13.1575845 28.1751017 45.89744921 78.971 0.0 0.0 0.0
0 21.39083976 26.08805713 45.68573227 78.971 0.0 0.0 0.0
1 18.64084472 26.08805713 45.39309644 118.71 0.0 0.0 0.0
1 15.90757954 28.1751017 46.19008504 118.71 0.0 0.0 0.0
1 21.66565025 28.1751017 47.57364838 118.71 0.0 0.0 0.0
1 12.88277401 26.08805713 44.0095331 118.71 0.0 0.0 0.0
0 15.63276905 30.26214627 0.10585847 78.971 0.0 0.0 0.0
0 18.91565521 32.34919084 4.25524541 78.971 0.0 0.0 0.0
0 13.1575845 32.34919084 2.28641041 78.971 0.0 0.0 0.0
0 21.39083976 30.26214627 2.07469347 78.971 0.0 0.0 0.0
1 18.64084472 30.26214627 1.78205764 118.71 0.0 0.0 0.0
1 15.90757954 32.34919084 2.57904624 118.71 0.0 0.0 0.0
1 21.66565025 32.34919084 3.96260958 118.71 0.0 0.0 0.0
1 12.88277401 30.26214627 0.3984943 118.71 0.0 0.0 0.0
0 15.63276905 30.26214627 4.46696235 78.971 0.0 0.0 0.0
0 18.91565521 32.34919084 8.61634929 78.971 0.0 0.0 0.0
0 13.1575845 32.34919084 6.64751429 78.971 0.0 0.0 0.0
0 21.39083976 30.26214627 6.43579735 78.971 0.0 0.0 0.0
1 18.64084472 30.26214627 6.14316152 118.71 0.0 0.0 0.0
1 15.90757954 32.34919084 6.94015012 118.71 0.0 0.0 0.0
1 21.66565025 32.34919084 8.32371346 118.71 0.0 0.0 0.0
1 12.88277401 30.26214627 4.75959818 118.71 0.0 0.0 0.0
0 15.63276905 30.26214627 8.82806623 78.971 0.0 0.0 0.0
0 18.91565521 32.34919084 12.97745317 78.971 0.0 0.0 0.0
0 13.1575845 32.34919084 11.00861817 78.971 0.0 0.0 0.0
0 21.39083976 30.26214627 10.79690123 78.971 0.0 0.0 0.0
1 18.64084472 30.26214627 10.5042654 118.71 0.0 0.0 0.0
1 15.90757954 32.34919084 11.301254 118.71 0.0 0.0 0.0
1 21.66565025 32.34919084 12.68481734 118.71 0.0 0.0 0.0
1 12.88277401 30.26214627 9.12070206 118.71 0.0 0.0 0.0
0 15.63276905 30.26214627 13.18917011 78.971 0.0 0.0 0.0
0 18.91565521 32.34919084 17.33855705 78.971 0.0 0.0 0.0
0 13.1575845 32.34919084 15.36972205 78.971 0.0 0.0 0.0
0 21.39083976 30.26214627 15.15800511 78.971 0.0 0.0 0.0
1 18.64084472 30.26214627 14.86536928 118.71 0.0 0.0 0.0
1 15.90757954 32.34919084 15.66235788 118.71 0.0 0.0 0.0
1 21.66565025 32.34919084 17.04592122 118.71 0.0 0.0 0.0
1 12.88277401 30.26214627 13.48180594 118.71 0.0 0.0 0.0
0 15.63276905 30.26214627 17.55027399 78.971 0.0 0.0 0.0
0 18.91565521 32.34919084 21.69966093 78.971 0.0 0.0 0.0
0 13.1575845 32.34919084 19.73082593 78.971 0.0 0.0 0.0
0 21.39083976 30.26214627 19.51910899 78.971 0.0 0.0 0.0
1 18.64084472 30.26214627 19.22647316 118.71 0.0 0.0 0.0
1 15.90757954 32.34919084 20.02346176 118.71 0.0 0.0 0.0
1 21.66565025 32.34919084 21.4070251 118.71 0.0 0.0 0.0
1 12.88277401 30.26214627 17.84290982 118.71 0.0 0.0 0.0
0 15.63276905 30.26214627 21.91137787 78.971 0.0 0.0 0.0
0 18.91565521 32.34919084 26.06076481 78.971 0.0 0.0 0.0
0 13.1575845 32.34919084 24.09192981 78.971 0.0 0.0 0.0
0 21.39083976 30.26214627 23.88021287 78.971 0.0 0.0 0.0
1 18.64084472 30.26214627 23.58757704 118.71 0.0 0.0 0.0
1 15.90757954 32.34919084 24.38456564 118.71 0.0 0.0 0.0
1 21.66565025 32.34919084 25.76812898 118.71 0.0 0.0 0.0
1 12.88277401 30.26214627 22.2040137 118.71 0.0 0.0 0.0
0 15.63276905 30.26214627 26.27248175 78.971 0.0 0.0 0.0
0 18.91565521 32.34919084 30.42186869 78.971 0.0 0.0 0.0
0 13.1575845 32.34919084 28.45303369 78.971 0.0 0.0 0.0
0 21.39083976 30.26214627 28.24131675 78.971 0.0 0.0 0.0
1 18.64084472 30.26214627 27.94868092 118.71 0.0 0.0 0.0
1 15.90757954 32.34919084 28.74566952 118.71 0.0 0.0 0.0
1 21.66565025 32.34919084 30.12923286 118.71 0.0 0.0 0.0
1 12.88277401 30.26214627 26.56511758 118.71 0.0 0.0 0.0
0 15.63276905 30.26214627 30.63358563 78.971 0.0 0.0 0.0
0 18.91565521 32.34919084 34.78297257 78.971 0.0 0.0 0.0
0 13.1575845 32.34919084 32.81413757 78.971 0.0 0.0 0.0
0 21.39083976 30.26214627 32.60242063 78.971 0.0 0.0 0.0
1 18.64084472 30.26214627 32.3097848 118.71 0.0 0.0 0.0
1 15.90757954 32.34919084 33.1067734 118.71 0.0 0.0 0.0
1 21.66565025 32.34919084 34.49033674 118.71 0.0 0.0 0.0
1 12.88277401 30.26214627 30.92622146 118.71 0.0 0.0 0.0
0 15.63276905 30.26214627 34.99468951 78.971 0.0 0.0 0.0
0 18.91565521 32.34919084 39.14407645 78.971 0.0 0.0 0.0
0 13.1575845 32.34919084 37.17524145 78.971 0.0 0.0 0.0
0 21.39083976 30.26214627 36.96352451 78.971 0.0 0.0 0.0
1 18.64084472 30.26214627 36.67088868 118.71 0.0 0.0 0.0
1 15.90757954 32.34919084 37.46787728 118.71 0.0 0.0 0.0
1 21.66565025 32.34919084 38.85144062 118.71 0.0 0.0 0.0
1 12.88277401 30.26214627 35.28732534 118.71 0.0 0.0 0.0
0 15.63276905 30.26214627 39.35579339 78.971 0.0 0.0 0.0
0 18.91565521 32.34919084 43.50518033 78.971 0.0 0.0 0.0
0 13.1575845 32.34919084 41.53634533 78.971 0.0 0.0 0.0
0 21.39083976 30.26214627 41.32462839 78.971 0.0 0.0 0.0
1 18.64084472 30.26214627 41.03199256 118.71 0.0 0.0 0.0
1 15.90757954 32.34919084 41.82898116 118.71 0.0 0.0 0.0
1 21.66565025 32.34919084 43.2125445 118.71 0.0 0.0 0.0
1 12.88277401 30.26214627 39.64842922 118.71 0.0 0.0 0.0
0 15.63276905 30.26214627 43.71689727 78.971 0.0 0.0 0.0
0 18.91565521 32.34919084 47.86628421 78.971 0.0 0.0 0.0
0 13.1575845 32.34919084 45.89744921 78.971 0.0 0.0 0.0
0 21.39083976 30.26214627 45.68573227 78.971 0.0 0.0 0.0
1 18.64084472 30.26214627 45.39309644 118.71 0.0 0.0 0.0
1 15.90757954 32.34919084 46.19008504 118.71 0.0 0.0 0.0
1 21.66565025 32.34919084 47.57364838 118.71 0.0 0.0 0.0
1 12.88277401 30.26214627 44.0095331 118.71 0.0 0.0 0.0
0 15.63276905 34.43623541 0.10585847 78.971 0.0 0.0 0.0
0 18.91565521 36.52327998 4.25524541 78.971 0.0 0.0 0.0
0 13.1575845 36.52327998 2.28641041 78.971 0.0 0.0 0.0
0 21.39083976 34.43623541 2.07469347 78.971 0.0 0.0 0.0
1 18.64084472 34.43623541 1.78205764 118.71 0.0 0.0 0.0
1 15.90757954 36.52327998 2.57904624 118.71 0.0 0.0 0.0
1 21.66565025 36.52327998 3.96260958 118.71 0.0 0.0 0.0
1 12.88277401 34.43623541 0.3984943 118.71 0.0 0.0 0.0
0 15.63276905 34.43623541 4.46696235 78.971 0.0 0.0 0.0
0 18.91565521 36.52327998 8.61634929 78.971 0.0 0.0 0.0
0 13.1575845 36.52327998 6.64751429 78.971 0.0 0.0 0.0
0 21.39083976 34.43623541 6.43579735 78.971 0.0 0.0 0.0
1 18.64084472 34.43623541 6.14316152 118.71 0.0 0.0 0.0
1 15.90757954 36.52327998 6.94015012 118.71 0.0 0.0 0.0
1 21.66565025 36.52327998 8.32371346 118.71 0.0 0.0 0.0
1 12.88277401 34.43623541 4.75959818 118.71 0.0 0.0 0.0
0 15.63276905 34.43623541 8.82806623 78.971 0.0 0.0 0.0
0 18.91565521 36.52327998 12.97745317 78.971 0.0 0.0 0.0
0 13.1575845 36.52327998 11.00861817 78.971 0.0 0.0 0.0
0 21.39083976 34.43623541 10.79690123 78.971 0.0 0.0 0.0
1 18.64084472 34.43623541 10.5042654 118.71 0.0 0.0 0.0
1 15.90757954 36.52327998 11.301254 118.71 0.0 0.0 0.0
1 21.66565025 36.52327998 12.68481734 118.71 0.0 0.0 0.0
1 12.88277401 34.43623541 9.12070206 118.71 0.0 0.0 0.0
0 15.63276905 34.43623541 13.18917011 78.971 0.0 0.0 0.0
0 18.91565521 36.52327998 17.33855705 78.971 0.0 0.0 0.0
0 13.1575845 36.52327998 15.36972205 78.971 0.0 0.0 0.0
0 21.39083976 34.43623541 15.15800511 78.971 0.0 0.0 0.0
1 18.64084472 34.43623541 14.86536928 118.71 0.0 0.0 0.0
1 15.90757954 36.52327998 15.66235788 118.71 0.0 0.0 0.0
1 21.66565025 36.52327998 17.04592122 118.71 0.0 0.0 0.0
1 12.88277401 34.43623541 13.48180594 118.71 0.0 0.0 0.0
0 15.63276905 34.43623541 17.55027399 78.971 0.0 0.0 0.0
0 18.91565521 36.52327998 21.69966093 78.971 0.0 0.0 0.0
0 13.1575845 36.52327998 19.73082593 78.971 0.0 0.0 0.0
0 21.39083976 34.43623541 19.51910899 78.971 0.0 0.0 0.0
1 18.64084472 34.43623541 19.22647316 118.71 0.0 0.0 0.0
1 15.90757954 36.52327998 20.02346176 118.71 0.0 0.0 0.0
1 21.66565025 36.52327998 21.4070251 118.71 0.0 0.0 0.0
1 12.88277401 34.43623541 17.84290982 118.71 0.0 0.0 0.0
0 15.63276905 34.43623541 21.91137787 78.971 0.0 0.0 0.0
0 18.91565521 36.52327998 26.06076481 78.971 0.0 0.0 0.0
0 13.1575845 36.52327998 24.09192981 78.971 0.0 0.0 0.0
0 21.39083976 34.43623541 23.88021287 78.971 0.0 0.0 0.0
1 18.64084472 34.43623541 23.58757704 118.71 0.0 0.0 0.0
1 15.90757954 36.52327998 24.38456564 118.71 0.0 0.0 0.0
1 21.66565025 36.52327998 25.76812898 118.71 0.0 0.0 0.0
1 12.88277401 34.43623541 22.2040137 118.71 0.0 0.0 0.0
0 15.63276905 34.43623541 26.27248175 78.971 0.0 0.0 0.0
0 18.91565521 36.52327998 30.42186869 78.971 0.0 0.0 0.0
0 13.1575845 36.52327998 28.45303369 78.971 0.0 0.0 0.0
0 21.39083976 34.43623541 28.24131675 78.971 0.0 0.0 0.0
1 18.64084472 34.43623541 27.94868092 118.71 0.0 0.0 0.0
1 15.90757954 36.52327998 28.74566952 118.71 0.0 0.0 0.0
1 21.66565025 36.52327998 30.12923286 118.71 0.0 0.0 0.0
1 12.88277401 34.43623541 26.56511758 118.71 0.0 0.0 0.0
0 15.63276905 34.43623541 30.63358563 78.971 0.0 0.0 0.0
0 18.91565521 36.52327998 34.78297257 78.971 0.0 0.0 0.0
0 13.1575845 36.52327998 32.81413757 78.971 0.0 0.0 0.0
0 21.39083976 34.43623541 32.60242063 78.971 0.0 0.0 0.0
1 18.64084472 34.43623541 32.3097848 118.71 0.0 0.0 0.0
1 15.90757954 36.52327998 33.1067734 118.71 0.0 0.0 0.0
1 21.66565025 36.52327998 34.49033674 118.71 0.0 0.0 0.0
1 12.88277401 34.43623541 30.92622146 118.71 0.0 0.0 0.0
0 15.63276905 34.43623541 34.99468951 78.971 0.0 0.0 0.0
0 18.91565521 36.52327998 39.14407645 78.971 0.0 0.0 0.0
0 13.1575845 36.52327998 37.17524145 78.971 0.0 0.0 0.0
0 21.39083976 34.43623541 36.96352451 78.971 0.0 0.0 0.0
1 18.64084472 34.43623541 36.67088868 118.71 0.0 0.0 0.0
1 15.90757954 36.52327998 37.46787728 118.71 0.0 0.0 0.0
1 21.66565025 36.52327998 38.85144062 118.71 0.0 0.0 0.0
1 12.88277401 34.43623541 35.28732534 118.71 0.0 0.0 0.0
0 15.63276905 34.43623541 39.35579339 78.971 0.0 0.0 0.0
0 18.91565521 36.52327998 43.50518033 78.971 0.0 0.0 0.0
0 13.1575845 36.52327998 41.53634533 78.971 0.0 0.0 0.0
0 21.39083976 34.43623541 41.32462839 78.971 0.0 0.0 0.0
1 18.64084472 34.43623541 41.03199256 118.71 0.0 0.0 0.0
1 15.90757954 36.52327998 41.82898116 118.71 0.0 0.0 0.0
1 21.66565025 36.52327998 43.2125445 118.71 0.0 0.0 0.0
1 12.88277401 34.43623541 39.64842922 118.71 0.0 0.0 0.0
0 15.63276905 34.43623541 43.71689727 78.971 0.0 0.0 0.0
0 18.91565521 36.52327998 47.86628421 78.971 0.0 0.0 0.0
0 13.1575845 36.52327998 45.89744921 78.971 0.0 0.0 0.0
0 21.39083976 34.43623541 45.68573227 78.971 0.0 0.0 0.0
1 18.64084472 34.43623541 45.39309644 118.71 0.0 0.0 0.0
1 15.90757954 36.52327998 46.19008504 118.71 0.0 0.0 0.0
1 21.66565025 36.52327998 47.57364838 118.71 0.0 0.0 0.0
1 12.88277401 34.43623541 44.0095331 118.71 0.0 0.0 0.0
0 15.63276905 38.61032455 0.10585847 78.971 0.0 0.0 0.0
0 18.91565521 40.69736912 4.25524541 78.971 0.0 0.0 0.0
0 13.1575845 40.69736912 2.28641041 78.971 0.0 0.0 0.0
0 21.39083976 38.61032455 2.07469347 78.971 0.0 0.0 0.0
1 18.64084472 38.61032455 1.78205764 118.71 0.0 0.0 0.0
1 15.90757954 40.69736912 2.57904624 118.71 0.0 0.0 0.0
1 21.66565025 40.69736912 3.96260958 118.71 0.0 0.0 0.0
1 12.88277401 38.61032455 0.3984943 118.71 0.0 0.0 0.0
0 15.63276905 38.61032455 4.46696235 78.971 0.0 0.0 0.0
0 18.91565521 40.69736912 8.61634929 78.971 0.0 0.0 0.0
0 13.1575845 40.69736912 6.64751429 78.971 0.0 0.0 0.0
0 21.39083976 38.61032455 6.43579735 78.971 0.0 0.0 0.0
1 18.64084472 38.61032455 6.14316152 118.71 0.0 0.0 0.0
1 15.90757954 40.69736912 6.94015012 118.71 0.0 0.0 0.0
1 21.66565025 40.69736912 8.32371346 118.71 0.0 0.0 0.0
1 12.88277401 38.61032455 4.75959818 118.71 0.0 0.0 0.0
0 15.63276905 38.61032455 8.82806623 78.971 0.0 0.0 0.0
0 18.91565521 40.69736912 12.97745317 78.971 0.0 0.0 0.0
0 13.1575845 40.69736912 11.00861817 78.971 0.0 0.0 0.0
0 21.39083976 38.61032455 10.79690123 78.971 0.0 0.0 0.0
1 18.64084472 38.61032455 10.5042654 118.71 0.0 0.0 0.0
1 15.90757954 40.69736912 11.301254 118.71 0.0 0.0 0.0
1 21.66565025 40.69736912 12.68481734 118.71 0.0 0.0 0.0
1 12.88277401 38.61032455 9.12070206 118.71 0.0 0.0 0.0
0 15.63276905 38.61032455 13.18917011 78.971 0.0 0.0 0.0
0 18.91565521 40.69736912 17.33855705 78.971 0.0 0.0 0.0
0 13.1575845 40.69736912 15.36972205 78.971 0.0 0.0 0.0
0 21.39083976 38.61032455 15.15800511 78.971 0.0 0.0 0.0
1 18.64084472 38.61032455 14.86536928 118.71 0.0 0.0 0.0
1 15.90757954 40.69736912 15.66235788 118.71 0.0 0.0 0.0
1 21.66565025 40.69736912 17.04592122 118.71 0.0 0.0 0.0
1 12.88277401 38.61032455 13.48180594 118.71 0.0 0.0 0.0
0 15.63276905 38.61032455 17.55027399 78.971 0.0 0.0 0.0
0 18.91565521 40.69736912 21.69966093 78.971 0.0 0.0 0.0
0 13.1575845 40.69736912 19.73082593 78.971 0.0 0.0 0.0
0 21.39083976 38.61032455 19.51910899 78.971 0.0 0.0 0.0
1 18.64084472 38.61032455 19.22647316 118.71 0.0 0.0 0.0
1 15.90757954 40.69736912 20.02346176 118.71 0.0 0.0 0.0
1 21.66565025 40.69736912 21.4070251 118.71 0.0 0.0 0.0
1 12.88277401 38.61032455 17.84290982 118.71 0.0 0.0 0.0
0 15.63276905 38.61032455 21.91137787 78.971 0.0 0.0 0.0
0 18.91565521 40.69736912 26.06076481 78.971 0.0 0.0 0.0
0 13.1575845 40.69736912 24.09192981 78.971 0.0 0.0 0.0
0 21.39083976 38.61032455 23.88021287 78.971 0.0 0.0 0.0
1 18.64084472 38.61032455 23.58757704 118.71 0.0 0.0 0.0
1 15.90757954 40.69736912 24.38456564 118.71 0.0 0.0 0.0
1 21.66565025 40.69736912 25.76812898 118.71 0.0 0.0 0.0
1 12.88277401 38.61032455 22.2040137 118.71 0.0 0.0 0.0
0 15.63276905 38.61032455 26.27248175 78.971 0.0 0.0 0.0
0 18.91565521 40.69736912 30.42186869 78.971 0.0 0.0 0.0
0 13.1575845 40.69736912 28.45303369 78.971 0.0 0.0 0.0
0 21.39083976 38.61032455 28.24131675 78.971 0.0 0.0 0.0
1 18.64084472 38.61032455 27.94868092 118.71 0.0 0.0 0.0
1 15.90757954 40.69736912 28.74566952 118.71 0.0 0.0 0.0
1 21.66565025 40.69736912 30.12923286 118.71 0.0 0.0 0.0
1 12.88277401 38.61032455 26.56511758 118.71 0.0 0.0 0.0
0 15.63276905 38.61032455 30.63358563 78.971 0.0 0.0 0.0
0 18.91565521 40.69736912 34.78297257 78.971 0.0 0.0 0.0
0 13.1575845 40.69736912 32.81413757 78.971 0.0 0.0 0.0
0 21.39083976 38.61032455 32.60242063 78.971 0.0 0.0 0.0
1 18.64084472 38.61032455 32.3097848 118.71 0.0 0.0 0.0
1 15.90757954 40.69736912 33.1067734 118.71 0.0 0.0 0.0
1 21.66565025 40.69736912 34.49033674 118.71 0.0 0.0 0.0
1 12.88277401 38.61032455 30.92622146 118.71 0.0 0.0 0.0
0 15.63276905 38.61032455 34.99468951 78.971 0.0 0.0 0.0
0 18.91565521 40.69736912 39.14407645 78.971 0.0 0.0 0.0
0 13.1575845 40.69736912 37.17524145 78.971 0.0 0.0 0.0
0 21.39083976 38.61032455 36.96352451 78.971 0.0 0.0 0.0
1 18.64084472 38.61032455 36.67088868 118.71 0.0 0.0 0.0
1 15.90757954 40.69736912 37.46787728 118.71 0.0 0.0 0.0
1 21.66565025 40.69736912 38.85144062 118.71 0.0 0.0 0.0
1 12.88277401 38.61032455 35.28732534 118.71 0.0 0.0 0.0
0 15.63276905 38.61032455 39.35579339 78.971 0.0 0.0 0.0
0 18.91565521 40.69736912 43.50518033 78.971 0.0 0.0 0.0
0 13.1575845 40.69736912 41.53634533 78.971 0.0 0.0 0.0
0 21.39083976 38.61032455 41.32462839 78.971 0.0 0.0 0.0
1 18.64084472 38.61032455 41.03199256 118.71 0.0 0.0 0.0
1 15.90757954 40.69736912 41.82898116 118.71 0.0 0.0 0.0
1 21.66565025 40.69736912 43.2125445 118.71 0.0 0.0 0.0
1 12.88277401 38.61032455 39.64842922 118.71 0.0 0.0 0.0
0 15.63276905 38.61032455 43.71689727 78.971 0.0 0.0 0.0
0 18.91565521 40.69736912 47.86628421 78.971 0.0 0.0 0.0
0 13.1575845 40.69736912 45.89744921 78.971 0.0 0.0 0.0
0 21.39083976 38.61032455 45.68573227 78.971 0.0 0.0 0.0
1 18.64084472 38.61032455 45.39309644 118.71 0.0 0.0 0.0
1 15.90757954 40.69736912 46.19008504 118.71 0.0 0.0 0.0
1 21.66565025 40.69736912 47.57364838 118.71 0.0 0.0 0.0
1 12.88277401 38.61032455 44.0095331 118.71 0.0 0.0 0.0
0 15.63276905 42.78441369 0.10585847 78.971 0.0 0.0 0.0
0 18.91565521 44.87145826 4.25524541 78.971 0.0 0.0 0.0
0 13.1575845 44.87145826 2.28641041 78.971 0.0 0.0 0.0
0 21.39083976 42.78441369 2.07469347 78.971 0.0 0.0 0.0
1 18.64084472 42.78441369 1.78205764 118.71 0.0 0.0 0.0
1 15.90757954 44.87145826 2.57904624 118.71 0.0 0.0 0.0
1 21.66565025 44.87145826 3.96260958 118.71 0.0 0.0 0.0
1 12.88277401 42.78441369 0.3984943 118.71 0.0 0.0 0.0
0 15.63276905 42.78441369 4.46696235 78.971 0.0 0.0 0.0
0 18.91565521 44.87145826 8.61634929 78.971 0.0 0.0 0.0
0 13.1575845 44.87145826 6.64751429 78.971 0.0 0.0 0.0
0 21.39083976 42.78441369 6.43579735 78.971 0.0 0.0 0.0
1 18.64084472 42.78441369 6.14316152 118.71 0.0 0.0 0.0
1 15.90757954 44.87145826 6.94015012 118.71 0.0 0.0 0.0
1 21.66565025 44.87145826 8.32371346 118.71 0.0 0.0 0.0
1 12.88277401 42.78441369 4.75959818 118.71 0.0 0.0 0.0
0 15.63276905 42.78441369 8.82806623 78.971 0.0 0.0 0.0
0 18.91565521 44.87145826 12.97745317 78.971 0.0 0.0 0.0
0 13.1575845 44.87145826 11.00861817 78.971 0.0 0.0 0.0
0 21.39083976 42.78441369 10.79690123 78.971 0.0 0.0 0.0
1 18.64084472 42.78441369 10.5042654 118.71 0.0 0.0 0.0
1 15.90757954 44.87145826 11.301254 118.71 0.0 0.0 0.0
1 21.66565025 44.87145826 12.68481734 118.71 0.0 0.0 0.0
1 12.88277401 42.78441369 9.12070206 118.71 0.0 0.0 0.0
0 15.63276905 42.78441369 13.18917011 78.971 0.0 0.0 0.0
0 18.91565521 44.87145826 17.33855705 78.971 0.0 0.0 0.0
0 13.1575845 44.87145826 15.36972205 78.971 0.0 0.0 0.0
0 21.39083976 42.78441369 15.15800511 78.971 0.0 0.0 0.0
1 18.64084472 42.78441369 14.86536928 118.71 0.0 0.0 0.0
1 15.90757954 44.87145826 15.66235788 118.71 0.0 0.0 0.0
1 21.66565025 44.87145826 17.04592122 118.71 0.0 0.0 0.0
1 12.88277401 42.78441369 13.48180594 118.71 0.0 0.0 0.0
0 15.63276905 42.78441369 17.55027399 78.971 0.0 0.0 0.0
0 18.91565521 44.87145826 21.69966093 78.971 0.0 0.0 0.0
0 13.1575845 44.87145826 19.73082593 78.971 0.0 0.0 0.0
0 21.39083976 42.78441369 19.51910899 78.971 0.0 0.0 0.0
1 18.64084472 42.78441369 19.22647316 118.71 0.0 0.0 0.0
1 15.90757954 44.87145826 20.02346176 118.71 0.0 0.0 0.0
1 21.66565025 44.87145826 21.4070251 118.71 0.0 0.0 0.0
1 12.88277401 42.78441369 17.84290982 118.71 0.0 0.0 0.0
0 15.63276905 42.78441369 21.91137787 78.971 0.0 0.0 0.0
0 18.91565521 44.87145826 26.06076481 78.971 0.0 0.0 0.0
0 13.1575845 44.87145826 24.09192981 78.971 0.0 0.0 0.0
0 21.39083976 42.78441369 23.88021287 78.971 0.0 0.0 0.0
1 18.64084472 42.78441369 23.58757704 118.71 0.0 0.0 0.0
1 15.90757954 44.87145826 24.38456564 118.71 0.0 0.0 0.0
1 21.66565025 44.87145826 25.76812898 118.71 0.0 0.0 0.0
1 12.88277401 42.78441369 22.2040137 118.71 0.0 0.0 0.0
0 15.63276905 42.78441369 26.27248175 78.971 0.0 0.0 0.0
0 18.91565521 44.87145826 30.42186869 78.971 0.0 0.0 0.0
0 13.1575845 44.87145826 28.45303369 78.971 0.0 0.0 0.0
0 21.39083976 42.78441369 28.24131675 78.971 0.0 0.0 0.0
1 18.64084472 42.78441369 27.94868092 118.71 0.0 0.0 0.0
1 15.90757954 44.87145826 28.74566952 118.71 0.0 0.0 0.0
1 21.66565025 44.87145826 30.12923286 118.71 0.0 0.0 0.0
1 12.88277401 42.78441369 26.56511758 118.71 0.0 0.0 0.0
0 15.63276905 42.78441369 30.63358563 78.971 0.0 0.0 0.0
0 18.91565521 44.87145826 34.78297257 78.971 0.0 0.0 0.0
0 13.1575845 44.87145826 32.81413757 78.971 0.0 0.0 0.0
0 21.39083976 42.78441369 32.60242063 78.971 0.0 0.0 0.0
1 18.64084472 42.78441369 32.3097848 118.71 0.0 0.0 0.0
1 15.90757954 44.87145826 33.1067734 118.71 0.0 0.0 0.0
1 21.66565025 44.87145826 34.49033674 118.71 0.0 0.0 0.0
1 12.88277401 42.78441369 30.92622146 118.71 0.0 0.0 0.0
0 15.63276905 42.78441369 34.99468951 78.971 0.0 0.0 0.0
0 18.91565521 44.87145826 39.14407645 78.971 0.0 0.0 0.0
0 13.1575845 44.87145826 37.17524145 78.971 0.0 0.0 0.0
0 21.39083976 42.78441369 36.96352451 78.971 0.0 0.0 0.0
1 18.64084472 42.78441369 36.67088868 118.71 0.0 0.0 0.0
1 15.90757954 44.87145826 37.46787728 118.71 0.0 0.0 0.0
1 21.66565025 44.87145826 38.85144062 118.71 0.0 0.0 0.0
1 12.88277401 42.78441369 35.28732534 118.71 0.0 0.0 0.0
0 15.63276905 42.78441369 39.35579339 78.971 0.0 0.0 0.0
0 18.91565521 44.87145826 43.50518033 78.971 0.0 0.0 0.0
0 13.1575845 44.87145826 41.53634533 78.971 0.0 0.0 0.0
0 21.39083976 42.78441369 41.32462839 78.971 0.0 0.0 0.0
1 18.64084472 42.78441369 41.03199256 118.71 0.0 0.0 0.0
1 15.90757954 44.87145826 41.82898116 118.71 0.0 0.0 0.0
1 21.66565025 44.87145826 43.2125445 118.71 0.0 0.0 0.0
1 12.88277401 42.78441369 39.64842922 118.71 0.0 0.0 0.0
0 15.63276905 42.78441369 43.71689727 78.971 0.0 0.0 0.0
0 18.91565521 44.87145826 47.86628421 78.971 0.0 0.0 0.0
0 13.1575845 44.87145826 45.89744921 78.971 0.0 0.0 0.0
0 21.39083976 42.78441369 45.68573227 78.971 0.0 0.0 0.0
1 18.64084472 42.78441369 45.39309644 118.71 0.0 0.0 0.0
1 15.90757954 44.87145826 46.19008504 118.71 0.0 0.0 0.0
1 21.66565025 44.87145826 47.57364838 118.71 0.0 0.0 0.0
1 12.88277401 42.78441369 44.0095331 118.71 0.0 0.0 0.0
0 27.14891047 1.04352229 0.10585847 78.971 0.0 0.0 0.0
0 30.43179663 3.13056686 4.25524541 78.971 0.0 0.0 0.0
0 24.67372592 3.13056686 2.28641041 78.971 0.0 0.0 0.0
0 32.90698118 1.04352229 2.07469347 78.971 0.0 0.0 0.0
1 30.15698614 1.04352229 1.78205764 118.71 0.0 0.0 0.0
1 27.42372096 3.13056686 2.57904624 118.71 0.0 0.0 0.0
1 33.18179167 3.13056686 3.96260958 118.71 0.0 0.0 0.0
1 24.39891543 1.04352229 0.3984943 118.71 0.0 0.0 0.0
0 27.14891047 1.04352229 4.46696235 78.971 0.0 0.0 0.0
0 30.43179663 3.13056686 8.61634929 78.971 0.0 0.0 0.0
0 24.67372592 3.13056686 6.64751429 78.971 0.0 0.0 0.0
0 32.90698118 1.04352229 6.43579735 78.971 0.0 0.0 0.0
1 30.15698614 1.04352229 6.14316152 118.71 0.0 0.0 0.0
1 27.42372096 3.13056686 6.94015012 118.71 0.0 0.0 0.0
1 33.18179167 3.13056686 8.32371346 118.71 0.0 0.0 0.0
1 24.39891543 1.04352229 4.75959818 118.71 0.0 0.0 0.0
0 27.14891047 1.04352229 8.82806623 78.971 0.0 0.0 0.0
0 30.43179663 3.13056686 12.97745317 78.971 0.0 0.0 0.0
0 24.67372592 3.13056686 11.00861817 78.971 0.0 0.0 0.0
0 32.90698118 1.04352229 10.79690123 78.971 0.0 0.0 0.0
1 30.15698614 1.04352229 10.5042654 118.71 0.0 0.0 0.0
1 27.42372096 3.13056686 11.301254 118.71 0.0 0.0 0.0
1 33.18179167 3.13056686 12.68481734 118.71 0.0 0.0 0.0
1 24.39891543 1.04352229 9.12070206 118.71 0.0 0.0 0.0
0 27.14891047 1.04352229 13.18917011 78.971 0.0 0.0 0.0
0 30.43179663 3.13056686 17.33855705 78.971 0.0 0.0 0.0
0 24.67372592 3.13056686 15.36972205 78.971 0.0 0.0 0.0
0 32.90698118 1.04352229 15.15800511 78.971 0.0 0.0 0.0
1 30.15698614 1.04352229 14.86536928 118.71 0.0 0.0 0.0
1 27.42372096 3.13056686 15.66235788 118.71 0.0 0.0 0.0
1 33.18179167 3.13056686 17.04592122 118.71 0.0 0.0 0.0
1 24.39891543 1.04352229 13.48180594 118.71 0.0 0.0 0.0
0 27.14891047 1.04352229 17.55027399 78.971 0.0 0.0 0.0
0 30.43179663 3.13056686 21.69966093 78.971 0.0 0.0 0.0
0 24.67372592 3.13056686 19.73082593 78.971 0.0 0.0 0.0
0 32.90698118 1.04352229 19.51910899 78.971 0.0 0.0 0.0
1 30.15698614 1.04352229 19.22647316 118.71 0.0 0.0 0.0
1 27.42372096 3.13056686 20.02346176 118.71 0.0 0.0 0.0
1 33.18179167 3.13056686 21.4070251 118.71 0.0 0.0 0.0
1 24.39891543 1.04352229 17.84290982 118.71 0.0 0.0 0.0
0 27.14891047 1.04352229 21.91137787 78.971 0.0 0.0 0.0
0 30.43179663 3.13056686 26.06076481 78.971 0.0 0.0 0.0
0 24.67372592 3.13056686 24.09192981 78.971 0.0 0.0 0.0
0 32.90698118 1.04352229 23.88021287 78.971 0.0 0.0 0.0
1 30.15698614 1.04352229 23.58757704 118.71 0.0 0.0 0.0
1 27.42372096 3.13056686 24.38456564 118.71 0.0 0.0 0.0
1 33.18179167 3.13056686 25.76812898 118.71 0.0 0.0 0.0
1 24.39891543 1.04352229 22.2040137 118.71 0.0 0.0 0.0
0 27.14891047 1.04352229 26.27248175 78.971 0.0 0.0 0.0
0 30.43179663 3.13056686 30.42186869 78.971 0.0 0.0 0.0
0 24.67372592 3.13056686 28.45303369 78.971 0.0 0.0 0.0
0 32.90698118 1.04352229 28.24131675 78.971 0.0 0.0 0.0
1 30.15698614 1.04352229 27.94868092 118.71 0.0 0.0 0.0
1 27.42372096 3.13056686 28.74566952 118.71 0.0 0.0 0.0
1 33.18179167 3.13056686 30.12923286 118.71 0.0 0.0 0.0
1 24.39891543 1.04352229 26.56511758 118.71 0.0 0.0 0.0
0 27.14891047 1.04352229 30.63358563 78.971 0.0 0.0 0.0
0 30.43179663 3.13056686 34.78297257 78.971 0.0 0.0 0.0
0 24.67372592 3.13056686 32.81413757 78.971 0.0 0.0 0.0
0 32.90698118 1.04352229 32.60242063 78.971 0.0 0.0 0.0
1 30.15698614 1.04352229 32.3097848 118.71 0.0 0.0 0.0
1 27.42372096 3.13056686 33.1067734 118.71 0.0 0.0 0.0
1 33.18179167 3.13056686 34.49033674 118.71 0.0 0.0 0.0
1 24.39891543 1.04352229 30.92622146 118.71 0.0 0.0 0.0
0 27.14891047 1.04352229 34.99468951 78.971 0.0 0.0 0.0
0 30.43179663 3.13056686 39.14407645 78.971 0.0 0.0 0.0
0 24.67372592 3.13056686 37.17524145 78.971 0.0 0.0 0.0
0 32.90698118 1.04352229 36.96352451 78.971 0.0 0.0 0.0
1 30.15698614 1.04352229 36.67088868 118.71 0.0 0.0 0.0
1 27.42372096 3.13056686 37.46787728 118.71 0.0 0.0 0.0
1 33.18179167 3.13056686 38.85144062 118.71 0.0 0.0 0.0
1 24.39891543 1.04352229 35.28732534 118.71 0.0 0.0 0.0
0 27.14891047 1.04352229 39.35579339 78.971 0.0 0.0 0.0
0 30.43179663 3.13056686 43.50518033 78.971 0.0 0.0 0.0
0 24.67372592 3.13056686 41.53634533 78.971 0.0 0.0 0.0
0 32.90698118 1.04352229 41.32462839 78.971 0.0 0.0 0.0
1 30.15698614 1.04352229 41.03199256 118.71 0.0 0.0 0.0
1 27.42372096 3.13056686 41.82898116 118.71 0.0 0.0 0.0
1 33.18179167 3.13056686 43.2125445 118.71 0.0 0.0 0.0
1 24.39891543 1.04352229 39.64842922 118.71 0.0 0.0 0.0
0 27.14891047 1.04352229 43.71689727 78.971 0.0 0.0 0.0
0 30.43179663 3.13056686 47.86628421 78.971 0.0 0.0 0.0
0 24.67372592 3.13056686 45.89744921 78.971 0.0 0.0 0.0
0 32.90698118 1.04352229 45.68573227 78.971 0.0 0.0 0.0
1 30.15698614 1.04352229 45.39309644 118.71 0.0 0.0 0.0
1 27.42372096 3.13056686 46.19008504 118.71 0.0 0.0 0.0
1 33.18179167 3.13056686 47.57364838 118.71 0.0 0.0 0.0
1 24.39891543 1.04352229 44.0095331 118.71 0.0 0.0 0.0
0 27.14891047 5.21761143 0.10585847 78.971 0.0 0.0 0.0
0 30.43179663 7.304656 4.25524541 78.971 0.0 0.0 0.0
0 24.67372592 7.304656 2.28641041 78.971 0.0 0.0 0.0
0 32.90698118 5.21761143 2.07469347 78.971 0.0 0.0 0.0
1 30.15698614 5.21761143 1.78205764 118.71 0.0 0.0 0.0
1 27.42372096 7.304656 2.57904624 118.71 0.0 0.0 0.0
1 33.18179167 7.304656 3.96260958 118.71 0.0 0.0 0.0
1 24.39891543 5.21761143 0.3984943 118.71 0.0 0.0 0.0
0 27.14891047 5.21761143 4.46696235 78.971 0.0 0.0 0.0
0 30.43179663 7.304656 8.61634929 78.971 0.0 0.0 0.0
0 24.67372592 7.304656 6.64751429 78.971 0.0 0.0 0.0
0 32.90698118 5.21761143 6.43579735 78.971 0.0 0.0 0.0
1 30.15698614 5.21761143 6.14316152 118.71 0.0 0.0 0.0
1 27.42372096 7.304656 6.94015012 118.71 0.0 0.0 0.0
1 33.18179167 7.304656 8.32371346 118.71 0.0 0.0 0.0
1 24.39891543 5.21761143 4.75959818 118.71 0.0 0.0 0.0
0 27.14891047 5.21761143 8.82806623 78.971 0.0 0.0 0.0
0 30.43179663 7.304656 12.97745317 78.971 0.0 0.0 0.0
0 24.67372592 7.304656 11.00861817 78.971 0.0 0.0 0.0
0 32.90698118 5.21761143 10.79690123 78.971 0.0 0.0 0.0
1 30.15698614 5.21761143 10.5042654 118.71 0.0 0.0 0.0
1 27.42372096 7.304656 11.301254 118.71 0.0 0.0 0.0
1 33.18179167 7.304656 12.68481734 118.71 0.0 0.0 0.0
1 24.39891543 5.21761143 9.12070206 118.71 0.0 0.0 0.0
0 27.14891047 5.21761143 13.18917011 78.971 0.0 0.0 0.0
0 30.43179663 7.304656 17.33855705 78.971 0.0 0.0 0.0
0 24.67372592 7.304656 15.36972205 78.971 0.0 0.0 0.0
0 32.90698118 5.21761143 15.15800511 78.971 0.0 0.0 0.0
1 30.15698614 5.21761143 14.86536928 118.71 0.0 0.0 0.0
1 27.42372096 7.304656 15.66235788 118.71 0.0 0.0 0.0
1 33.18179167 7.304656 17.04592122 118.71 0.0 0.0 0.0
1 24.39891543 5.21761143 13.48180594 118.71 0.0 0.0 0.0
0 27.14891047 5.21761143 17.55027399 78.971 0.0 0.0 0.0
0 30.43179663 7.304656 21.69966093 78.971 0.0 0.0 0.0
0 24.67372592 7.304656 19.73082593 78.971 0.0 0.0 0.0
0 32.90698118 5.21761143 19.51910899 78.971 0.0 0.0 0.0
1 30.15698614 5.21761143 19.22647316 118.71 0.0 0.0 0.0
1 27.42372096 7.304656 20.02346176 118.71 0.0 0.0 0.0
1 33.18179167 7.304656 21.4070251 118.71 0.0 0.0 0.0
1 24.39891543 5.21761143 17.84290982 118.71 0.0 0.0 0.0
0 27.14891047 5.21761143 21.91137787 78.971 0.0 0.0 0.0
0 30.43179663 7.304656 26.06076481 78.971 0.0 0.0 0.0
0 24.67372592 7.304656 24.09192981 78.971 0.0 0.0 0.0
0 32.90698118 5.21761143 23.88021287 78.971 0.0 0.0 0.0
1 30.15698614 5.21761143 23.58757704 118.71 0.0 0.0 0.0
1 27.42372096 7.304656 24.38456564 118.71 0.0 0.0 0.0
1 33.18179167 7.304656 25.76812898 118.71 0.0 0.0 0.0
1 24.39891543 5.21761143 22.2040137 118.71 0.0 0.0 0.0
0 27.14891047 5.21761143 26.27248175 78.971 0.0 0.0 0.0
0 30.43179663 7.304656 30.42186869 78.971 0.0 0.0 0.0
0 24.67372592 7.304656 28.45303369 78.971 0.0 0.0 0.0
0 32.90698118 5.21761143 28.24131675 78.971 0.0 0.0 0.0
1 30.15698614 5.21761143 27.94868092 118.71 0.0 0.0 0.0
1 27.42372096 7.304656 28.74566952 118.71 0.0 0.0 0.0
1 33.18179167 7.304656 30.12923286 118.71 0.0 0.0 0.0
1 24.39891543 5.21761143 26.56511758 118.71 0.0 0.0 0.0
0 27.14891047 5.21761143 30.63358563 78.971 0.0 0.0 0.0
0 30.43179663 7.304656 34.78297257 78.971 0.0 0.0 0.0
0 24.67372592 7.304656 32.81413757 78.971 0.0 0.0 0.0
0 32.90698118 5.21761143 32.60242063 78.971 0.0 0.0 0.0
1 30.15698614 5.21761143 32.3097848 118.71 0.0 0.0 0.0
1 27.42372096 7.304656 33.1067734 118.71 0.0 0.0 0.0
1 33.18179167 7.304656 34.49033674 118.71 0.0 0.0 0.0
1 24.39891543 5.21761143 30.92622146 118.71 0.0 0.0 0.0
0 27.14891047 5.21761143 34.99468951 78.971 0.0 0.0 0.0
0 30.43179663 7.304656 39.14407645 78.971 0.0 0.0 0.0
0 24.67372592 7.304656 37.17524145 78.971 0.0 0.0 0.0
0 32.90698118 5.21761143 36.96352451 78.971 0.0 0.0 0.0
1 30.15698614 5.21761143 36.67088868 118.71 0.0 0.0 0.0
1 27.42372096 7.304656 37.46787728 118.71 0.0 0.0 0.0
1 33.18179167 7.304656 38.85144062 118.71 0.0 0.0 0.0
1 24.39891543 5.21761143 35.28732534 118.71 0.0 0.0 0.0
0 27.14891047 5.21761143 39.35579339 78.971 0.0 0.0 0.0
0 30.43179663 7.304656 43.50518033 78.971 0.0 0.0 0.0
0 24.67372592 7.304656 41.53634533 78.971 0.0 0.0 0.0
0 32.90698118 5.21761143 41.32462839 78.971 0.0 0.0 0.0
1 30.15698614 5.21761143 41.03199256 118.71 0.0 0.0 0.0
1 27.42372096 7.304656 41.82898116 118.71 0.0 0.0 0.0
1 33.18179167 7.304656 43.2125445 118.71 0.0 0.0 0.0
1 24.39891543 5.21761143 39.64842922 118.71 0.0 0.0 0.0
0 27.14891047 5.21761143 43.71689727 78.971 0.0 0.0 0.0
0 30.43179663 7.304656 47.86628421 78.971 0.0 0.0 0.0
0 24.67372592 7.304656 45.89744921 78.971 0.0 0.0 0.0
0 32.90698118 5.21761143 45.68573227 78.971 0.0 0.0 0.0
1 30.15698614 5.21761143 45.39309644 118.71 0.0 0.0 0.0
1 27.42372096 7.304656 46.19008504 118.71 0.0 0.0 0.0
1 33.18179167 7.304656 47.57364838 118.71 0.0 0.0 0.0
1 24.39891543 5.21761143 44.0095331 118.71 0.0 0.0 0.0
0 27.14891047 9.39170057 0.10585847 78.971 0.0 0.0 0.0
0 30.43179663 11.47874514 4.25524541 78.971 0.0 0.0 0.0
0 24.67372592 11.47874514 2.28641041 78.971 0.0 0.0 0.0
0 32.90698118 9.39170057 2.07469347 78.971 0.0 0.0 0.0
1 30.15698614 9.39170057 1.78205764 118.71 0.0 0.0 0.0
1 27.42372096 11.47874514 2.57904624 118.71 0.0 0.0 0.0
1 33.18179167 11.47874514 3.96260958 118.71 0.0 0.0 0.0
1 24.39891543 9.39170057 0.3984943 118.71 0.0 0.0 0.0
0 27.14891047 9.39170057 4.46696235 78.971 0.0 0.0 0.0
0 30.43179663 11.47874514 8.61634929 78.971 0.0 0.0 0.0
0 24.67372592 11.47874514 6.64751429 78.971 0.0 0.0 0.0
0 32.90698118 9.39170057 6.43579735 78.971 0.0 0.0 0.0
1 30.15698614 9.39170057 6.14316152 118.71 0.0 0.0 0.0
1 27.42372096 11.47874514 6.94015012 118.71 0.0 0.0 0.0
1 33.18179167 11.47874514 8.32371346 118.71 0.0 0.0 0.0
1 24.39891543 9.39170057 4.75959818 118.71 0.0 0.0 0.0
0 27.14891047 9.39170057 8.82806623 78.971 0.0 0.0 0.0
0 30.43179663 11.47874514 12.97745317 78.971 0.0 0.0 0.0
0 24.67372592 11.47874514 11.00861817 78.971 0.0 0.0 0.0
0 32.90698118 9.39170057 10.79690123 78.971 0.0 0.0 0.0
1 30.15698614 9.39170057 10.5042654 118.71 0.0 0.0 0.0
1 27.42372096 11.47874514 11.301254 118.71 0.0 0.0 0.0
1 33.18179167 11.47874514 12.68481734 118.71 0.0 0.0 0.0
1 24.39891543 9.39170057 9.12070206 118.71 0.0 0.0 0.0
0 27.14891047 9.39170057 13.18917011 78.971 0.0 0.0 0.0
0 30.43179663 11.47874514 17.33855705 78.971 0.0 0.0 0.0
0 24.67372592 11.47874514 15.36972205 78.971 0.0 0.0 0.0
0 32.90698118 9.39170057 15.15800511 78.971 0.0 0.0 0.0
1 30.15698614 9.39170057 14.86536928 118.71 0.0 0.0 0.0
1 27.42372096 11.47874514 15.66235788 118.71 0.0 0.0 0.0
1 33.18179167 11.47874514 17.04592122 118.71 0.0 0.0 0.0
1 24.39891543 9.39170057 13.48180594 118.71 0.0 0.0 0.0
0 27.14891047 9.39170057 17.55027399 78.971 0.0 0.0 0.0
0 30.43179663 11.47874514 21.69966093 78.971 0.0 0.0 0.0
0 24.67372592 11.47874514 19.73082593 78.971 0.0 0.0 0.0
0 32.90698118 9.39170057 19.51910899 78.971 0.0 0.0 0.0
1 30.15698614 9.39170057 19.22647316 118.71 0.0 0.0 0.0
1 27.42372096 11.47874514 20.02346176 118.71 0.0 0.0 0.0
1 33.18179167 11.47874514 21.4070251 118.71 0.0 0.0 0.0
1 24.39891543 9.39170057 17.84290982 118.71 0.0 0.0 0.0
0 27.14891047 9.39170057 21.91137787 78.971 0.0 0.0 0.0
0 30.43179663 11.47874514 26.06076481 78.971 0.0 0.0 0.0
0 24.67372592 11.47874514 24.09192981 78.971 0.0 0.0 0.0
0 32.90698118 9.39170057 23.88021287 78.971 0.0 0.0 0.0
1 30.15698614 9.39170057 23.58757704 118.71 0.0 0.0 0.0
1 27.42372096 11.47874514 24.38456564 118.71 0.0 0.0 0.0
1 33.18179167 11.47874514 25.76812898 118.71 0.0 0.0 0.0
1 24.39891543 9.39170057 22.2040137 118.71 0.0 0.0 0.0
0 27.14891047 9.39170057 26.27248175 78.971 0.0 0.0 0.0
0 30.43179663 11.47874514 30.42186869 78.971 0.0 0.0 0.0
0 24.67372592 11.47874514 28.45303369 78.971 0.0 0.0 0.0
0 32.90698118 9.39170057 28.24131675 78.971 0.0 0.0 0.0
1 30.15698614 9.39170057 27.94868092 118.71 0.0 0.0 0.0
1 27.42372096 11.47874514 28.74566952 118.71 0.0 0.0 0.0
1 33.18179167 11.47874514 30.12923286 118.71 0.0 0.0 0.0
1 24.39891543 9.39170057 26.56511758 118.71 0.0 0.0 0.0
0 27.14891047 9.39170057 30.63358563 78.971 0.0 0.0 0.0
0 30.43179663 11.47874514 34.78297257 78.971 0.0 0.0 0.0
0 24.67372592 11.47874514 32.81413757 78.971 0.0 0.0 0.0
0 32.90698118 9.39170057 32.60242063 78.971 0.0 0.0 0.0
1 30.15698614 9.39170057 32.3097848 118.71 0.0 0.0 0.0
1 27.42372096 11.47874514 33.1067734 118.71 0.0 0.0 0.0
1 33.18179167 11.47874514 34.49033674 118.71 0.0 0.0 0.0
1 24.39891543 9.39170057 30.92622146 118.71 0.0 0.0 0.0
0 27.14891047 9.39170057 34.99468951 78.971 0.0 0.0 0.0
0 30.43179663 11.47874514 39.14407645 78.971 0.0 0.0 0.0
0 24.67372592 11.47874514 37.17524145 78.971 0.0 0.0 0.0
0 32.90698118 9.39170057 36.96352451 78.971 0.0 0.0 0.0
1 30.15698614 9.39170057 36.67088868 118.71 0.0 0.0 0.0
1 27.42372096 11.47874514 37.46787728 118.71 0.0 0.0 0.0
1 33.18179167 11.47874514 38.85144062 118.71 0.0 0.0 0.0
1 24.39891543 9.39170057 35.28732534 118.71 0.0 0.0 0.0
0 27.14891047 9.39170057 39.35579339 78.971 0.0 0.0 0.0
0 30.43179663 11.47874514 43.50518033 78.971 0.0 0.0 0.0
0 24.67372592 11.47874514 41.53634533 78.971 0.0 0.0 0.0
0 32.90698118 9.39170057 41.32462839 78.971 0.0 0.0 0.0
1 30.15698614 9.39170057 41.03199256 118.71 0.0 0.0 0.0
1 27.42372096 11.47874514 41.82898116 118.71 0.0 0.0 0.0
1 33.18179167 11.47874514 43.2125445 118.71 0.0 0.0 0.0
1 24.39891543 9.39170057 39.64842922 118.71 0.0 0.0 0.0
0 27.14891047 9.39170057 43.71689727 78.971 0.0 0.0 0.0
0 30.43179663 11.47874514 47.86628421 78.971 0.0 0.0 0.0
0 24.67372592 11.47874514 45.89744921 78.971 0.0 0.0 0.0
0 32.90698118 9.39170057 45.68573227 78.971 0.0 0.0 0.0
1 30.15698614 9.39170057 45.39309644 118.71 0.0 0.0 0.0
1 27.42372096 11.47874514 46.19008504 118.71 0.0 0.0 0.0
1 33.18179167 11.47874514 47.57364838 118.71 0.0 0.0 0.0
1 24.39891543 9.39170057 44.0095331 118.71 0.0 0.0 0.0
0 27.14891047 13.56578971 0.10585847 78.971 0.0 0.0 0.0
0 30.43179663 15.65283428 4.25524541 78.971 0.0 0.0 0.0
0 24.67372592 15.65283428 2.28641041 78.971 0.0 0.0 0.0
0 32.90698118 13.56578971 2.07469347 78.971 0.0 0.0 0.0
1 30.15698614 13.56578971 1.78205764 118.71 0.0 0.0 0.0
1 27.42372096 15.65283428 2.57904624 118.71 0.0 0.0 0.0
1 33.18179167 15.65283428 3.96260958 118.71 0.0 0.0 0.0
1 24.39891543 13.56578971 0.3984943 118.71 0.0 0.0 0.0
0 27.14891047 13.56578971 4.46696235 78.971 0.0 0.0 0.0
0 30.43179663 15.65283428 8.61634929 78.971 0.0 0.0 0.0
0 24.67372592 15.65283428 6.64751429 78.971 0.0 0.0 0.0
0 32.90698118 13.56578971 6.43579735 78.971 0.0 0.0 0.0
1 30.15698614 13.56578971 6.14316152 118.71 0.0 0.0 0.0
1 27.42372096 15.65283428 6.94015012 118.71 0.0 0.0 0.0
1 33.18179167 15.65283428 8.32371346 118.71 0.0 0.0 0.0
1 24.39891543 13.56578971 4.75959818 118.71 0.0 0.0 0.0
0 27.14891047 13.56578971 8.82806623 78.971 0.0 0.0 0.0
0 30.43179663 15.65283428 12.97745317 78.971 0.0 0.0 0.0
0 24.67372592 15.65283428 11.00861817 78.971 0.0 0.0 0.0
0 32.90698118 13.56578971 10.79690123 78.971 0.0 0.0 0.0
1 30.15698614 13.56578971 10.5042654 118.71 0.0 0.0 0.0
1 27.42372096 15.65283428 11.301254 118.71 0.0 0.0 0.0
1 33.18179167 15.65283428 12.68481734 118.71 0.0 0.0 0.0
1 24.39891543 13.56578971 9.12070206 118.71 0.0 0.0 0.0
0 27.14891047 13.56578971 13.18917011 78.971 0.0 0.0 0.0
0 30.43179663 15.65283428 17.33855705 78.971 0.0 0.0 0.0
0 24.67372592 15.65283428 15.36972205 78.971 0.0 0.0 0.0
0 32.90698118 13.56578971 15.15800511 78.971 0.0 0.0 0.0
1 30.15698614 13.56578971 14.86536928 118.71 0.0 0.0 0.0
1 27.42372096 15.65283428 15.66235788 118.71 0.0 0.0 0.0
1 33.18179167 15.65283428 17.04592122 118.71 0.0 0.0 0.0
1 24.39891543 13.56578971 13.48180594 118.71 0.0 0.0 0.0
0 27.14891047 13.56578971 17.55027399 78.971 0.0 0.0 0.0
0 30.43179663 15.65283428 21.69966093 78.971 0.0 0.0 0.0
0 24.67372592 15.65283428 19.73082593 78.971 0.0 0.0 0.0
0 32.90698118 13.56578971 19.51910899 78.971 0.0 0.0 0.0
1 30.15698614 13.56578971 19.22647316 118.71 0.0 0.0 0.0
1 27.42372096 15.65283428 20.02346176 118.71 0.0 0.0 0.0
1 33.18179167 15.65283428 21.4070251 118.71 0.0 0.0 0.0
1 24.39891543 13.56578971 17.84290982 118.71 0.0 0.0 0.0
0 27.14891047 13.56578971 21.91137787 78.971 0.0 0.0 0.0
0 30.43179663 15.65283428 26.06076481 78.971 0.0 0.0 0.0
0 24.67372592 15.65283428 24.09192981 78.971 0.0 0.0 0.0
0 32.90698118 13.56578971 23.88021287 78.971 0.0 0.0 0.0
1 30.15698614 13.56578971 23.58757704 118.71 0.0 0.0 0.0
1 27.42372096 15.65283428 24.38456564 118.71 0.0 0.0 0.0
1 33.18179167 15.65283428 25.76812898 118.71 0.0 0.0 0.0
1 24.39891543 13.56578971 22.2040137 118.71 0.0 0.0 0.0
0 27.14891047 13.56578971 26.27248175 78.971 0.0 0.0 0.0
0 30.43179663 15.65283428 30.42186869 78.971 0.0 0.0 0.0
0 24.67372592 15.65283428 28.45303369 78.971 0.0 0.0 0.0
0 32.90698118 13.56578971 28.24131675 78.971 0.0 0.0 0.0
1 30.15698614 13.56578971 27.94868092 118.71 0.0 0.0 0.0
1 27.42372096 15.65283428 28.74566952 118.71 0.0 0.0 0.0
1 33.18179167 15.65283428 30.12923286 118.71 0.0 0.0 0.0
1 24.39891543 13.56578971 26.56511758 118.71 0.0 0.0 0.0
0 27.14891047 13.56578971 30.63358563 78.971 0.0 0.0 0.0
0 30.43179663 15.65283428 34.78297257 78.971 0.0 0.0 0.0
0 24.67372592 15.65283428 32.81413757 78.971 0.0 0.0 0.0
0 32.90698118 13.56578971 32.60242063 78.971 0.0 0.0 0.0
1 30.15698614 13.56578971 32.3097848 118.71 0.0 0.0 0.0
1 27.42372096 15.65283428 33.1067734 118.71 0.0 0.0 0.0
1 33.18179167 15.65283428 34.49033674 118.71 0.0 0.0 0.0
1 24.39891543 13.56578971 30.92622146 118.71 0.0 0.0 0.0
0 27.14891047 13.56578971 34.99468951 78.971 0.0 0.0 0.0
0 30.43179663 15.65283428 39.14407645 78.971 0.0 0.0 0.0
0 24.67372592 15.65283428 37.17524145 78.971 0.0 0.0 0.0
0 32.90698118 13.56578971 36.96352451 78.971 0.0 0.0 0.0
1 30.15698614 13.56578971 36.67088868 118.71 0.0 0.0 0.0
1 27.42372096 15.65283428 37.46787728 118.71 0.0 0.0 0.0
1 33.18179167 15.65283428 38.85144062 118.71 0.0 0.0 0.0
1 24.39891543 13.56578971 35.28732534 118.71 0.0 0.0 0.0
0 27.14891047 13.56578971 39.35579339 78.971 0.0 0.0 0.0
0 30.43179663 15.65283428 43.50518033 78.971 0.0 0.0 0.0
0 24.67372592 15.65283428 41.53634533 78.971 0.0 0.0 0.0
0 32.90698118 13.56578971 41.32462839 78.971 0.0 0.0 0.0
1 30.15698614 13.56578971 41.03199256 118.71 0.0 0.0 0.0
1 27.42372096 15.65283428 41.82898116 118.71 0.0 0.0 0.0
1 33.18179167 15.65283428 43.2125445 118.71 0.0 0.0 0.0
1 24.39891543 13.56578971 39.64842922 118.71 0.0 0.0 0.0
0 27.14891047 13.56578971 43.71689727 78.971 0.0 0.0 0.0
0 30.43179663 15.65283428 47.86628421 78.971 0.0 0.0 0.0
0 24.67372592 15.65283428 45.89744921 78.971 0.0 0.0 0.0
0 32.90698118 13.56578971 45.68573227 78.971 0.0 0.0 0.0
1 30.15698614 13.56578971 45.39309644 118.71 0.0 0.0 0.0
1 27.42372096 15.65283428 46.19008504 118.71 0.0 0.0 0.0
1 33.18179167 15.65283428 47.57364838 118.71 0.0 0.0 0.0
1 24.39891543 13.56578971 44.0095331 118.71 0.0 0.0 0.0
0 27.14891047 17.73987885 0.10585847 78.971 0.0 0.0 0.0
0 30.43179663 19.82692342 4.25524541 78.971 0.0 0.0 0.0
0 24.67372592 19.82692342 2.28641041 78.971 0.0 0.0 0.0
0 32.90698118 17.73987885 2.07469347 78.971 0.0 0.0 0.0
1 30.15698614 17.73987885 1.78205764 118.71 0.0 0.0 0.0
1 27.42372096 19.82692342 2.57904624 118.71 0.0 0.0 0.0
1 33.18179167 19.82692342 3.96260958 118.71 0.0 0.0 0.0
1 24.39891543 17.73987885 0.3984943 118.71 0.0 0.0 0.0
0 27.14891047 17.73987885 4.46696235 78.971 0.0 0.0 0.0
0 30.43179663 19.82692342 8.61634929 78.971 0.0 0.0 0.0
0 24.67372592 19.82692342 6.64751429 78.971 0.0 0.0 0.0
0 32.90698118 17.73987885 6.43579735 78.971 0.0 0.0 0.0
1 30.15698614 17.73987885 6.14316152 118.71 0.0 0.0 0.0
1 27.42372096 19.82692342 6.94015012 118.71 0.0 0.0 0.0
1 33.18179167 19.82692342 8.32371346 118.71 0.0 0.0 0.0
1 24.39891543 17.73987885 4.75959818 118.71 0.0 0.0 0.0
0 27.14891047 17.73987885 8.82806623 78.971 0.0 0.0 0.0
0 30.43179663 19.82692342 12.97745317 78.971 0.0 0.0 0.0
0 24.67372592 19.82692342 11.00861817 78.971 0.0 0.0 0.0
0 32.90698118 17.73987885 10.79690123 78.971 0.0 0.0 0.0
1 30.15698614 17.73987885 10.5042654 118.71 0.0 0.0 0.0
1 27.42372096 19.82692342 11.301254 118.71 0.0 0.0 0.0
1 33.18179167 19.82692342 12.68481734 118.71 0.0 0.0 0.0
1 24.39891543 17.73987885 9.12070206 118.71 0.0 0.0 0.0
0 27.14891047 17.73987885 13.18917011 78.971 0.0 0.0 0.0
0 30.43179663 19.82692342 17.33855705 78.971 0.0 0.0 0.0
0 24.67372592 19.82692342 15.36972205 78.971 0.0 0.0 0.0
0 32.90698118 17.73987885 15.15800511 78.971 0.0 0.0 0.0
1 30.15698614 17.73987885 14.86536928 118.71 0.0 0.0 0.0
1 27.42372096 19.82692342 15.66235788 118.71 0.0 0.0 0.0
1 33.18179167 19.82692342 17.04592122 118.71 0.0 0.0 0.0
1 24.39891543 17.73987885 13.48180594 118.71 0.0 0.0 0.0
0 27.14891047 17.73987885 17.55027399 78.971 0.0 0.0 0.0
0 30.43179663 19.82692342 21.69966093 78.971 0.0 0.0 0.0
0 24.67372592 19.82692342 19.73082593 78.971 0.0 0.0 0.0
0 32.90698118 17.73987885 19.51910899 78.971 0.0 0.0 0.0
1 30.15698614 17.73987885 19.22647316 118.71 0.0 0.0 0.0
1 27.42372096 19.82692342 20.02346176 118.71 0.0 0.0 0.0
1 33.18179167 19.82692342 21.4070251 118.71 0.0 0.0 0.0
1 24.39891543 17.73987885 17.84290982 118.71 0.0 0.0 0.0
0 27.14891047 17.73987885 21.91137787 78.971 0.0 0.0 0.0
0 30.43179663 19.82692342 26.06076481 78.971 0.0 0.0 0.0
0 24.67372592 19.82692342 24.09192981 78.971 0.0 0.0 0.0
0 32.90698118 17.73987885 23.88021287 78.971 0.0 0.0 0.0
1 30.15698614 17.73987885 23.58757704 118.71 0.0 0.0 0.0
1 27.42372096 19.82692342 24.38456564 118.71 0.0 0.0 0.0
1 33.18179167 19.82692342 25.76812898 118.71 0.0 0.0 0.0
1 24.39891543 17.73987885 22.2040137 118.71 0.0 0.0 0.0
0 27.14891047 17.73987885 26.27248175 78.971 0.0 0.0 0.0
0 30.43179663 19.82692342 30.42186869 78.971 0.0 0.0 0.0
0 24.67372592 19.82692342 28.45303369 78.971 0.0 0.0 0.0
0 32.90698118 17.73987885 28.24131675 78.971 0.0 0.0 0.0
1 30.15698614 17.73987885 27.94868092 118.71 0.0 0.0 0.0
1 27.42372096 19.82692342 28.74566952 118.71 0.0 0.0 0.0
1 33.18179167 19.82692342 30.12923286 118.71 0.0 0.0 0.0
1 24.39891543 17.73987885 26.56511758 118.71 0.0 0.0 0.0
0 27.14891047 17.73987885 30.63358563 78.971 0.0 0.0 0.0
0 30.43179663 19.82692342 34.78297257 78.971 0.0 0.0 0.0
0 24.67372592 19.82692342 32.81413757 78.971 0.0 0.0 0.0
0 32.90698118 17.73987885 32.60242063 78.971 0.0 0.0 0.0
1 30.15698614 17.73987885 32.3097848 118.71 0.0 0.0 0.0
1 27.42372096 19.82692342 33.1067734 118.71 0.0 0.0 0.0
1 33.18179167 19.82692342 34.49033674 118.71 0.0 0.0 0.0
1 24.39891543 17.73987885 30.92622146 118.71 0.0 0.0 0.0
0 27.14891047 17.73987885 34.99468951 78.971 0.0 0.0 0.0
0 30.43179663 19.82692342 39.14407645 78.971 0.0 0.0 0.0
0 24.67372592 19.82692342 37.17524145 78.971 0.0 0.0 0.0
0 32.90698118 17.73987885 36.96352451 78.971 0.0 0.0 0.0
1 30.15698614 17.73987885 36.67088868 118.71 0.0 0.0 0.0
1 27.42372096 19.82692342 37.46787728 118.71 0.0 0.0 0.0
1 33.18179167 19.82692342 38.85144062 118.71 0.0 0.0 0.0
1 24.39891543 17.73987885 35.28732534 118.71 0.0 0.0 0.0
0 27.14891047 17.73987885 39.35579339 78.971 0.0 0.0 0.0
0 30.43179663 19.82692342 43.50518033 78.971 0.0 0.0 0.0
0 24.67372592 19.82692342 41.53634533 78.971 0.0 0.0 0.0
0 32.90698118 17.73987885 41.32462839 78.971 0.0 0.0 0.0
1 30.15698614 17.73987885 41.03199256 118.71 0.0 0.0 0.0
1 27.42372096 19.82692342 41.82898116 118.71 0.0 0.0 0.0
1 33.18179167 19.82692342 43.2125445 118.71 0.0 0.0 0.0
1 24.39891543 17.73987885 39.64842922 118.71 0.0 0.0 0.0
0 27.14891047 17.73987885 43.71689727 78.971 0.0 0.0 0.0
0 30.43179663 19.82692342 47.86628421 78.971 0.0 0.0 0.0
0 24.67372592 19.82692342 45.89744921 78.971 0.0 0.0 0.0
0 32.90698118 17.73987885 45.68573227 78.971 0.0 0.0 0.0
1 30.15698614 17.73987885 45.39309644 118.71 0.0 0.0 0.0
1 27.42372096 19.82692342 46.19008504 118.71 0.0 0.0 0.0
1 33.18179167 19.82692342 47.57364838 118.71 0.0 0.0 0.0
1 24.39891543 17.73987885 44.0095331 118.71 0.0 0.0 0.0
0 27.14891047 21.91396799 0.10585847 78.971 0.0 0.0 0.0
0 30.43179663 24.00101256 4.25524541 78.971 0.0 0.0 0.0
0 24.67372592 24.00101256 2.28641041 78.971 0.0 0.0 0.0
0 32.90698118 21.91396799 2.07469347 78.971 0.0 0.0 0.0
1 30.15698614 21.91396799 1.78205764 118.71 0.0 0.0 0.0
1 27.42372096 24.00101256 2.57904624 118.71 0.0 0.0 0.0
1 33.18179167 24.00101256 3.96260958 118.71 0.0 0.0 0.0
1 24.39891543 21.91396799 0.3984943 118.71 0.0 0.0 0.0
0 27.14891047 21.91396799 4.46696235 78.971 0.0 0.0 0.0
0 30.43179663 24.00101256 8.61634929 78.971 0.0 0.0 0.0
0 24.67372592 24.00101256 6.64751429 78.971 0.0 0.0 0.0
0 32.90698118 21.91396799 6.43579735 78.971 0.0 0.0 0.0
1 30.15698614 21.91396799 6.14316152 118.71 0.0 0.0 0.0
1 27.42372096 24.00101256 6.94015012 118.71 0.0 0.0 0.0
1 33.18179167 24.00101256 8.32371346 118.71 0.0 0.0 0.0
1 24.39891543 21.91396799 4.75959818 118.71 0.0 0.0 0.0
0 27.14891047 21.91396799 8.82806623 78.971 0.0 0.0 0.0
0 30.43179663 24.00101256 12.97745317 78.971 0.0 0.0 0.0
0 24.67372592 24.00101256 11.00861817 78.971 0.0 0.0 0.0
0 32.90698118 21.91396799 10.79690123 78.971 0.0 0.0 0.0
1 30.15698614 21.91396799 10.5042654 118.71 0.0 0.0 0.0
1 27.42372096 24.00101256 11.301254 118.71 0.0 0.0 0.0
1 33.18179167 24.00101256 12.68481734 118.71 0.0 0.0 0.0
1 24.39891543 21.91396799 9.12070206 118.71 0.0 0.0 0.0
0 27.14891047 21.91396799 13.18917011 78.971 0.0 0.0 0.0
0 30.43179663 24.00101256 17.33855705 78.971 0.0 0.0 0.0
0 24.67372592 24.00101256 15.36972205 78.971 0.0 0.0 0.0
0 32.90698118 21.91396799 15.15800511 78.971 0.0 0.0 0.0
1 30.15698614 21.91396799 14.86536928 118.71 0.0 0.0 0.0
1 27.42372096 24.00101256 15.66235788 118.71 0.0 0.0 0.0
1 33.18179167 24.00101256 17.04592122 118.71 0.0 0.0 0.0
1 24.39891543 21.91396799 13.48180594 118.71 0.0 0.0 0.0
0 27.14891047 21.91396799 17.55027399 78.971 0.0 0.0 0.0
0 30.43179663 24.00101256 21.69966093 78.971 0.0 0.0 0.0
0 24.67372592 24.00101256 19.73082593 78.971 0.0 0.0 0.0
0 32.90698118 21.91396799 19.51910899 78.971 0.0 0.0 0.0
1 30.15698614 21.91396799 19.22647316 118.71 0.0 0.0 0.0
1 27.42372096 24.00101256 20.02346176 118.71 0.0 0.0 0.0
1 33.18179167 24.00101256 21.4070251 118.71 0.0 0.0 0.0
1 24.39891543 21.91396799 17.84290982 118.71 0.0 0.0 0.0
0 27.14891047 21.91396799 21.91137787 78.971 0.0 0.0 0.0
0 30.43179663 24.00101256 26.06076481 78.971 0.0 0.0 0.0
0 24.67372592 24.00101256 24.09192981 78.971 0.0 0.0 0.0
0 32.90698118 21.91396799 23.88021287 78.971 0.0 0.0 0.0
1 30.15698614 21.91396799 23.58757704 118.71 0.0 0.0 0.0
1 27.42372096 24.00101256 24.38456564 118.71 0.0 0.0 0.0
1 33.18179167 24.00101256 25.76812898 118.71 0.0 0.0 0.0
1 24.39891543 21.91396799 22.2040137 118.71 0.0 0.0 0.0
0 27.14891047 21.91396799 26.27248175 78.971 0.0 0.0 0.0
0 30.43179663 24.00101256 30.42186869 78.971 0.0 0.0 0.0
0 24.67372592 24.00101256 28.45303369 78.971 0.0 0.0 0.0
0 32.90698118 21.91396799 28.24131675 78.971 0.0 0.0 0.0
1 30.15698614 21.91396799 27.94868092 118.71 0.0 0.0 0.0
1 27.42372096 24.00101256 28.74566952 118.71 0.0 0.0 0.0
1 33.18179167 24.00101256 30.12923286 118.71 0.0 0.0 0.0
1 24.39891543 21.91396799 26.56511758 118.71 0.0 0.0 0.0
0 27.14891047 21.91396799 30.63358563 78.971 0.0 0.0 0.0
0 30.43179663 24.00101256 34.78297257 78.971 0.0 0.0 0.0
0 24.67372592 24.00101256 32.81413757 78.971 0.0 0.0 0.0
0 32.90698118 21.91396799 32.60242063 78.971 0.0 0.0 0.0
1 30.15698614 21.91396799 32.3097848 118.71 0.0 0.0 0.0
1 27.42372096 24.00101256 33.1067734 118.71 0.0 0.0 0.0
1 33.18179167 24.00101256 34.49033674 118.71 0.0 0.0 0.0
1 24.39891543 21.91396799 30.92622146 118.71 0.0 0.0 0.0
0 27.14891047 21.91396799 34.99468951 78.971 0.0 0.0 0.0
0 30.43179663 24.00101256 39.14407645 78.971 0.0 0.0 0.0
0 24.67372592 24.00101256 37.17524145 78.971 0.0 0.0 0.0
0 32.90698118 21.91396799 36.96352451 78.971 0.0 0.0 0.0
1 30.15698614 21.91396799 36.67088868 118.71 0.0 0.0 0.0
1 27.42372096 24.00101256 37.46787728 118.71 0.0 0.0 0.0
1 33.18179167 24.00101256 38.85144062 118.71 0.0 0.0 0.0
1 24.39891543 21.91396799 35.28732534 118.71 0.0 0.0 0.0
0 27.14891047 21.91396799 39.35579339 78.971 0.0 0.0 0.0
0 30.43179663 24.00101256 43.50518033 78.971 0.0 0.0 0.0
0 24.67372592 24.00101256 41.53634533 78.971 0.0 0.0 0.0
0 32.90698118 21.91396799 41.32462839 78.971 0.0 0.0 0.0
1 30.15698614 21.91396799 41.03199256 118.71 0.0 0.0 0.0
1 27.42372096 24.00101256 41.82898116 118.71 0.0 0.0 0.0
1 33.18179167 24.00101256 43.2125445 118.71 0.0 0.0 0.0
1 24.39891543 21.91396799 39.64842922 118.71 0.0 0.0 0.0
0 27.14891047 21.91396799 43.71689727 78.971 0.0 0.0 0.0
0 30.43179663 24.00101256 47.86628421 78.971 0.0 0.0 0.0
0 24.67372592 24.00101256 45.89744921 78.971 0.0 0.0 0.0
0 32.90698118 21.91396799 45.68573227 78.971 0.0 0.0 0.0
1 30.15698614 21.91396799 45.39309644 118.71 0.0 0.0 0.0
1 27.42372096 24.00101256 46.19008504 118.71 0.0 0.0 0.0
1 33.18179167 24.00101256 47.57364838 118.71 0.0 0.0 0.0
1 24.39891543 21.91396799 44.0095331 118.71 0.0 0.0 0.0
0 27.14891047 26.08805713 0.10585847 78.971 0.0 0.0 0.0
0 30.43179663 28.1751017 4.25524541 78.971 0.0 0.0 0.0
0 24.67372592 28.1751017 2.28641041 78.971 0.0 0.0 0.0
0 32.90698118 26.08805713 2.07469347 78.971 0.0 0.0 0.0
1 30.15698614 26.08805713 1.78205764 118.71 0.0 0.0 0.0
1 27.42372096 28.1751017 2.57904624 118.71 0.0 0.0 0.0
1 33.18179167 28.1751017 3.96260958 118.71 0.0 0.0 0.0
1 24.39891543 26.08805713 0.3984943 118.71 0.0 0.0 0.0
0 27.14891047 26.08805713 4.46696235 78.971 0.0 0.0 0.0
0 30.43179663 28.1751017 8.61634929 78.971 0.0 0.0 0.0
0 24.67372592 28.1751017 6.64751429 78.971 0.0 0.0 0.0
0 32.90698118 26.08805713 6.43579735 78.971 0.0 0.0 0.0
1 30.15698614 26.08805713 6.14316152 118.71 0.0 0.0 0.0
1 27.42372096 28.1751017 6.94015012 118.71 0.0 0.0 0.0
1 33.18179167 28.1751017 8.32371346 118.71 0.0 0.0 0.0
1 24.39891543 26.08805713 4.75959818 118.71 0.0 0.0 0.0
0 27.14891047 26.08805713 8.82806623 78.971 0.0 0.0 0.0
0 30.43179663 28.1751017 12.97745317 78.971 0.0 0.0 0.0
0 24.67372592 28.1751017 11.00861817 78.971 0.0 0.0 0.0
0 32.90698118 26.08805713 10.79690123 78.971 0.0 0.0 0.0
1 30.15698614 26.08805713 10.5042654 118.71 0.0 0.0 0.0
1 27.42372096 28.1751017 11.301254 118.71 0.0 0.0 0.0
1 33.18179167 28.1751017 12.68481734 118.71 0.0 0.0 0.0
1 24.39891543 26.08805713 9.12070206 118.71 0.0 0.0 0.0
0 27.14891047 26.08805713 13.18917011 78.971 0.0 0.0 0.0
0 30.43179663 28.1751017 17.33855705 78.971 0.0 0.0 0.0
0 24.67372592 28.1751017 15.36972205 78.971 0.0 0.0 0.0
0 32.90698118 26.08805713 15.15800511 78.971 0.0 0.0 0.0
1 30.15698614 26.08805713 14.86536928 118.71 0.0 0.0 0.0
1 27.42372096 28.1751017 15.66235788 118.71 0.0 0.0 0.0
1 33.18179167 28.1751017 17.04592122 118.71 0.0 0.0 0.0
1 24.39891543 26.08805713 13.48180594 118.71 0.0 0.0 0.0
0 27.14891047 26.08805713 17.55027399 78.971 0.0 0.0 0.0
0 30.43179663 28.1751017 21.69966093 78.971 0.0 0.0 0.0
0 24.67372592 28.1751017 19.73082593 78.971 0.0 0.0 0.0
0 32.90698118 26.08805713 19.51910899 78.971 0.0 0.0 0.0
1 30.15698614 26.08805713 19.22647316 118.71 0.0 0.0 0.0
1 27.42372096 28.1751017 20.02346176 118.71 0.0 0.0 0.0
1 33.18179167 28.1751017 21.4070251 118.71 0.0 0.0 0.0
1 24.39891543 26.08805713 17.84290982 118.71 0.0 0.0 0.0
0 27.14891047 26.08805713 21.91137787 78.971 0.0 0.0 0.0
0 30.43179663 28.1751017 26.06076481 78.971 0.0 0.0 0.0
0 24.67372592 28.1751017 24.09192981 78.971 0.0 0.0 0.0
0 32.90698118 26.08805713 23.88021287 78.971 0.0 0.0 0.0
1 30.15698614 26.08805713 23.58757704 118.71 0.0 0.0 0.0
1 27.42372096 28.1751017 24.38456564 118.71 0.0 0.0 0.0
1 33.18179167 28.1751017 25.76812898 118.71 0.0 0.0 0.0
1 24.39891543 26.08805713 22.2040137 118.71 0.0 0.0 0.0
0 27.14891047 26.08805713 26.27248175 78.971 0.0 0.0 0.0
0 30.43179663 28.1751017 30.42186869 78.971 0.0 0.0 0.0
0 24.67372592 28.1751017 28.45303369 78.971 0.0 0.0 0.0
0 32.90698118 26.08805713 28.24131675 78.971 0.0 0.0 0.0
1 30.15698614 26.08805713 27.94868092 118.71 0.0 0.0 0.0
1 27.42372096 28.1751017 28.74566952 118.71 0.0 0.0 0.0
1 33.18179167 28.1751017 30.12923286 118.71 0.0 0.0 0.0
1 24.39891543 26.08805713 26.56511758 118.71 0.0 0.0 0.0
0 27.14891047 26.08805713 30.63358563 78.971 0.0 0.0 0.0
0 30.43179663 28.1751017 34.78297257 78.971 0.0 0.0 0.0
0 24.67372592 28.1751017 32.81413757 78.971 0.0 0.0 0.0
0 32.90698118 26.08805713 32.60242063 78.971 0.0 0.0 0.0
1 30.15698614 26.08805713 32.3097848 118.71 0.0 0.0 0.0
1 27.42372096 28.1751017 33.1067734 118.71 0.0 0.0 0.0
1 33.18179167 28.1751017 34.49033674 118.71 0.0 0.0 0.0
1 24.39891543 26.08805713 30.92622146 118.71 0.0 0.0 0.0
0 27.14891047 26.08805713 34.99468951 78.971 0.0 0.0 0.0
0 30.43179663 28.1751017 39.14407645 78.971 0.0 0.0 0.0
0 24.67372592 28.1751017 37.17524145 78.971 0.0 0.0 0.0
0 32.90698118 26.08805713 36.96352451 78.971 0.0 0.0 0.0
1 30.15698614 26.08805713 36.67088868 118.71 0.0 0.0 0.0
1 27.42372096 28.1751017 37.46787728 118.71 0.0 0.0 0.0
1 33.18179167 28.1751017 38.85144062 118.71 0.0 0.0 0.0
1 24.39891543 26.08805713 35.28732534 118.71 0.0 0.0 0.0
0 27.14891047 26.08805713 39.35579339 78.971 0.0 0.0 0.0
0 30.43179663 28.1751017 43.50518033 78.971 0.0 0.0 0.0
0 24.67372592 28.1751017 41.53634533 78.971 0.0 0.0 0.0
0 32.90698118 26.08805713 41.32462839 78.971 0.0 0.0 0.0
1 30.15698614 26.08805713 41.03199256 118.71 0.0 0.0 0.0
1 27.42372096 28.1751017 41.82898116 118.71 0.0 0.0 0.0
1 33.18179167 28.1751017 43.2125445 118.71 0.0 0.0 0.0
1 24.39891543 26.08805713 39.64842922 118.71 0.0 0.0 0.0
0 27.14891047 26.08805713 43.71689727 78.971 0.0 0.0 0.0
0 30.43179663 28.1751017 47.86628421 78.971 0.0 0.0 0.0
0 24.67372592 28.1751017 45.89744921 78.971 0.0 0.0 0.0
0 32.90698118 26.08805713 45.68573227 78.971 0.0 0.0 0.0
1 30.15698614 26.08805713 45.39309644 118.71 0.0 0.0 0.0
1 27.42372096 28.1751017 46.19008504 118.71 0.0 0.0 0.0
1 33.18179167 28.1751017 47.57364838 118.71 0.0 0.0 0.0
1 24.39891543 26.08805713 44.0095331 118.71 0.0 0.0 0.0
0 27.14891047 30.26214627 0.10585847 78.971 0.0 0.0 0.0
0 30.43179663 32.34919084 4.25524541 78.971 0.0 0.0 0.0
0 24.67372592 32.34919084 2.28641041 78.971 0.0 0.0 0.0
0 32.90698118 30.26214627 2.07469347 78.971 0.0 0.0 0.0
1 30.15698614 30.26214627 1.78205764 118.71 0.0 0.0 0.0
1 27.42372096 32.34919084 2.57904624 118.71 0.0 0.0 0.0
1 33.18179167 32.34919084 3.96260958 118.71 0.0 0.0 0.0
1 24.39891543 30.26214627 0.3984943 118.71 0.0 0.0 0.0
0 27.14891047 30.26214627 4.46696235 78.971 0.0 0.0 0.0
0 30.43179663 32.34919084 8.61634929 78.971 0.0 0.0 0.0
0 24.67372592 32.34919084 6.64751429 78.971 0.0 0.0 0.0
0 32.90698118 30.26214627 6.43579735 78.971 0.0 0.0 0.0
1 30.15698614 30.26214627 6.14316152 118.71 0.0 0.0 0.0
1 27.42372096 32.34919084 6.94015012 118.71 0.0 0.0 0.0
1 33.18179167 32.34919084 8.32371346 118.71 0.0 0.0 0.0
1 24.39891543 30.26214627 4.75959818 118.71 0.0 0.0 0.0
0 27.14891047 30.26214627 8.82806623 78.971 0.0 0.0 0.0
0 30.43179663 32.34919084 12.97745317 78.971 0.0 0.0 0.0
0 24.67372592 32.34919084 11.00861817 78.971 0.0 0.0 0.0
0 32.90698118 30.26214627 10.79690123 78.971 0.0 0.0 0.0
1 30.15698614 30.26214627 10.5042654 118.71 0.0 0.0 0.0
1 27.42372096 32.34919084 11.301254 118.71 0.0 0.0 0.0
1 33.18179167 32.34919084 12.68481734 118.71 0.0 0.0 0.0
1 24.39891543 30.26214627 9.12070206 118.71 0.0 0.0 0.0
0 27.14891047 30.26214627 13.18917011 78.971 0.0 0.0 0.0
0 30.43179663 32.34919084 17.33855705 78.971 0.0 0.0 0.0
0 24.67372592 32.34919084 15.36972205 78.971 0.0 0.0 0.0
0 32.90698118 30.26214627 15.15800511 78.971 0.0 0.0 0.0
1 30.15698614 30.26214627 14.86536928 118.71 0.0 0.0 0.0
1 27.42372096 32.34919084 15.66235788 118.71 0.0 0.0 0.0
1 33.18179167 32.34919084 17.04592122 118.71 0.0 0.0 0.0
1 24.39891543 30.26214627 13.48180594 118.71 0.0 0.0 0.0
0 27.14891047 30.26214627 17.55027399 78.971 0.0 0.0 0.0
0 30.43179663 32.34919084 21.69966093 78.971 0.0 0.0 0.0
0 24.67372592 32.34919084 19.73082593 78.971 0.0 0.0 0.0
0 32.90698118 30.26214627 19.51910899 78.971 0.0 0.0 0.0
1 30.15698614 30.26214627 19.22647316 118.71 0.0 0.0 0.0
1 27.42372096 32.34919084 20.02346176 118.71 0.0 0.0 0.0
1 33.18179167 32.34919084 21.4070251 118.71 0.0 0.0 0.0
1 24.39891543 30.26214627 17.84290982 118.71 0.0 0.0 0.0
0 27.14891047 30.26214627 21.91137787 78.971 0.0 0.0 0.0
0 30.43179663 32.34919084 26.06076481 78.971 0.0 0.0 0.0
0 24.67372592 32.34919084 24.09192981 78.971 0.0 0.0 0.0
0 32.90698118 30.26214627 23.88021287 78.971 0.0 0.0 0.0
1 30.15698614 30.26214627 23.58757704 118.71 0.0 0.0 0.0
1 27.42372096 32.34919084 24.38456564 118.71 0.0 0.0 0.0
1 33.18179167 32.34919084 25.76812898 118.71 0.0 0.0 0.0
1 24.39891543 30.26214627 22.2040137 118.71 0.0 0.0 0.0
0 27.14891047 30.26214627 26.27248175 78.971 0.0 0.0 0.0
0 30.43179663 32.34919084 30.42186869 78.971 0.0 0.0 0.0
0 24.67372592 32.34919084 28.45303369 78.971 0.0 0.0 0.0
0 32.90698118 30.26214627 28.24131675 78.971 0.0 0.0 0.0
1 30.15698614 30.26214627 27.94868092 118.71 0.0 0.0 0.0
1 27.42372096 32.34919084 28.74566952 118.71 0.0 0.0 0.0
1 33.18179167 32.34919084 30.12923286 118.71 0.0 0.0 0.0
1 24.39891543 30.26214627 26.56511758 118.71 0.0 0.0 0.0
0 27.14891047 30.26214627 30.63358563 78.971 0.0 0.0 0.0
0 30.43179663 32.34919084 34.78297257 78.971 0.0 0.0 0.0
0 24.67372592 32.34919084 32.81413757 78.971 0.0 0.0 0.0
0 32.90698118 30.26214627 32.60242063 78.971 0.0 0.0 0.0
1 30.15698614 30.26214627 32.3097848 118.71 0.0 0.0 0.0
1 27.42372096 32.34919084 33.1067734 118.71 0.0 0.0 0.0
1 33.18179167 32.34919084 34.49033674 118.71 0.0 0.0 0.0
1 24.39891543 30.26214627 30.92622146 118.71 0.0 0.0 0.0
0 27.14891047 30.26214627 34.99468951 78.971 0.0 0.0 0.0
0 30.43179663 32.34919084 39.14407645 78.971 0.0 0.0 0.0
0 24.67372592 32.34919084 37.17524145 78.971 0.0 0.0 0.0
0 32.90698118 30.26214627 36.96352451 78.971 0.0 0.0 0.0
1 30.15698614 30.26214627 36.67088868 118.71 0.0 0.0 0.0
1 27.42372096 32.34919084 37.46787728 118.71 0.0 0.0 0.0
1 33.18179167 32.34919084 38.85144062 118.71 0.0 0.0 0.0
1 24.39891543 30.26214627 35.28732534 118.71 0.0 0.0 0.0
0 27.14891047 30.26214627 39.35579339 78.971 0.0 0.0 0.0
0 30.43179663 32.34919084 43.50518033 78.971 0.0 0.0 0.0
0 24.67372592 32.34919084 41.53634533 78.971 0.0 0.0 0.0
0 32.90698118 30.26214627 41.32462839 78.971 0.0 0.0 0.0
1 30.15698614 30.26214627 41.03199256 118.71 0.0 0.0 0.0
1 27.42372096 32.34919084 41.82898116 118.71 0.0 0.0 0.0
1 33.18179167 32.34919084 43.2125445 118.71 0.0 0.0 0.0
1 24.39891543 30.26214627 39.64842922 118.71 0.0 0.0 0.0
0 27.14891047 30.26214627 43.71689727 78.971 0.0 0.0 0.0
0 30.43179663 32.34919084 47.86628421 78.971 0.0 0.0 0.0
0 24.67372592 32.34919084 45.89744921 78.971 0.0 0.0 0.0
0 32.90698118 30.26214627 45.68573227 78.971 0.0 0.0 0.0
1 30.15698614 30.26214627 45.39309644 118.71 0.0 0.0 0.0
1 27.42372096 32.34919084 46.19008504 118.71 0.0 0.0 0.0
1 33.18179167 32.34919084 47.57364838 118.71 0.0 0.0 0.0
1 24.39891543 30.26214627 44.0095331 118.71 0.0 0.0 0.0
0 27.14891047 34.43623541 0.10585847 78.971 0.0 0.0 0.0
0 30.43179663 36.52327998 4.25524541 78.971 0.0 0.0 0.0
0 24.67372592 36.52327998 2.28641041 78.971 0.0 0.0 0.0
0 32.90698118 34.43623541 2.07469347 78.971 0.0 0.0 0.0
1 30.15698614 34.43623541 1.78205764 118.71 0.0 0.0 0.0
1 27.42372096 36.52327998 2.57904624 118.71 0.0 0.0 0.0
1 33.18179167 36.52327998 3.96260958 118.71 0.0 0.0 0.0
1 24.39891543 34.43623541 0.3984943 118.71 0.0 0.0 0.0
0 27.14891047 34.43623541 4.46696235 78.971 0.0 0.0 0.0
0 30.43179663 36.52327998 8.61634929 78.971 0.0 0.0 0.0
0 24.67372592 36.52327998 6.64751429 78.971 0.0 0.0 0.0
0 32.90698118 34.43623541 6.43579735 78.971 0.0 0.0 0.0
1 30.15698614 34.43623541 6.14316152 118.71 0.0 0.0 0.0
1 27.42372096 36.52327998 6.94015012 118.71 0.0 0.0 0.0
1 33.18179167 36.52327998 8.32371346 118.71 0.0 0.0 0.0
1 24.39891543 34.43623541 4.75959818 118.71 0.0 0.0 0.0
0 27.14891047 34.43623541 8.82806623 78.971 0.0 0.0 0.0
0 30.43179663 36.52327998 12.97745317 78.971 0.0 0.0 0.0
0 24.67372592 36.52327998 11.00861817 78.971 0.0 0.0 0.0
0 32.90698118 34.43623541 10.79690123 78.971 0.0 0.0 0.0
1 30.15698614 34.43623541 10.5042654 118.71 0.0 0.0 0.0
1 27.42372096 36.52327998 11.301254 118.71 0.0 0.0 0.0
1 33.18179167 36.52327998 12.68481734 118.71 0.0 0.0 0.0
1 24.39891543 34.43623541 9.12070206 118.71 0.0 0.0 0.0
0 27.14891047 34.43623541 13.18917011 78.971 0.0 0.0 0.0
0 30.43179663 36.52327998 17.33855705 78.971 0.0 0.0 0.0
0 24.67372592 36.52327998 15.36972205 78.971 0.0 0.0 0.0
0 32.90698118 34.43623541 15.15800511 78.971 0.0 0.0 0.0
1 30.15698614 34.43623541 14.86536928 118.71 0.0 0.0 0.0
1 27.42372096 36.52327998 15.66235788 118.71 0.0 0.0 0.0
1 33.18179167 36.52327998 17.04592122 118.71 0.0 0.0 0.0
1 24.39891543 34.43623541 13.48180594 118.71 0.0 0.0 0.0
0 27.14891047 34.43623541 17.55027399 78.971 0.0 0.0 0.0
0 30.43179663 36.52327998 21.69966093 78.971 0.0 0.0 0.0
0 24.67372592 36.52327998 19.73082593 78.971 0.0 0.0 0.0
0 32.90698118 34.43623541 19.51910899 78.971 0.0 0.0 0.0
1 30.15698614 34.43623541 19.22647316 118.71 0.0 0.0 0.0
1 27.42372096 36.52327998 20.02346176 118.71 0.0 0.0 0.0
1 33.18179167 36.52327998 21.4070251 118.71 0.0 0.0 0.0
1 24.39891543 34.43623541 17.84290982 118.71 0.0 0.0 0.0
0 27.14891047 34.43623541 21.91137787 78.971 0.0 0.0 0.0
0 30.43179663 36.52327998 26.06076481 78.971 0.0 0.0 0.0
0 24.67372592 36.52327998 24.09192981 78.971 0.0 0.0 0.0
0 32.90698118 34.43623541 23.88021287 78.971 0.0 0.0 0.0
1 30.15698614 34.43623541 23.58757704 118.71 0.0 0.0 0.0
1 27.42372096 36.52327998 24.38456564 118.71 0.0 0.0 0.0
1 33.18179167 36.52327998 25.76812898 118.71 0.0 0.0 0.0
1 24.39891543 34.43623541 22.2040137 118.71 0.0 0.0 0.0
0 27.14891047 34.43623541 26.27248175 78.971 0.0 0.0 0.0
0 30.43179663 36.52327998 30.42186869 78.971 0.0 0.0 0.0
0 24.67372592 36.52327998 28.45303369 78.971 0.0 0.0 0.0
0 32.90698118 34.43623541 28.24131675 78.971 0.0 0.0 0.0
1 30.15698614 34.43623541 27.94868092 118.71 0.0 0.0 0.0
1 27.42372096 36.52327998 28.74566952 118.71 0.0 0.0 0.0
1 33.18179167 36.52327998 30.12923286 118.71 0.0 0.0 0.0
1 24.39891543 34.43623541 26.56511758 118.71 0.0 0.0 0.0
0 27.14891047 34.43623541 30.63358563 78.971 0.0 0.0 0.0
0 30.43179663 36.52327998 34.78297257 78.971 0.0 0.0 0.0
0 24.67372592 36.52327998 32.81413757 78.971 0.0 0.0 0.0
0 32.90698118 34.43623541 32.60242063 78.971 0.0 0.0 0.0
1 30.15698614 34.43623541 32.3097848 118.71 0.0 0.0 0.0
1 27.42372096 36.52327998 33.1067734 118.71 0.0 0.0 0.0
1 33.18179167 36.52327998 34.49033674 118.71 0.0 0.0 0.0
1 24.39891543 34.43623541 30.92622146 118.71 0.0 0.0 0.0
0 27.14891047 34.43623541 34.99468951 78.971 0.0 0.0 0.0
0 30.43179663 36.52327998 39.14407645 78.971 0.0 0.0 0.0
0 24.67372592 36.52327998 37.17524145 78.971 0.0 0.0 0.0
0 32.90698118 34.43623541 36.96352451 78.971 0.0 0.0 0.0
1 30.15698614 34.43623541 36.67088868 118.71 0.0 0.0 0.0
1 27.42372096 36.52327998 37.46787728 118.71 0.0 0.0 0.0
1 33.18179167 36.52327998 38.85144062 118.71 0.0 0.0 0.0
1 24.39891543 34.43623541 35.28732534 118.71 0.0 0.0 0.0
0 27.14891047 34.43623541 39.35579339 78.971 0.0 0.0 0.0
0 30.43179663 36.52327998 43.50518033 78.971 0.0 0.0 0.0
0 24.67372592 36.52327998 41.53634533 78.971 0.0 0.0 0.0
0 32.90698118 34.43623541 41.32462839 78.971 0.0 0.0 0.0
1 30.15698614 34.43623541 41.03199256 118.71 0.0 0.0 0.0
1 27.42372096 36.52327998 41.82898116 118.71 0.0 0.0 0.0
1 33.18179167 36.52327998 43.2125445 118.71 0.0 0.0 0.0
1 24.39891543 34.43623541 39.64842922 118.71 0.0 0.0 0.0
0 27.14891047 34.43623541 43.71689727 78.971 0.0 0.0 0.0
0 30.43179663 36.52327998 47.86628421 78.971 0.0 0.0 0.0
0 24.67372592 36.52327998 45.89744921 78.971 0.0 0.0 0.0
0 32.90698118 34.43623541 45.68573227 78.971 0.0 0.0 0.0
1 30.15698614 34.43623541 45.39309644 118.71 0.0 0.0 0.0
1 27.42372096 36.52327998 46.19008504 118.71 0.0 0.0 0.0
1 33.18179167 36.52327998 47.57364838 118.71 0.0 0.0 0.0
1 24.39891543 34.43623541 44.0095331 118.71 0.0 0.0 0.0
0 27.14891047 38.61032455 0.10585847 78.971 0.0 0.0 0.0
0 30.43179663 40.69736912 4.25524541 78.971 0.0 0.0 0.0
0 24.67372592 40.69736912 2.28641041 78.971 0.0 0.0 0.0
0 32.90698118 38.61032455 2.07469347 78.971 0.0 0.0 0.0
1 30.15698614 38.61032455 1.78205764 118.71 0.0 0.0 0.0
1 27.42372096 40.69736912 2.57904624 118.71 0.0 0.0 0.0
1 33.18179167 40.69736912 3.96260958 118.71 0.0 0.0 0.0
1 24.39891543 38.61032455 0.3984943 118.71 0.0 0.0 0.0
0 27.14891047 38.61032455 4.46696235 78.971 0.0 0.0 0.0
0 30.43179663 40.69736912 8.61634929 78.971 0.0 0.0 0.0
0 24.67372592 40.69736912 6.64751429 78.971 0.0 0.0 0.0
0 32.90698118 38.61032455 6.43579735 78.971 0.0 0.0 0.0
1 30.15698614 38.61032455 6.14316152 118.71 0.0 0.0 0.0
1 27.42372096 40.69736912 6.94015012 118.71 0.0 0.0 0.0
1 33.18179167 40.69736912 8.32371346 118.71 0.0 0.0 0.0
1 24.39891543 38.61032455 4.75959818 118.71 0.0 0.0 0.0
0 27.14891047 38.61032455 8.82806623 78.971 0.0 0.0 0.0
0 30.43179663 40.69736912 12.97745317 78.971 0.0 0.0 0.0
0 24.67372592 40.69736912 11.00861817 78.971 0.0 0.0 0.0
0 32.90698118 38.61032455 10.79690123 78.971 0.0 0.0 0.0
1 30.15698614 38.61032455 10.5042654 118.71 0.0 0.0 0.0
1 27.42372096 40.69736912 11.301254 118.71 0.0 0.0 0.0
1 33.18179167 40.69736912 12.68481734 118.71 0.0 0.0 0.0
1 24.39891543 38.61032455 9.12070206 118.71 0.0 0.0 0.0
0 27.14891047 38.61032455 13.18917011 78.971 0.0 0.0 0.0
0 30.43179663 40.69736912 17.33855705 78.971 0.0 0.0 0.0
0 24.67372592 40.69736912 15.36972205 78.971 0.0 0.0 0.0
0 32.90698118 38.61032455 15.15800511 78.971 0.0 0.0 0.0
1 30.15698614 38.61032455 14.86536928 118.71 0.0 0.0 0.0
1 27.42372096 40.69736912 15.66235788 118.71 0.0 0.0 0.0
1 33.18179167 40.69736912 17.04592122 118.71 0.0 0.0 0.0
1 24.39891543 38.61032455 13.48180594 118.71 0.0 0.0 0.0
0 27.14891047 38.61032455 17.55027399 78.971 0.0 0.0 0.0
0 30.43179663 40.69736912 21.69966093 78.971 0.0 0.0 0.0
0 24.67372592 40.69736912 19.73082593 78.971 0.0 0.0 0.0
0 32.90698118 38.61032455 19.51910899 78.971 0.0 0.0 0.0
1 30.15698614 38.61032455 19.22647316 118.71 0.0 0.0 0.0
1 27.42372096 40.69736912 20.02346176 118.71 0.0 0.0 0.0
1 33.18179167 40.69736912 21.4070251 118.71 0.0 0.0 0.0
1 24.39891543 38.61032455 17.84290982 118.71 0.0 0.0 0.0
0 27.14891047 38.61032455 21.91137787 78.971 0.0 0.0 0.0
0 30.43179663 40.69736912 26.06076481 78.971 0.0 0.0 0.0
0 24.67372592 40.69736912 24.09192981 78.971 0.0 0.0 0.0
0 32.90698118 38.61032455 23.88021287 78.971 0.0 0.0 0.0
1 30.15698614 38.61032455 23.58757704 118.71 0.0 0.0 0.0
1 27.42372096 40.69736912 24.38456564 118.71 0.0 0.0 0.0
1 33.18179167 40.69736912 25.76812898 118.71 0.0 0.0 0.0
1 24.39891543 38.61032455 22.2040137 118.71 0.0 0.0 0.0
0 27.14891047 38.61032455 26.27248175 78.971 0.0 0.0 0.0
0 30.43179663 40.69736912 30.42186869 78.971 0.0 0.0 0.0
0 24.67372592 40.69736912 28.45303369 78.971 0.0 0.0 0.0
0 32.90698118 38.61032455 28.24131675 78.971 0.0 0.0 0.0
1 30.15698614 38.61032455 27.94868092 118.71 0.0 0.0 0.0
1 27.42372096 40.69736912 28.74566952 118.71 0.0 0.0 0.0
1 33.18179167 40.69736912 30.12923286 118.71 0.0 0.0 0.0
1 24.39891543 38.61032455 26.56511758 118.71 0.0 0.0 0.0
0 27.14891047 38.61032455 30.63358563 78.971 0.0 0.0 0.0
0 30.43179663 40.69736912 34.78297257 78.971 0.0 0.0 0.0
0 24.67372592 40.69736912 32.81413757 78.971 0.0 0.0 0.0
0 32.90698118 38.61032455 32.60242063 78.971 0.0 0.0 0.0
1 30.15698614 38.61032455 32.3097848 118.71 0.0 0.0 0.0
1 27.42372096 40.69736912 33.1067734 118.71 0.0 0.0 0.0
1 33.18179167 40.69736912 34.49033674 118.71 0.0 0.0 0.0
1 24.39891543 38.61032455 30.92622146 118.71 0.0 0.0 0.0
0 27.14891047 38.61032455 34.99468951 78.971 0.0 0.0 0.0
0 30.43179663 40.69736912 39.14407645 78.971 0.0 0.0 0.0
0 24.67372592 40.69736912 37.17524145 78.971 0.0 0.0 0.0
0 32.90698118 38.61032455 36.96352451 78.971 0.0 0.0 0.0
1 30.15698614 38.61032455 36.67088868 118.71 0.0 0.0 0.0
1 27.42372096 40.69736912 37.46787728 118.71 0.0 0.0 0.0
1 33.18179167 40.69736912 38.85144062 118.71 0.0 0.0 0.0
1 24.39891543 38.61032455 35.28732534 118.71 0.0 0.0 0.0
0 27.14891047 38.61032455 39.35579339 78.971 0.0 0.0 0.0
0 30.43179663 40.69736912 43.50518033 78.971 0.0 0.0 0.0
0 24.67372592 40.69736912 41.53634533 78.971 0.0 0.0 0.0
0 32.90698118 38.61032455 41.32462839 78.971 0.0 0.0 0.0
1 30.15698614 38.61032455 41.03199256 118.71 0.0 0.0 0.0
1 27.42372096 40.69736912 41.82898116 118.71 0.0 0.0 0.0
1 33.18179167 40.69736912 43.2125445 118.71 0.0 0.0 0.0
1 24.39891543 38.61032455 39.64842922 118.71 0.0 0.0 0.0
0 27.14891047 38.61032455 43.71689727 78.971 0.0 0.0 0.0
0 30.43179663 40.69736912 47.86628421 78.971 0.0 0.0 0.0
0 24.67372592 40.69736912 45.89744921 78.971 0.0 0.0 0.0
0 32.90698118 38.61032455 45.68573227 78.971 0.0 0.0 0.0
1 30.15698614 38.61032455 45.39309644 118.71 0.0 0.0 0.0
1 27.42372096 40.69736912 46.19008504 118.71 0.0 0.0 0.0
1 33.18179167 40.69736912 47.57364838 118.71 0.0 0.0 0.0
1 24.39891543 38.61032455 44.0095331 118.71 0.0 0.0 0.0
0 27.14891047 42.78441369 0.10585847 78.971 0.0 0.0 0.0
0 30.43179663 44.87145826 4.25524541 78.971 0.0 0.0 0.0
0 24.67372592 44.87145826 2.28641041 78.971 0.0 0.0 0.0
0 32.90698118 42.78441369 2.07469347 78.971 0.0 0.0 0.0
1 30.15698614 42.78441369 1.78205764 118.71 0.0 0.0 0.0
1 27.42372096 44.87145826 2.57904624 118.71 0.0 0.0 0.0
1 33.18179167 44.87145826 3.96260958 118.71 0.0 0.0 0.0
1 24.39891543 42.78441369 0.3984943 118.71 0.0 0.0 0.0
0 27.14891047 42.78441369 4.46696235 78.971 0.0 0.0 0.0
0 30.43179663 44.87145826 8.61634929 78.971 0.0 0.0 0.0
0 24.67372592 44.87145826 6.64751429 78.971 0.0 0.0 0.0
0 32.90698118 42.78441369 6.43579735 78.971 0.0 0.0 0.0
1 30.15698614 42.78441369 6.14316152 118.71 0.0 0.0 0.0
1 27.42372096 44.87145826 6.94015012 118.71 0.0 0.0 0.0
1 33.18179167 44.87145826 8.32371346 118.71 0.0 0.0 0.0
1 24.39891543 42.78441369 4.75959818 118.71 0.0 0.0 0.0
0 27.14891047 42.78441369 8.82806623 78.971 0.0 0.0 0.0
0 30.43179663 44.87145826 12.97745317 78.971 0.0 0.0 0.0
0 24.67372592 44.87145826 11.00861817 78.971 0.0 0.0 0.0
0 32.90698118 42.78441369 10.79690123 78.971 0.0 0.0 0.0
1 30.15698614 42.78441369 10.5042654 118.71 0.0 0.0 0.0
1 27.42372096 44.87145826 11.301254 118.71 0.0 0.0 0.0
1 33.18179167 44.87145826 12.68481734 118.71 0.0 0.0 0.0
1 24.39891543 42.78441369 9.12070206 118.71 0.0 0.0 0.0
0 27.14891047 42.78441369 13.18917011 78.971 0.0 0.0 0.0
0 30.43179663 44.87145826 17.33855705 78.971 0.0 0.0 0.0
0 24.67372592 44.87145826 15.36972205 78.971 0.0 0.0 0.0
0 32.90698118 42.78441369 15.15800511 78.971 0.0 0.0 0.0
1 30.15698614 42.78441369 14.86536928 118.71 0.0 0.0 0.0
1 27.42372096 44.87145826 15.66235788 118.71 0.0 0.0 0.0
1 33.18179167 44.87145826 17.04592122 118.71 0.0 0.0 0.0
1 24.39891543 42.78441369 13.48180594 118.71 0.0 0.0 0.0
0 27.14891047 42.78441369 17.55027399 78.971 0.0 0.0 0.0
0 30.43179663 44.87145826 21.69966093 78.971 0.0 0.0 0.0
0 24.67372592 44.87145826 19.73082593 78.971 0.0 0.0 0.0
0 32.90698118 42.78441369 19.51910899 78.971 0.0 0.0 0.0
1 30.15698614 42.78441369 19.22647316 118.71 0.0 0.0 0.0
1 27.42372096 44.87145826 20.02346176 118.71 0.0 0.0 0.0
1 33.18179167 44.87145826 21.4070251 118.71 0.0 0.0 0.0
1 24.39891543 42.78441369 17.84290982 118.71 0.0 0.0 0.0
0 27.14891047 42.78441369 21.91137787 78.971 0.0 0.0 0.0
0 30.43179663 44.87145826 26.06076481 78.971 0.0 0.0 0.0
0 24.67372592 44.87145826 24.09192981 78.971 0.0 0.0 0.0
0 32.90698118 42.78441369 23.88021287 78.971 0.0 0.0 0.0
1 30.15698614 42.78441369 23.58757704 118.71 0.0 0.0 0.0
1 27.42372096 44.87145826 24.38456564 118.71 0.0 0.0 0.0
1 33.18179167 44.87145826 25.76812898 118.71 0.0 0.0 0.0
1 24.39891543 42.78441369 22.2040137 118.71 0.0 0.0 0.0
0 27.14891047 42.78441369 26.27248175 78.971 0.0 0.0 0.0
0 30.43179663 44.87145826 30.42186869 78.971 0.0 0.0 0.0
0 24.67372592 44.87145826 28.45303369 78.971 0.0 0.0 0.0
0 32.90698118 42.78441369 28.24131675 78.971 0.0 0.0 0.0
1 30.15698614 42.78441369 27.94868092 118.71 0.0 0.0 0.0
1 27.42372096 44.87145826 28.74566952 118.71 0.0 0.0 0.0
1 33.18179167 44.87145826 30.12923286 118.71 0.0 0.0 0.0
1 24.39891543 42.78441369 26.56511758 118.71 0.0 0.0 0.0
0 27.14891047 42.78441369 30.63358563 78.971 0.0 0.0 0.0
0 30.43179663 44.87145826 34.78297257 78.971 0.0 0.0 0.0
0 24.67372592 44.87145826 32.81413757 78.971 0.0 0.0 0.0
0 32.90698118 42.78441369 32.60242063 78.971 0.0 0.0 0.0
1 30.15698614 42.78441369 32.3097848 118.71 0.0 0.0 0.0
1 27.42372096 44.87145826 33.1067734 118.71 0.0 0.0 0.0
1 33.18179167 44.87145826 34.49033674 118.71 0.0 0.0 0.0
1 24.39891543 42.78441369 30.92622146 118.71 0.0 0.0 0.0
0 27.14891047 42.78441369 34.99468951 78.971 0.0 0.0 0.0
0 30.43179663 44.87145826 39.14407645 78.971 0.0 0.0 0.0
0 24.67372592 44.87145826 37.17524145 78.971 0.0 0.0 0.0
0 32.90698118 42.78441369 36.96352451 78.971 0.0 0.0 0.0
1 30.15698614 42.78441369 36.67088868 118.71 0.0 0.0 0.0
1 27.42372096 44.87145826 37.46787728 118.71 0.0 0.0 0.0
1 33.18179167 44.87145826 38.85144062 118.71 0.0 0.0 0.0
1 24.39891543 42.78441369 35.28732534 118.71 0.0 0.0 0.0
0 27.14891047 42.78441369 39.35579339 78.971 0.0 0.0 0.0
0 30.43179663 44.87145826 43.50518033 78.971 0.0 0.0 0.0
0 24.67372592 44.87145826 41.53634533 78.971 0.0 0.0 0.0
0 32.90698118 42.78441369 41.32462839 78.971 0.0 0.0 0.0
1 30.15698614 42.78441369 41.03199256 118.71 0.0 0.0 0.0
1 27.42372096 44.87145826 41.82898116 118.71 0.0 0.0 0.0
1 33.18179167 44.87145826 43.2125445 118.71 0.0 0.0 0.0
1 24.39891543 42.78441369 39.64842922 118.71 0.0 0.0 0.0
0 27.14891047 42.78441369 43.71689727 78.971 0.0 0.0 0.0
0 30.43179663 44.87145826 47.86628421 78.971 0.0 0.0 0.0
0 24.67372592 44.87145826 45.89744921 78.971 0.0 0.0 0.0
0 32.90698118 42.78441369 45.68573227 78.971 0.0 0.0 0.0
1 30.15698614 42.78441369 45.39309644 118.71 0.0 0.0 0.0
1 27.42372096 44.87145826 46.19008504 118.71 0.0 0.0 0.0
1 33.18179167 44.87145826 47.57364838 118.71 0.0 0.0 0.0
1 24.39891543 42.78441369 44.0095331 118.71 0.0 0.0 0.0
0 38.66505189 1.04352229 0.10585847 78.971 0.0 0.0 0.0
0 41.94793805 3.13056686 4.25524541 78.971 0.0 0.0 0.0
0 36.18986734 3.13056686 2.28641041 78.971 0.0 0.0 0.0
0 44.4231226 1.04352229 2.07469347 78.971 0.0 0.0 0.0
1 41.67312756 1.04352229 1.78205764 118.71 0.0 0.0 0.0
1 38.93986238 3.13056686 2.57904624 118.71 0.0 0.0 0.0
1 44.69793309 3.13056686 3.96260958 118.71 0.0 0.0 0.0
1 35.91505685 1.04352229 0.3984943 118.71 0.0 0.0 0.0
0 38.66505189 1.04352229 4.46696235 78.971 0.0 0.0 0.0
0 41.94793805 3.13056686 8.61634929 78.971 0.0 0.0 0.0
0 36.18986734 3.13056686 6.64751429 78.971 0.0 0.0 0.0
0 44.4231226 1.04352229 6.43579735 78.971 0.0 0.0 0.0
1 41.67312756 1.04352229 6.14316152 118.71 0.0 0.0 0.0
1 38.93986238 3.13056686 6.94015012 118.71 0.0 0.0 0.0
1 44.69793309 3.13056686 8.32371346 118.71 0.0 0.0 0.0
1 35.91505685 1.04352229 4.75959818 118.71 0.0 0.0 0.0
0 38.66505189 1.04352229 8.82806623 78.971 0.0 0.0 0.0
0 41.94793805 3.13056686 12.97745317 78.971 0.0 0.0 0.0
0 36.18986734 3.13056686 11.00861817 78.971 0.0 0.0 0.0
0 44.4231226 1.04352229 10.79690123 78.971 0.0 0.0 0.0
1 41.67312756 1.04352229 10.5042654 118.71 0.0 0.0 0.0
1 38.93986238 3.13056686 11.301254 118.71 0.0 0.0 0.0
1 44.69793309 3.13056686 12.68481734 118.71 0.0 0.0 0.0
1 35.91505685 1.04352229 9.12070206 118.71 0.0 0.0 0.0
0 38.66505189 1.04352229 13.18917011 78.971 0.0 0.0 0.0
0 41.94793805 3.13056686 17.33855705 78.971 0.0 0.0 0.0
0 36.18986734 3.13056686 15.36972205 78.971 0.0 0.0 0.0
0 44.4231226 1.04352229 15.15800511 78.971 0.0 0.0 0.0
1 41.67312756 1.04352229 14.86536928 118.71 0.0 0.0 0.0
1 38.93986238 3.13056686 15.66235788 118.71 0.0 0.0 0.0
1 44.69793309 3.13056686 17.04592122 118.71 0.0 0.0 0.0
1 35.91505685 1.04352229 13.48180594 118.71 0.0 0.0 0.0
0 38.66505189 1.04352229 17.55027399 78.971 0.0 0.0 0.0
0 41.94793805 3.13056686 21.69966093 78.971 0.0 0.0 0.0
0 36.18986734 3.13056686 19.73082593 78.971 0.0 0.0 0.0
0 44.4231226 1.04352229 19.51910899 78.971 0.0 0.0 0.0
1 41.67312756 1.04352229 19.22647316 118.71 0.0 0.0 0.0
1 38.93986238 3.13056686 20.02346176 118.71 0.0 0.0 0.0
1 44.69793309 3.13056686 21.4070251 118.71 0.0 0.0 0.0
1 35.91505685 1.04352229 17.84290982 118.71 0.0 0.0 0.0
0 38.66505189 1.04352229 21.91137787 78.971 0.0 0.0 0.0
0 41.94793805 3.13056686 26.06076481 78.971 0.0 0.0 0.0
0 36.18986734 3.13056686 24.09192981 78.971 0.0 0.0 0.0
0 44.4231226 1.04352229 23.88021287 78.971 0.0 0.0 0.0
1 41.67312756 1.04352229 23.58757704 118.71 0.0 0.0 0.0
1 38.93986238 3.13056686 24.38456564 118.71 0.0 0.0 0.0
1 44.69793309 3.13056686 25.76812898 118.71 0.0 0.0 0.0
1 35.91505685 1.04352229 22.2040137 118.71 0.0 0.0 0.0
0 38.66505189 1.04352229 26.27248175 78.971 0.0 0.0 0.0
0 41.94793805 3.13056686 30.42186869 78.971 0.0 0.0 0.0
0 36.18986734 3.13056686 28.45303369 78.971 0.0 0.0 0.0
0 44.4231226 1.04352229 28.24131675 78.971 0.0 0.0 0.0
1 41.67312756 1.04352229 27.94868092 118.71 0.0 0.0 0.0
1 38.93986238 3.13056686 28.74566952 118.71 0.0 0.0 0.0
1 44.69793309 3.13056686 30.12923286 118.71 0.0 0.0 0.0
1 35.91505685 1.04352229 26.56511758 118.71 0.0 0.0 0.0
0 38.66505189 1.04352229 30.63358563 78.971 0.0 0.0 0.0
0 41.94793805 3.13056686 34.78297257 78.971 0.0 0.0 0.0
0 36.18986734 3.13056686 32.81413757 78.971 0.0 0.0 0.0
0 44.4231226 1.04352229 32.60242063 78.971 0.0 0.0 0.0
1 41.67312756 1.04352229 32.3097848 118.71 0.0 0.0 0.0
1 38.93986238 3.13056686 33.1067734 118.71 0.0 0.0 0.0
1 44.69793309 3.13056686 34.49033674 118.71 0.0 0.0 0.0
1 35.91505685 1.04352229 30.92622146 118.71 0.0 0.0 0.0
0 38.66505189 1.04352229 34.99468951 78.971 0.0 0.0 0.0
0 41.94793805 3.13056686 39.14407645 78.971 0.0 0.0 0.0
0 36.18986734 3.13056686 37.17524145 78.971 0.0 0.0 0.0
0 44.4231226 1.04352229 36.96352451 78.971 0.0 0.0 0.0
1 41.67312756 1.04352229 36.67088868 118.71 0.0 0.0 0.0
1 38.93986238 3.13056686 37.46787728 118.71 0.0 0.0 0.0
1 44.69793309 3.13056686 38.85144062 118.71 0.0 0.0 0.0
1 35.91505685 1.04352229 35.28732534 118.71 0.0 0.0 0.0
0 38.66505189 1.04352229 39.35579339 78.971 0.0 0.0 0.0
0 41.94793805 3.13056686 43.50518033 78.971 0.0 0.0 0.0
0 36.18986734 3.13056686 41.53634533 78.971 0.0 0.0 0.0
0 44.4231226 1.04352229 41.32462839 78.971 0.0 0.0 0.0
1 41.67312756 1.04352229 41.03199256 118.71 0.0 0.0 0.0
1 38.93986238 3.13056686 41.82898116 118.71 0.0 0.0 0.0
1 44.69793309 3.13056686 43.2125445 118.71 0.0 0.0 0.0
1 35.91505685 1.04352229 39.64842922 118.71 0.0 0.0 0.0
0 38.66505189 1.04352229 43.71689727 78.971 0.0 0.0 0.0
0 41.94793805 3.13056686 47.86628421 78.971 0.0 0.0 0.0
0 36.18986734 3.13056686 45.89744921 78.971 0.0 0.0 0.0
0 44.4231226 1.04352229 45.68573227 78.971 0.0 0.0 0.0
1 41.67312756 1.04352229 45.39309644 118.71 0.0 0.0 0.0
1 38.93986238 3.13056686 46.19008504 118.71 0.0 0.0 0.0
1 44.69793309 3.13056686 47.57364838 118.71 0.0 0.0 0.0
1 35.91505685 1.04352229 44.0095331 118.71 0.0 0.0 0.0
0 38.66505189 5.21761143 0.10585847 78.971 0.0 0.0 0.0
0 41.94793805 7.304656 4.25524541 78.971 0.0 0.0 0.0
0 36.18986734 7.304656 2.28641041 78.971 0.0 0.0 0.0
0 44.4231226 5.21761143 2.07469347 78.971 0.0 0.0 0.0
1 41.67312756 5.21761143 1.78205764 118.71 0.0 0.0 0.0
1 38.93986238 7.304656 2.57904624 118.71 0.0 0.0 0.0
1 44.69793309 7.304656 3.96260958 118.71 0.0 0.0 0.0
1 35.91505685 5.21761143 0.3984943 118.71 0.0 0.0 0.0
0 38.66505189 5.21761143 4.46696235 78.971 0.0 0.0 0.0
0 41.94793805 7.304656 8.61634929 78.971 0.0 0.0 0.0
0 36.18986734 7.304656 6.64751429 78.971 0.0 0.0 0.0
0 44.4231226 5.21761143 6.43579735 78.971 0.0 0.0 0.0
1 41.67312756 5.21761143 6.14316152 118.71 0.0 0.0 0.0
1 38.93986238 7.304656 6.94015012 118.71 0.0 0.0 0.0
1 44.69793309 7.304656 8.32371346 118.71 0.0 0.0 0.0
1 35.91505685 5.21761143 4.75959818 118.71 0.0 0.0 0.0
0 38.66505189 5.21761143 8.82806623 78.971 0.0 0.0 0.0
0 41.94793805 7.304656 12.97745317 78.971 0.0 0.0 0.0
0 36.18986734 7.304656 11.00861817 78.971 0.0 0.0 0.0
0 44.4231226 5.21761143 10.79690123 78.971 0.0 0.0 0.0
1 41.67312756 5.21761143 10.5042654 118.71 0.0 0.0 0.0
1 38.93986238 7.304656 11.301254 118.71 0.0 0.0 0.0
1 44.69793309 7.304656 12.68481734 118.71 0.0 0.0 0.0
1 35.91505685 5.21761143 9.12070206 118.71 0.0 0.0 0.0
0 38.66505189 5.21761143 13.18917011 78.971 0.0 0.0 0.0
0 41.94793805 7.304656 17.33855705 78.971 0.0 0.0 0.0
0 36.18986734 7.304656 15.36972205 78.971 0.0 0.0 0.0
0 44.4231226 5.21761143 15.15800511 78.971 0.0 0.0 0.0
1 41.67312756 5.21761143 14.86536928 118.71 0.0 0.0 0.0
1 38.93986238 7.304656 15.66235788 118.71 0.0 0.0 0.0
1 44.69793309 7.304656 17.04592122 118.71 0.0 0.0 0.0
1 35.91505685 5.21761143 13.48180594 118.71 0.0 0.0 0.0
0 38.66505189 5.21761143 17.55027399 78.971 0.0 0.0 0.0
0 41.94793805 7.304656 21.69966093 78.971 0.0 0.0 0.0
0 36.18986734 7.304656 19.73082593 78.971 0.0 0.0 0.0
0 44.4231226 5.21761143 19.51910899 78.971 0.0 0.0 0.0
1 41.67312756 5.21761143 19.22647316 118.71 0.0 0.0 0.0
1 38.93986238 7.304656 20.02346176 118.71 0.0 0.0 0.0
1 44.69793309 7.304656 21.4070251 118.71 0.0 0.0 0.0
1 35.91505685 5.21761143 17.84290982 118.71 0.0 0.0 0.0
0 38.66505189 5.21761143 21.91137787 78.971 0.0 0.0 0.0
0 41.94793805 7.304656 26.06076481 78.971 0.0 0.0 0.0
0 36.18986734 7.304656 24.09192981 78.971 0.0 0.0 0.0
0 44.4231226 5.21761143 23.88021287 78.971 0.0 0.0 0.0
1 41.67312756 5.21761143 23.58757704 118.71 0.0 0.0 0.0
1 38.93986238 7.304656 24.38456564 118.71 0.0 0.0 0.0
1 44.69793309 7.304656 25.76812898 118.71 0.0 0.0 0.0
1 35.91505685 5.21761143 22.2040137 118.71 0.0 0.0 0.0
0 38.66505189 5.21761143 26.27248175 78.971 0.0 0.0 0.0
0 41.94793805 7.304656 30.42186869 78.971 0.0 0.0 0.0
0 36.18986734 7.304656 28.45303369 78.971 0.0 0.0 0.0
0 44.4231226 5.21761143 28.24131675 78.971 0.0 0.0 0.0
1 41.67312756 5.21761143 27.94868092 118.71 0.0 0.0 0.0
1 38.93986238 7.304656 28.74566952 118.71 0.0 0.0 0.0
1 44.69793309 7.304656 30.12923286 118.71 0.0 0.0 0.0
1 35.91505685 5.21761143 26.56511758 118.71 0.0 0.0 0.0
0 38.66505189 5.21761143 30.63358563 78.971 0.0 0.0 0.0
0 41.94793805 7.304656 34.78297257 78.971 0.0 0.0 0.0
0 36.18986734 7.304656 32.81413757 78.971 0.0 0.0 0.0
0 44.4231226 5.21761143 32.60242063 78.971 0.0 0.0 0.0
1 41.67312756 5.21761143 32.3097848 118.71 0.0 0.0 0.0
1 38.93986238 7.304656 33.1067734 118.71 0.0 0.0 0.0
1 44.69793309 7.304656 34.49033674 118.71 0.0 0.0 0.0
1 35.91505685 5.21761143 30.92622146 118.71 0.0 0.0 0.0
0 38.66505189 5.21761143 34.99468951 78.971 0.0 0.0 0.0
0 41.94793805 7.304656 39.14407645 78.971 0.0 0.0 0.0
0 36.18986734 7.304656 37.17524145 78.971 0.0 0.0 0.0
0 44.4231226 5.21761143 36.96352451 78.971 0.0 0.0 0.0
1 41.67312756 5.21761143 36.67088868 118.71 0.0 0.0 0.0
1 38.93986238 7.304656 37.46787728 118.71 0.0 0.0 0.0
1 44.69793309 7.304656 38.85144062 118.71 0.0 0.0 0.0
1 35.91505685 5.21761143 35.28732534 118.71 0.0 0.0 0.0
0 38.66505189 5.21761143 39.35579339 78.971 0.0 0.0 0.0
0 41.94793805 7.304656 43.50518033 78.971 0.0 0.0 0.0
0 36.18986734 7.304656 41.53634533 78.971 0.0 0.0 0.0
0 44.4231226 5.21761143 41.32462839 78.971 0.0 0.0 0.0
1 41.67312756 5.21761143 41.03199256 118.71 0.0 0.0 0.0
1 38.93986238 7.304656 41.82898116 118.71 0.0 0.0 0.0
1 44.69793309 7.304656 43.2125445 118.71 0.0 0.0 0.0
1 35.91505685 5.21761143 39.64842922 118.71 0.0 0.0 0.0
0 38.66505189 5.21761143 43.71689727 78.971 0.0 0.0 0.0
0 41.94793805 7.304656 47.86628421 78.971 0.0 0.0 0.0
0 36.18986734 7.304656 45.89744921 78.971 0.0 0.0 0.0
0 44.4231226 5.21761143 45.68573227 78.971 0.0 0.0 0.0
1 41.67312756 5.21761143 45.39309644 118.71 0.0 0.0 0.0
1 38.93986238 7.304656 46.19008504 118.71 0.0 0.0 0.0
1 44.69793309 7.304656 47.57364838 118.71 0.0 0.0 0.0
1 35.91505685 5.21761143 44.0095331 118.71 0.0 0.0 0.0
0 38.66505189 9.39170057 0.10585847 78.971 0.0 0.0 0.0
0 41.94793805 11.47874514 4.25524541 78.971 0.0 0.0 0.0
0 36.18986734 11.47874514 2.28641041 78.971 0.0 0.0 0.0
0 44.4231226 9.39170057 2.07469347 78.971 0.0 0.0 0.0
1 41.67312756 9.39170057 1.78205764 118.71 0.0 0.0 0.0
1 38.93986238 11.47874514 2.57904624 118.71 0.0 0.0 0.0
1 44.69793309 11.47874514 3.96260958 118.71 0.0 0.0 0.0
1 35.91505685 9.39170057 0.3984943 118.71 0.0 0.0 0.0
0 38.66505189 9.39170057 4.46696235 78.971 0.0 0.0 0.0
0 41.94793805 11.47874514 8.61634929 78.971 0.0 0.0 0.0
0 36.18986734 11.47874514 6.64751429 78.971 0.0 0.0 0.0
0 44.4231226 9.39170057 6.43579735 78.971 0.0 0.0 0.0
1 41.67312756 9.39170057 6.14316152 118.71 0.0 0.0 0.0
1 38.93986238 11.47874514 6.94015012 118.71 0.0 0.0 0.0
1 44.69793309 11.47874514 8.32371346 118.71 0.0 0.0 0.0
1 35.91505685 9.39170057 4.75959818 118.71 0.0 0.0 0.0
0 38.66505189 9.39170057 8.82806623 78.971 0.0 0.0 0.0
0 41.94793805 11.47874514 12.97745317 78.971 0.0 0.0 0.0
0 36.18986734 11.47874514 11.00861817 78.971 0.0 0.0 0.0
0 44.4231226 9.39170057 10.79690123 78.971 0.0 0.0 0.0
1 41.67312756 9.39170057 10.5042654 118.71 0.0 0.0 0.0
1 38.93986238 11.47874514 11.301254 118.71 0.0 0.0 0.0
1 44.69793309 11.47874514 12.68481734 118.71 0.0 0.0 0.0
1 35.91505685 9.39170057 9.12070206 118.71 0.0 0.0 0.0
0 38.66505189 9.39170057 13.18917011 78.971 0.0 0.0 0.0
0 41.94793805 11.47874514 17.33855705 78.971 0.0 0.0 0.0
0 36.18986734 11.47874514 15.36972205 78.971 0.0 0.0 0.0
0 44.4231226 9.39170057 15.15800511 78.971 0.0 0.0 0.0
1 41.67312756 9.39170057 14.86536928 118.71 0.0 0.0 0.0
1 38.93986238 11.47874514 15.66235788 118.71 0.0 0.0 0.0
1 44.69793309 11.47874514 17.04592122 118.71 0.0 0.0 0.0
1 35.91505685 9.39170057 13.48180594 118.71 0.0 0.0 0.0
0 38.66505189 9.39170057 17.55027399 78.971 0.0 0.0 0.0
0 41.94793805 11.47874514 21.69966093 78.971 0.0 0.0 0.0
0 36.18986734 11.47874514 19.73082593 78.971 0.0 0.0 0.0
0 44.4231226 9.39170057 19.51910899 78.971 0.0 0.0 0.0
1 41.67312756 9.39170057 19.22647316 118.71 0.0 0.0 0.0
1 38.93986238 11.47874514 20.02346176 118.71 0.0 0.0 0.0
1 44.69793309 11.47874514 21.4070251 118.71 0.0 0.0 0.0
1 35.91505685 9.39170057 17.84290982 118.71 0.0 0.0 0.0
0 38.66505189 9.39170057 21.91137787 78.971 0.0 0.0 0.0
0 41.94793805 11.47874514 26.06076481 78.971 0.0 0.0 0.0
0 36.18986734 11.47874514 24.09192981 78.971 0.0 0.0 0.0
0 44.4231226 9.39170057 23.88021287 78.971 0.0 0.0 0.0
1 41.67312756 9.39170057 23.58757704 118.71 0.0 0.0 0.0
1 38.93986238 11.47874514 24.38456564 118.71 0.0 0.0 0.0
1 44.69793309 11.47874514 25.76812898 118.71 0.0 0.0 0.0
1 35.91505685 9.39170057 22.2040137 118.71 0.0 0.0 0.0
0 38.66505189 9.39170057 26.27248175 78.971 0.0 0.0 0.0
0 41.94793805 11.47874514 30.42186869 78.971 0.0 0.0 0.0
0 36.18986734 11.47874514 28.45303369 78.971 0.0 0.0 0.0
0 44.4231226 9.39170057 28.24131675 78.971 0.0 0.0 0.0
1 41.67312756 9.39170057 27.94868092 118.71 0.0 0.0 0.0
1 38.93986238 11.47874514 28.74566952 118.71 0.0 0.0 0.0
1 44.69793309 11.47874514 30.12923286 118.71 0.0 0.0 0.0
1 35.91505685 9.39170057 26.56511758 118.71 0.0 0.0 0.0
0 38.66505189 9.39170057 30.63358563 78.971 0.0 0.0 0.0
0 41.94793805 11.47874514 34.78297257 78.971 0.0 0.0 0.0
0 36.18986734 11.47874514 32.81413757 78.971 0.0 0.0 0.0
0 44.4231226 9.39170057 32.60242063 78.971 0.0 0.0 0.0
1 41.67312756 9.39170057 32.3097848 118.71 0.0 0.0 0.0
1 38.93986238 11.47874514 33.1067734 118.71 0.0 0.0 0.0
1 44.69793309 11.47874514 34.49033674 118.71 0.0 0.0 0.0
1 35.91505685 9.39170057 30.92622146 118.71 0.0 0.0 0.0
0 38.66505189 9.39170057 34.99468951 78.971 0.0 0.0 0.0
0 41.94793805 11.47874514 39.14407645 78.971 0.0 0.0 0.0
0 36.18986734 11.47874514 37.17524145 78.971 0.0 0.0 0.0
0 44.4231226 9.39170057 36.96352451 78.971 0.0 0.0 0.0
1 41.67312756 9.39170057 36.67088868 118.71 0.0 0.0 0.0
1 38.93986238 11.47874514 37.46787728 118.71 0.0 0.0 0.0
1 44.69793309 11.47874514 38.85144062 118.71 0.0 0.0 0.0
1 35.91505685 9.39170057 35.28732534 118.71 0.0 0.0 0.0
0 38.66505189 9.39170057 39.35579339 78.971 0.0 0.0 0.0
0 41.94793805 11.47874514 43.50518033 78.971 0.0 0.0 0.0
0 36.18986734 11.47874514 41.53634533 78.971 0.0 0.0 0.0
0 44.4231226 9.39170057 41.32462839 78.971 0.0 0.0 0.0
1 41.67312756 9.39170057 41.03199256 118.71 0.0 0.0 0.0
1 38.93986238 11.47874514 41.82898116 118.71 0.0 0.0 0.0
1 44.69793309 11.47874514 43.2125445 118.71 0.0 0.0 0.0
1 35.91505685 9.39170057 39.64842922 118.71 0.0 0.0 0.0
0 38.66505189 9.39170057 43.71689727 78.971 0.0 0.0 0.0
0 41.94793805 11.47874514 47.86628421 78.971 0.0 0.0 0.0
0 36.18986734 11.47874514 45.89744921 78.971 0.0 0.0 0.0
0 44.4231226 9.39170057 45.68573227 78.971 0.0 0.0 0.0
1 41.67312756 9.39170057 45.39309644 118.71 0.0 0.0 0.0
1 38.93986238 11.47874514 46.19008504 118.71 0.0 0.0 0.0
1 44.69793309 11.47874514 47.57364838 118.71 0.0 0.0 0.0
1 35.91505685 9.39170057 44.0095331 118.71 0.0 0.0 0.0
0 38.66505189 13.56578971 0.10585847 78.971 0.0 0.0 0.0
0 41.94793805 15.65283428 4.25524541 78.971 0.0 0.0 0.0
0 36.18986734 15.65283428 2.28641041 78.971 0.0 0.0 0.0
0 44.4231226 13.56578971 2.07469347 78.971 0.0 0.0 0.0
1 41.67312756 13.56578971 1.78205764 118.71 0.0 0.0 0.0
1 38.93986238 15.65283428 2.57904624 118.71 0.0 0.0 0.0
1 44.69793309 15.65283428 3.96260958 118.71 0.0 0.0 0.0
1 35.91505685 13.56578971 0.3984943 118.71 0.0 0.0 0.0
0 38.66505189 13.56578971 4.46696235 78.971 0.0 0.0 0.0
0 41.94793805 15.65283428 8.61634929 78.971 0.0 0.0 0.0
0 36.18986734 15.65283428 6.64751429 78.971 0.0 0.0 0.0
0 44.4231226 13.56578971 6.43579735 78.971 0.0 0.0 0.0
1 41.67312756 13.56578971 6.14316152 118.71 0.0 0.0 0.0
1 38.93986238 15.65283428 6.94015012 118.71 0.0 0.0 0.0
1 44.69793309 15.65283428 8.32371346 118.71 0.0 0.0 0.0
1 35.91505685 13.56578971 4.75959818 118.71 0.0 0.0 0.0
0 38.66505189 13.56578971 8.82806623 78.971 0.0 0.0 0.0
0 41.94793805 15.65283428 12.97745317 78.971 0.0 0.0 0.0
0 36.18986734 15.65283428 11.00861817 78.971 0.0 0.0 0.0
0 44.4231226 13.56578971 10.79690123 78.971 0.0 0.0 0.0
1 41.67312756 13.56578971 10.5042654 118.71 0.0 0.0 0.0
1 38.93986238 15.65283428 11.301254 118.71 0.0 0.0 0.0
1 44.69793309 15.65283428 12.68481734 118.71 0.0 0.0 0.0
1 35.91505685 13.56578971 9.12070206 118.71 0.0 0.0 0.0
0 38.66505189 13.56578971 13.18917011 78.971 0.0 0.0 0.0
0 41.94793805 15.65283428 17.33855705 78.971 0.0 0.0 0.0
0 36.18986734 15.65283428 15.36972205 78.971 0.0 0.0 0.0
0 44.4231226 13.56578971 15.15800511 78.971 0.0 0.0 0.0
1 41.67312756 13.56578971 14.86536928 118.71 0.0 0.0 0.0
1 38.93986238 15.65283428 15.66235788 118.71 0.0 0.0 0.0
1 44.69793309 15.65283428 17.04592122 118.71 0.0 0.0 0.0
1 35.91505685 13.56578971 13.48180594 118.71 0.0 0.0 0.0
0 38.66505189 13.56578971 17.55027399 78.971 0.0 0.0 0.0
0 41.94793805 15.65283428 21.69966093 78.971 0.0 0.0 0.0
0 36.18986734 15.65283428 19.73082593 78.971 0.0 0.0 0.0
0 44.4231226 13.56578971 19.51910899 78.971 0.0 0.0 0.0
1 41.67312756 13.56578971 19.22647316 118.71 0.0 0.0 0.0
1 38.93986238 15.65283428 20.02346176 118.71 0.0 0.0 0.0
1 44.69793309 15.65283428 21.4070251 118.71 0.0 0.0 0.0
1 35.91505685 13.56578971 17.84290982 118.71 0.0 0.0 0.0
0 38.66505189 13.56578971 21.91137787 78.971 0.0 0.0 0.0
0 41.94793805 15.65283428 26.06076481 78.971 0.0 0.0 0.0
0 36.18986734 15.65283428 24.09192981 78.971 0.0 0.0 0.0
0 44.4231226 13.56578971 23.88021287 78.971 0.0 0.0 0.0
1 41.67312756 13.56578971 23.58757704 118.71 0.0 0.0 0.0
1 38.93986238 15.65283428 24.38456564 118.71 0.0 0.0 0.0
1 44.69793309 15.65283428 25.76812898 118.71 0.0 0.0 0.0
1 35.91505685 13.56578971 22.2040137 118.71 0.0 0.0 0.0
0 38.66505189 13.56578971 26.27248175 78.971 0.0 0.0 0.0
0 41.94793805 15.65283428 30.42186869 78.971 0.0 0.0 0.0
0 36.18986734 15.65283428 28.45303369 78.971 0.0 0.0 0.0
0 44.4231226 13.56578971 28.24131675 78.971 0.0 0.0 0.0
1 41.67312756 13.56578971 27.94868092 118.71 0.0 0.0 0.0
1 38.93986238 15.65283428 28.74566952 118.71 0.0 0.0 0.0
1 44.69793309 15.65283428 30.12923286 118.71 0.0 0.0 0.0
1 35.91505685 13.56578971 26.56511758 118.71 0.0 0.0 0.0
0 38.66505189 13.56578971 30.63358563 78.971 0.0 0.0 0.0
0 41.94793805 15.65283428 34.78297257 78.971 0.0 0.0 0.0
0 36.18986734 15.65283428 32.81413757 78.971 0.0 0.0 0.0
0 44.4231226 13.56578971 32.60242063 78.971 0.0 0.0 0.0
1 41.67312756 13.56578971 32.3097848 118.71 0.0 0.0 0.0
1 38.93986238 15.65283428 33.1067734 118.71 0.0 0.0 0.0
1 44.69793309 15.65283428 34.49033674 118.71 0.0 0.0 0.0
1 35.91505685 13.56578971 30.92622146 118.71 0.0 0.0 0.0
0 38.66505189 13.56578971 34.99468951 78.971 0.0 0.0 0.0
0 41.94793805 15.65283428 39.14407645 78.971 0.0 0.0 0.0
0 36.18986734 15.65283428 37.17524145 78.971 0.0 0.0 0.0
0 44.4231226 13.56578971 36.96352451 78.971 0.0 0.0 0.0
1 41.67312756 13.56578971 36.67088868 118.71 0.0 0.0 0.0
1 38.93986238 15.65283428 37.46787728 118.71 0.0 0.0 0.0
1 44.69793309 15.65283428 38.85144062 118.71 0.0 0.0 0.0
1 35.91505685 13.56578971 35.28732534 118.71 0.0 0.0 0.0
0 38.66505189 13.56578971 39.35579339 78.971 0.0 0.0 0.0
0 41.94793805 15.65283428 43.50518033 78.971 0.0 0.0 0.0
0 36.18986734 15.65283428 41.53634533 78.971 0.0 0.0 0.0
0 44.4231226 13.56578971 41.32462839 78.971 0.0 0.0 0.0
1 41.67312756 13.56578971 41.03199256 118.71 0.0 0.0 0.0
1 38.93986238 15.65283428 41.82898116 118.71 0.0 0.0 0.0
1 44.69793309 15.65283428 43.2125445 118.71 0.0 0.0 0.0
1 35.91505685 13.56578971 39.64842922 118.71 0.0 0.0 0.0
0 38.66505189 13.56578971 43.71689727 78.971 0.0 0.0 0.0
0 41.94793805 15.65283428 47.86628421 78.971 0.0 0.0 0.0
0 36.18986734 15.65283428 45.89744921 78.971 0.0 0.0 0.0
0 44.4231226 13.56578971 45.68573227 78.971 0.0 0.0 0.0
1 41.67312756 13.56578971 45.39309644 118.71 0.0 0.0 0.0
1 38.93986238 15.65283428 46.19008504 118.71 0.0 0.0 0.0
1 44.69793309 15.65283428 47.57364838 118.71 0.0 0.0 0.0
1 35.91505685 13.56578971 44.0095331 118.71 0.0 0.0 0.0
0 38.66505189 17.73987885 0.10585847 78.971 0.0 0.0 0.0
0 41.94793805 19.82692342 4.25524541 78.971 0.0 0.0 0.0
0 36.18986734 19.82692342 2.28641041 78.971 0.0 0.0 0.0
0 44.4231226 17.73987885 2.07469347 78.971 0.0 0.0 0.0
1 41.67312756 17.73987885 1.78205764 118.71 0.0 0.0 0.0
1 38.93986238 19.82692342 2.57904624 118.71 0.0 0.0 0.0
1 44.69793309 19.82692342 3.96260958 118.71 0.0 0.0 0.0
1 35.91505685 17.73987885 0.3984943 118.71 0.0 0.0 0.0
0 38.66505189 17.73987885 4.46696235 78.971 0.0 0.0 0.0
0 41.94793805 19.82692342 8.61634929 78.971 0.0 0.0 0.0
0 36.18986734 19.82692342 6.64751429 78.971 0.0 0.0 0.0
0 44.4231226 17.73987885 6.43579735 78.971 0.0 0.0 0.0
1 41.67312756 17.73987885 6.14316152 118.71 0.0 0.0 0.0
1 38.93986238 19.82692342 6.94015012 118.71 0.0 0.0 0.0
1 44.69793309 19.82692342 8.32371346 118.71 0.0 0.0 0.0
1 35.91505685 17.73987885 4.75959818 118.71 0.0 0.0 0.0
0 38.66505189 17.73987885 8.82806623 78.971 0.0 0.0 0.0
0 41.94793805 19.82692342 12.97745317 78.971 0.0 0.0 0.0
0 36.18986734 19.82692342 11.00861817 78.971 0.0 0.0 0.0
0 44.4231226 17.73987885 10.79690123 78.971 0.0 0.0 0.0
1 41.67312756 17.73987885 10.5042654 118.71 0.0 0.0 0.0
1 38.93986238 19.82692342 11.301254 118.71 0.0 0.0 0.0
1 44.69793309 19.82692342 12.68481734 118.71 0.0 0.0 0.0
1 35.91505685 17.73987885 9.12070206 118.71 0.0 0.0 0.0
0 38.66505189 17.73987885 13.18917011 78.971 0.0 0.0 0.0
0 41.94793805 19.82692342 17.33855705 78.971 0.0 0.0 0.0
0 36.18986734 19.82692342 15.36972205 78.971 0.0 0.0 0.0
0 44.4231226 17.73987885 15.15800511 78.971 0.0 0.0 0.0
1 41.67312756 17.73987885 14.86536928 118.71 0.0 0.0 0.0
1 38.93986238 19.82692342 15.66235788 118.71 0.0 0.0 0.0
1 44.69793309 19.82692342 17.04592122 118.71 0.0 0.0 0.0
1 35.91505685 17.73987885 13.48180594 118.71 0.0 0.0 0.0
0 38.66505189 17.73987885 17.55027399 78.971 0.0 0.0 0.0
0 41.94793805 19.82692342 21.69966093 78.971 0.0 0.0 0.0
0 36.18986734 19.82692342 19.73082593 78.971 0.0 0.0 0.0
0 44.4231226 17.73987885 19.51910899 78.971 0.0 0.0 0.0
1 41.67312756 17.73987885 19.22647316 118.71 0.0 0.0 0.0
1 38.93986238 19.82692342 20.02346176 118.71 0.0 0.0 0.0
1 44.69793309 19.82692342 21.4070251 118.71 0.0 0.0 0.0
1 35.91505685 17.73987885 17.84290982 118.71 0.0 0.0 0.0
0 38.66505189 17.73987885 21.91137787 78.971 0.0 0.0 0.0
0 41.94793805 19.82692342 26.06076481 78.971 0.0 0.0 0.0
0 36.18986734 19.82692342 24.09192981 78.971 0.0 0.0 0.0
0 44.4231226 17.73987885 23.88021287 78.971 0.0 0.0 0.0
1 41.67312756 17.73987885 23.58757704 118.71 0.0 0.0 0.0
1 38.93986238 19.82692342 24.38456564 118.71 0.0 0.0 0.0
1 44.69793309 19.82692342 25.76812898 118.71 0.0 0.0 0.0
1 35.91505685 17.73987885 22.2040137 118.71 0.0 0.0 0.0
0 38.66505189 17.73987885 26.27248175 78.971 0.0 0.0 0.0
0 41.94793805 19.82692342 30.42186869 78.971 0.0 0.0 0.0
0 36.18986734 19.82692342 28.45303369 78.971 0.0 0.0 0.0
0 44.4231226 17.73987885 28.24131675 78.971 0.0 0.0 0.0
1 41.67312756 17.73987885 27.94868092 118.71 0.0 0.0 0.0
1 38.93986238 19.82692342 28.74566952 118.71 0.0 0.0 0.0
1 44.69793309 19.82692342 30.12923286 118.71 0.0 0.0 0.0
1 35.91505685 17.73987885 26.56511758 118.71 0.0 0.0 0.0
0 38.66505189 17.73987885 30.63358563 78.971 0.0 0.0 0.0
0 41.94793805 19.82692342 34.78297257 78.971 0.0 0.0 0.0
0 36.18986734 19.82692342 32.81413757 78.971 0.0 0.0 0.0
0 44.4231226 17.73987885 32.60242063 78.971 0.0 0.0 0.0
1 41.67312756 17.73987885 32.3097848 118.71 0.0 0.0 0.0
1 38.93986238 19.82692342 33.1067734 118.71 0.0 0.0 0.0
1 44.69793309 19.82692342 34.49033674 118.71 0.0 0.0 0.0
1 35.91505685 17.73987885 30.92622146 118.71 0.0 0.0 0.0
0 38.66505189 17.73987885 34.99468951 78.971 0.0 0.0 0.0
0 41.94793805 19.82692342 39.14407645 78.971 0.0 0.0 0.0
0 36.18986734 19.82692342 37.17524145 78.971 0.0 0.0 0.0
0 44.4231226 17.73987885 36.96352451 78.971 0.0 0.0 0.0
1 41.67312756 17.73987885 36.67088868 118.71 0.0 0.0 0.0
1 38.93986238 19.82692342 37.46787728 118.71 0.0 0.0 0.0
1 44.69793309 19.82692342 38.85144062 118.71 0.0 0.0 0.0
1 35.91505685 17.73987885 35.28732534 118.71 0.0 0.0 0.0
0 38.66505189 17.73987885 39.35579339 78.971 0.0 0.0 0.0
0 41.94793805 19.82692342 43.50518033 78.971 0.0 0.0 0.0
0 36.18986734 19.82692342 41.53634533 78.971 0.0 0.0 0.0
0 44.4231226 17.73987885 41.32462839 78.971 0.0 0.0 0.0
1 41.67312756 17.73987885 41.03199256 118.71 0.0 0.0 0.0
1 38.93986238 19.82692342 41.82898116 118.71 0.0 0.0 0.0
1 44.69793309 19.82692342 43.2125445 118.71 0.0 0.0 0.0
1 35.91505685 17.73987885 39.64842922 118.71 0.0 0.0 0.0
0 38.66505189 17.73987885 43.71689727 78.971 0.0 0.0 0.0
0 41.94793805 19.82692342 47.86628421 78.971 0.0 0.0 0.0
0 36.18986734 19.82692342 45.89744921 78.971 0.0 0.0 0.0
0 44.4231226 17.73987885 45.68573227 78.971 0.0 0.0 0.0
1 41.67312756 17.73987885 45.39309644 118.71 0.0 0.0 0.0
1 38.93986238 19.82692342 46.19008504 118.71 0.0 0.0 0.0
1 44.69793309 19.82692342 47.57364838 118.71 0.0 0.0 0.0
1 35.91505685 17.73987885 44.0095331 118.71 0.0 0.0 0.0
0 38.66505189 21.91396799 0.10585847 78.971 0.0 0.0 0.0
0 41.94793805 24.00101256 4.25524541 78.971 0.0 0.0 0.0
0 36.18986734 24.00101256 2.28641041 78.971 0.0 0.0 0.0
0 44.4231226 21.91396799 2.07469347 78.971 0.0 0.0 0.0
1 41.67312756 21.91396799 1.78205764 118.71 0.0 0.0 0.0
1 38.93986238 24.00101256 2.57904624 118.71 0.0 0.0 0.0
1 44.69793309 24.00101256 3.96260958 118.71 0.0 0.0 0.0
1 35.91505685 21.91396799 0.3984943 118.71 0.0 0.0 0.0
0 38.66505189 21.91396799 4.46696235 78.971 0.0 0.0 0.0
0 41.94793805 24.00101256 8.61634929 78.971 0.0 0.0 0.0
0 36.18986734 24.00101256 6.64751429 78.971 0.0 0.0 0.0
0 44.4231226 21.91396799 6.43579735 78.971 0.0 0.0 0.0
1 41.67312756 21.91396799 6.14316152 118.71 0.0 0.0 0.0
1 38.93986238 24.00101256 6.94015012 118.71 0.0 0.0 0.0
1 44.69793309 24.00101256 8.32371346 118.71 0.0 0.0 0.0
1 35.91505685 21.91396799 4.75959818 118.71 0.0 0.0 0.0
0 38.66505189 21.91396799 8.82806623 78.971 0.0 0.0 0.0
0 41.94793805 24.00101256 12.97745317 78.971 0.0 0.0 0.0
0 36.18986734 24.00101256 11.00861817 78.971 0.0 0.0 0.0
0 44.4231226 21.91396799 10.79690123 78.971 0.0 0.0 0.0
1 41.67312756 21.91396799 10.5042654 118.71 0.0 0.0 0.0
1 38.93986238 24.00101256 11.301254 118.71 0.0 0.0 0.0
1 44.69793309 24.00101256 12.68481734 118.71 0.0 0.0 0.0
1 35.91505685 21.91396799 9.12070206 118.71 0.0 0.0 0.0
0 38.66505189 21.91396799 13.18917011 78.971 0.0 0.0 0.0
0 41.94793805 24.00101256 17.33855705 78.971 0.0 0.0 0.0
0 36.18986734 24.00101256 15.36972205 78.971 0.0 0.0 0.0
0 44.4231226 21.91396799 15.15800511 78.971 0.0 0.0 0.0
1 41.67312756 21.91396799 14.86536928 118.71 0.0 0.0 0.0
1 38.93986238 24.00101256 15.66235788 118.71 0.0 0.0 0.0
1 44.69793309 24.00101256 17.04592122 118.71 0.0 0.0 0.0
1 35.91505685 21.91396799 13.48180594 118.71 0.0 0.0 0.0
0 38.66505189 21.91396799 17.55027399 78.971 0.0 0.0 0.0
0 41.94793805 24.00101256 21.69966093 78.971 0.0 0.0 0.0
0 36.18986734 24.00101256 19.73082593 78.971 0.0 0.0 0.0
0 44.4231226 21.91396799 19.51910899 78.971 0.0 0.0 0.0
1 41.67312756 21.91396799 19.22647316 118.71 0.0 0.0 0.0
1 38.93986238 24.00101256 20.02346176 118.71 0.0 0.0 0.0
1 44.69793309 24.00101256 21.4070251 118.71 0.0 0.0 0.0
1 35.91505685 21.91396799 17.84290982 118.71 0.0 0.0 0.0
0 38.66505189 21.91396799 21.91137787 78.971 0.0 0.0 0.0
0 41.94793805 24.00101256 26.06076481 78.971 0.0 0.0 0.0
0 36.18986734 24.00101256 24.09192981 78.971 0.0 0.0 0.0
0 44.4231226 21.91396799 23.88021287 78.971 0.0 0.0 0.0
1 41.67312756 21.91396799 23.58757704 118.71 0.0 0.0 0.0
1 38.93986238 24.00101256 24.38456564 118.71 0.0 0.0 0.0
1 44.69793309 24.00101256 25.76812898 118.71 0.0 0.0 0.0
1 35.91505685 21.91396799 22.2040137 118.71 0.0 0.0 0.0
0 38.66505189 21.91396799 26.27248175 78.971 0.0 0.0 0.0
0 41.94793805 24.00101256 30.42186869 78.971 0.0 0.0 0.0
0 36.18986734 24.00101256 28.45303369 78.971 0.0 0.0 0.0
0 44.4231226 21.91396799 28.24131675 78.971 0.0 0.0 0.0
1 41.67312756 21.91396799 27.94868092 118.71 0.0 0.0 0.0
1 38.93986238 24.00101256 28.74566952 118.71 0.0 0.0 0.0
1 44.69793309 24.00101256 30.12923286 118.71 0.0 0.0 0.0
1 35.91505685 21.91396799 26.56511758 118.71 0.0 0.0 0.0
0 38.66505189 21.91396799 30.63358563 78.971 0.0 0.0 0.0
0 41.94793805 24.00101256 34.78297257 78.971 0.0 0.0 0.0
0 36.18986734 24.00101256 32.81413757 78.971 0.0 0.0 0.0
0 44.4231226 21.91396799 32.60242063 78.971 0.0 0.0 0.0
1 41.67312756 21.91396799 32.3097848 118.71 0.0 0.0 0.0
1 38.93986238 24.00101256 33.1067734 118.71 0.0 0.0 0.0
1 44.69793309 24.00101256 34.49033674 118.71 0.0 0.0 0.0
1 35.91505685 21.91396799 30.92622146 118.71 0.0 0.0 0.0
0 38.66505189 21.91396799 34.99468951 78.971 0.0 0.0 0.0
0 41.94793805 24.00101256 39.14407645 78.971 0.0 0.0 0.0
0 36.18986734 24.00101256 37.17524145 78.971 0.0 0.0 0.0
0 44.4231226 21.91396799 36.96352451 78.971 0.0 0.0 0.0
1 41.67312756 21.91396799 36.67088868 118.71 0.0 0.0 0.0
1 38.93986238 24.00101256 37.46787728 118.71 0.0 0.0 0.0
1 44.69793309 24.00101256 38.85144062 118.71 0.0 0.0 0.0
1 35.91505685 21.91396799 35.28732534 118.71 0.0 0.0 0.0
0 38.66505189 21.91396799 39.35579339 78.971 0.0 0.0 0.0
0 41.94793805 24.00101256 43.50518033 78.971 0.0 0.0 0.0
0 36.18986734 24.00101256 41.53634533 78.971 0.0 0.0 0.0
0 44.4231226 21.91396799 41.32462839 78.971 0.0 0.0 0.0
1 41.67312756 21.91396799 41.03199256 118.71 0.0 0.0 0.0
1 38.93986238 24.00101256 41.82898116 118.71 0.0 0.0 0.0
1 44.69793309 24.00101256 43.2125445 118.71 0.0 0.0 0.0
1 35.91505685 21.91396799 39.64842922 118.71 0.0 0.0 0.0
0 38.66505189 21.91396799 43.71689727 78.971 0.0 0.0 0.0
0 41.94793805 24.00101256 47.86628421 78.971 0.0 0.0 0.0
0 36.18986734 24.00101256 45.89744921 78.971 0.0 0.0 0.0
0 44.4231226 21.91396799 45.68573227 78.971 0.0 0.0 0.0
1 41.67312756 21.91396799 45.39309644 118.71 0.0 0.0 0.0
1 38.93986238 24.00101256 46.19008504 118.71 0.0 0.0 0.0
1 44.69793309 24.00101256 47.57364838 118.71 0.0 0.0 0.0
1 35.91505685 21.91396799 44.0095331 118.71 0.0 0.0 0.0
0 38.66505189 26.08805713 0.10585847 78.971 0.0 0.0 0.0
0 41.94793805 28.1751017 4.25524541 78.971 0.0 0.0 0.0
0 36.18986734 28.1751017 2.28641041 78.971 0.0 0.0 0.0
0 44.4231226 26.08805713 2.07469347 78.971 0.0 0.0 0.0
1 41.67312756 26.08805713 1.78205764 118.71 0.0 0.0 0.0
1 38.93986238 28.1751017 2.57904624 118.71 0.0 0.0 0.0
1 44.69793309 28.1751017 3.96260958 118.71 0.0 0.0 0.0
1 35.91505685 26.08805713 0.3984943 118.71 0.0 0.0 0.0
0 38.66505189 26.08805713 4.46696235 78.971 0.0 0.0 0.0
0 41.94793805 28.1751017 8.61634929 78.971 0.0 0.0 0.0
0 36.18986734 28.1751017 6.64751429 78.971 0.0 0.0 0.0
0 44.4231226 26.08805713 6.43579735 78.971 0.0 0.0 0.0
1 41.67312756 26.08805713 6.14316152 118.71 0.0 0.0 0.0
1 38.93986238 28.1751017 6.94015012 118.71 0.0 0.0 0.0
1 44.69793309 28.1751017 8.32371346 118.71 0.0 0.0 0.0
1 35.91505685 26.08805713 4.75959818 118.71 0.0 0.0 0.0
0 38.66505189 26.08805713 8.82806623 78.971 0.0 0.0 0.0
0 41.94793805 28.1751017 12.97745317 78.971 0.0 0.0 0.0
0 36.18986734 28.1751017 11.00861817 78.971 0.0 0.0 0.0
0 44.4231226 26.08805713 10.79690123 78.971 0.0 0.0 0.0
1 41.67312756 26.08805713 10.5042654 118.71 0.0 0.0 0.0
1 38.93986238 28.1751017 11.301254 118.71 0.0 0.0 0.0
1 44.69793309 28.1751017 12.68481734 118.71 0.0 0.0 0.0
1 35.91505685 26.08805713 9.12070206 118.71 0.0 0.0 0.0
0 38.66505189 26.08805713 13.18917011 78.971 0.0 0.0 0.0
0 41.94793805 28.1751017 17.33855705 78.971 0.0 0.0 0.0
0 36.18986734 28.1751017 15.36972205 78.971 0.0 0.0 0.0
0 44.4231226 26.08805713 15.15800511 78.971 0.0 0.0 0.0
1 41.67312756 26.08805713 14.86536928 118.71 0.0 0.0 0.0
1 38.93986238 28.1751017 15.66235788 118.71 0.0 0.0 0.0
1 44.69793309 28.1751017 17.04592122 118.71 0.0 0.0 0.0
1 35.91505685 26.08805713 13.48180594 118.71 0.0 0.0 0.0
0 38.66505189 26.08805713 17.55027399 78.971 0.0 0.0 0.0
0 41.94793805 28.1751017 21.69966093 78.971 0.0 0.0 0.0
0 36.18986734 28.1751017 19.73082593 78.971 0.0 0.0 0.0
0 44.4231226 26.08805713 19.51910899 78.971 0.0 0.0 0.0
1 41.67312756 26.08805713 19.22647316 118.71 0.0 0.0 0.0
1 38.93986238 28.1751017 20.02346176 118.71 0.0 0.0 0.0
1 44.69793309 28.1751017 21.4070251 118.71 0.0 0.0 0.0
1 35.91505685 26.08805713 17.84290982 118.71 0.0 0.0 0.0
0 38.66505189 26.08805713 21.91137787 78.971 0.0 0.0 0.0
0 41.94793805 28.1751017 26.06076481 78.971 0.0 0.0 0.0
0 36.18986734 28.1751017 24.09192981 78.971 0.0 0.0 0.0
0 44.4231226 26.08805713 23.88021287 78.971 0.0 0.0 0.0
1 41.67312756 26.08805713 23.58757704 118.71 0.0 0.0 0.0
1 38.93986238 28.1751017 24.38456564 118.71 0.0 0.0 0.0
1 44.69793309 28.1751017 25.76812898 118.71 0.0 0.0 0.0
1 35.91505685 26.08805713 22.2040137 118.71 0.0 0.0 0.0
0 38.66505189 26.08805713 26.27248175 78.971 0.0 0.0 0.0
0 41.94793805 28.1751017 30.42186869 78.971 0.0 0.0 0.0
0 36.18986734 28.1751017 28.45303369 78.971 0.0 0.0 0.0
0 44.4231226 26.08805713 28.24131675 78.971 0.0 0.0 0.0
1 41.67312756 26.08805713 27.94868092 118.71 0.0 0.0 0.0
1 38.93986238 28.1751017 28.74566952 118.71 0.0 0.0 0.0
1 44.69793309 28.1751017 30.12923286 118.71 0.0 0.0 0.0
1 35.91505685 26.08805713 26.56511758 118.71 0.0 0.0 0.0
0 38.66505189 26.08805713 30.63358563 78.971 0.0 0.0 0.0
0 41.94793805 28.1751017 34.78297257 78.971 0.0 0.0 0.0
0 36.18986734 28.1751017 32.81413757 78.971 0.0 0.0 0.0
0 44.4231226 26.08805713 32.60242063 78.971 0.0 0.0 0.0
1 41.67312756 26.08805713 32.3097848 118.71 0.0 0.0 0.0
1 38.93986238 28.1751017 33.1067734 118.71 0.0 0.0 0.0
1 44.69793309 28.1751017 34.49033674 118.71 0.0 0.0 0.0
1 35.91505685 26.08805713 30.92622146 118.71 0.0 0.0 0.0
0 38.66505189 26.08805713 34.99468951 78.971 0.0 0.0 0.0
0 41.94793805 28.1751017 39.14407645 78.971 0.0 0.0 0.0
0 36.18986734 28.1751017 37.17524145 78.971 0.0 0.0 0.0
0 44.4231226 26.08805713 36.96352451 78.971 0.0 0.0 0.0
1 41.67312756 26.08805713 36.67088868 118.71 0.0 0.0 0.0
1 38.93986238 28.1751017 37.46787728 118.71 0.0 0.0 0.0
1 44.69793309 28.1751017 38.85144062 118.71 0.0 0.0 0.0
1 35.91505685 26.08805713 35.28732534 118.71 0.0 0.0 0.0
0 38.66505189 26.08805713 39.35579339 78.971 0.0 0.0 0.0
0 41.94793805 28.1751017 43.50518033 78.971 0.0 0.0 0.0
0 36.18986734 28.1751017 41.53634533 78.971 0.0 0.0 0.0
0 44.4231226 26.08805713 41.32462839 78.971 0.0 0.0 0.0
1 41.67312756 26.08805713 41.03199256 118.71 0.0 0.0 0.0
1 38.93986238 28.1751017 41.82898116 118.71 0.0 0.0 0.0
1 44.69793309 28.1751017 43.2125445 118.71 0.0 0.0 0.0
1 35.91505685 26.08805713 39.64842922 118.71 0.0 0.0 0.0
0 38.66505189 26.08805713 43.71689727 78.971 0.0 0.0 0.0
0 41.94793805 28.1751017 47.86628421 78.971 0.0 0.0 0.0
0 36.18986734 28.1751017 45.89744921 78.971 0.0 0.0 0.0
0 44.4231226 26.08805713 45.68573227 78.971 0.0 0.0 0.0
1 41.67312756 26.08805713 45.39309644 118.71 0.0 0.0 0.0
1 38.93986238 28.1751017 46.19008504 118.71 0.0 0.0 0.0
1 44.69793309 28.1751017 47.57364838 118.71 0.0 0.0 0.0
1 35.91505685 26.08805713 44.0095331 118.71 0.0 0.0 0.0
0 38.66505189 30.26214627 0.10585847 78.971 0.0 0.0 0.0
0 41.94793805 32.34919084 4.25524541 78.971 0.0 0.0 0.0
0 36.18986734 32.34919084 2.28641041 78.971 0.0 0.0 0.0
0 44.4231226 30.26214627 2.07469347 78.971 0.0 0.0 0.0
1 41.67312756 30.26214627 1.78205764 118.71 0.0 0.0 0.0
1 38.93986238 32.34919084 2.57904624 118.71 0.0 0.0 0.0
1 44.69793309 32.34919084 3.96260958 118.71 0.0 0.0 0.0
1 35.91505685 30.26214627 0.3984943 118.71 0.0 0.0 0.0
0 38.66505189 30.26214627 4.46696235 78.971 0.0 0.0 0.0
0 41.94793805 32.34919084 8.61634929 78.971 0.0 0.0 0.0
0 36.18986734 32.34919084 6.64751429 78.971 0.0 0.0 0.0
0 44.4231226 30.26214627 6.43579735 78.971 0.0 0.0 0.0
1 41.67312756 30.26214627 6.14316152 118.71 0.0 0.0 0.0
1 38.93986238 32.34919084 6.94015012 118.71 0.0 0.0 0.0
1 44.69793309 32.34919084 8.32371346 118.71 0.0 0.0 0.0
1 35.91505685 30.26214627 4.75959818 118.71 0.0 0.0 0.0
0 38.66505189 30.26214627 8.82806623 78.971 0.0 0.0 0.0
0 41.94793805 32.34919084 12.97745317 78.971 0.0 0.0 0.0
0 36.18986734 32.34919084 11.00861817 78.971 0.0 0.0 0.0
0 44.4231226 30.26214627 10.79690123 78.971 0.0 0.0 0.0
1 41.67312756 30.26214627 10.5042654 118.71 0.0 0.0 0.0
1 38.93986238 32.34919084 11.301254 118.71 0.0 0.0 0.0
1 44.69793309 32.34919084 12.68481734 118.71 0.0 0.0 0.0
1 35.91505685 30.26214627 9.12070206 118.71 0.0 0.0 0.0
0 38.66505189 30.26214627 13.18917011 78.971 0.0 0.0 0.0
0 41.94793805 32.34919084 17.33855705 78.971 0.0 0.0 0.0
0 36.18986734 32.34919084 15.36972205 78.971 0.0 0.0 0.0
0 44.4231226 30.26214627 15.15800511 78.971 0.0 0.0 0.0
1 41.67312756 30.26214627 14.86536928 118.71 0.0 0.0 0.0
1 38.93986238 32.34919084 15.66235788 118.71 0.0 0.0 0.0
1 44.69793309 32.34919084 17.04592122 118.71 0.0 0.0 0.0
1 35.91505685 30.26214627 13.48180594 118.71 0.0 0.0 0.0
0 38.66505189 30.26214627 17.55027399 78.971 0.0 0.0 0.0
0 41.94793805 32.34919084 21.69966093 78.971 0.0 0.0 0.0
0 36.18986734 32.34919084 19.73082593 78.971 0.0 0.0 0.0
0 44.4231226 30.26214627 19.51910899 78.971 0.0 0.0 0.0
1 41.67312756 30.26214627 19.22647316 118.71 0.0 0.0 0.0
1 38.93986238 32.34919084 20.02346176 118.71 0.0 0.0 0.0
1 44.69793309 32.34919084 21.4070251 118.71 0.0 0.0 0.0
1 35.91505685 30.26214627 17.84290982 118.71 0.0 0.0 0.0
0 38.66505189 30.26214627 21.91137787 78.971 0.0 0.0 0.0
0 41.94793805 32.34919084 26.06076481 78.971 0.0 0.0 0.0
0 36.18986734 32.34919084 24.09192981 78.971 0.0 0.0 0.0
0 44.4231226 30.26214627 23.88021287 78.971 0.0 0.0 0.0
1 41.67312756 30.26214627 23.58757704 118.71 0.0 0.0 0.0
1 38.93986238 32.34919084 24.38456564 118.71 0.0 0.0 0.0
1 44.69793309 32.34919084 25.76812898 118.71 0.0 0.0 0.0
1 35.91505685 30.26214627 22.2040137 118.71 0.0 0.0 0.0
0 38.66505189 30.26214627 26.27248175 78.971 0.0 0.0 0.0
0 41.94793805 32.34919084 30.42186869 78.971 0.0 0.0 0.0
0 36.18986734 32.34919084 28.45303369 78.971 0.0 0.0 0.0
0 44.4231226 30.26214627 28.24131675 78.971 0.0 0.0 0.0
1 41.67312756 30.26214627 27.94868092 118.71 0.0 0.0 0.0
1 38.93986238 32.34919084 28.74566952 118.71 0.0 0.0 0.0
1 44.69793309 32.34919084 30.12923286 118.71 0.0 0.0 0.0
1 35.91505685 30.26214627 26.56511758 118.71 0.0 0.0 0.0
0 38.66505189 30.26214627 30.63358563 78.971 0.0 0.0 0.0
0 41.94793805 32.34919084 34.78297257 78.971 0.0 0.0 0.0
0 36.18986734 32.34919084 32.81413757 78.971 0.0 0.0 0.0
0 44.4231226 30.26214627 32.60242063 78.971 0.0 0.0 0.0
1 41.67312756 30.26214627 32.3097848 118.71 0.0 0.0 0.0
1 38.93986238 32.34919084 33.1067734 118.71 0.0 0.0 0.0
1 44.69793309 32.34919084 34.49033674 118.71 0.0 0.0 0.0
1 35.91505685 30.26214627 30.92622146 118.71 0.0 0.0 0.0
0 38.66505189 30.26214627 34.99468951 78.971 0.0 0.0 0.0
0 41.94793805 32.34919084 39.14407645 78.971 0.0 0.0 0.0
0 36.18986734 32.34919084 37.17524145 78.971 0.0 0.0 0.0
0 44.4231226 30.26214627 36.96352451 78.971 0.0 0.0 0.0
1 41.67312756 30.26214627 36.67088868 118.71 0.0 0.0 0.0
1 38.93986238 32.34919084 37.46787728 118.71 0.0 0.0 0.0
1 44.69793309 32.34919084 38.85144062 118.71 0.0 0.0 0.0
1 35.91505685 30.26214627 35.28732534 118.71 0.0 0.0 0.0
0 38.66505189 30.26214627 39.35579339 78.971 0.0 0.0 0.0
0 41.94793805 32.34919084 43.50518033 78.971 0.0 0.0 0.0
0 36.18986734 32.34919084 41.53634533 78.971 0.0 0.0 0.0
0 44.4231226 30.26214627 41.32462839 78.971 0.0 0.0 0.0
1 41.67312756 30.26214627 41.03199256 118.71 0.0 0.0 0.0
1 38.93986238 32.34919084 41.82898116 118.71 0.0 0.0 0.0
1 44.69793309 32.34919084 43.2125445 118.71 0.0 0.0 0.0
1 35.91505685 30.26214627 39.64842922 118.71 0.0 0.0 0.0
0 38.66505189 30.26214627 43.71689727 78.971 0.0 0.0 0.0
0 41.94793805 32.34919084 47.86628421 78.971 0.0 0.0 0.0
0 36.18986734 32.34919084 45.89744921 78.971 0.0 0.0 0.0
0 44.4231226 30.26214627 45.68573227 78.971 0.0 0.0 0.0
1 41.67312756 30.26214627 45.39309644 118.71 0.0 0.0 0.0
1 38.93986238 32.34919084 46.19008504 118.71 0.0 0.0 0.0
1 44.69793309 32.34919084 47.57364838 118.71 0.0 0.0 0.0
1 35.91505685 30.26214627 44.0095331 118.71 0.0 0.0 0.0
0 38.66505189 34.43623541 0.10585847 78.971 0.0 0.0 0.0
0 41.94793805 36.52327998 4.25524541 78.971 0.0 0.0 0.0
0 36.18986734 36.52327998 2.28641041 78.971 0.0 0.0 0.0
0 44.4231226 34.43623541 2.07469347 78.971 0.0 0.0 0.0
1 41.67312756 34.43623541 1.78205764 118.71 0.0 0.0 0.0
1 38.93986238 36.52327998 2.57904624 118.71 0.0 0.0 0.0
1 44.69793309 36.52327998 3.96260958 118.71 0.0 0.0 0.0
1 35.91505685 34.43623541 0.3984943 118.71 0.0 0.0 0.0
0 38.66505189 34.43623541 4.46696235 78.971 0.0 0.0 0.0
0 41.94793805 36.52327998 8.61634929 78.971 0.0 0.0 0.0
0 36.18986734 36.52327998 6.64751429 78.971 0.0 0.0 0.0
0 44.4231226 34.43623541 6.43579735 78.971 0.0 0.0 0.0
1 41.67312756 34.43623541 6.14316152 118.71 0.0 0.0 0.0
1 38.93986238 36.52327998 6.94015012 118.71 0.0 0.0 0.0
1 44.69793309 36.52327998 8.32371346 118.71 0.0 0.0 0.0
1 35.91505685 34.43623541 4.75959818 118.71 0.0 0.0 0.0
0 38.66505189 34.43623541 8.82806623 78.971 0.0 0.0 0.0
0 41.94793805 36.52327998 12.97745317 78.971 0.0 0.0 0.0
0 36.18986734 36.52327998 11.00861817 78.971 0.0 0.0 0.0
0 44.4231226 34.43623541 10.79690123 78.971 0.0 0.0 0.0
1 41.67312756 34.43623541 10.5042654 118.71 0.0 0.0 0.0
1 38.93986238 36.52327998 11.301254 118.71 0.0 0.0 0.0
1 44.69793309 36.52327998 12.68481734 118.71 0.0 0.0 0.0
1 35.91505685 34.43623541 9.12070206 118.71 0.0 0.0 0.0
0 38.66505189 34.43623541 13.18917011 78.971 0.0 0.0 0.0
0 41.94793805 36.52327998 17.33855705 78.971 0.0 0.0 0.0
0 36.18986734 36.52327998 15.36972205 78.971 0.0 0.0 0.0
0 44.4231226 34.43623541 15.15800511 78.971 0.0 0.0 0.0
1 41.67312756 34.43623541 14.86536928 118.71 0.0 0.0 0.0
1 38.93986238 36.52327998 15.66235788 118.71 0.0 0.0 0.0
1 44.69793309 36.52327998 17.04592122 118.71 0.0 0.0 0.0
1 35.91505685 34.43623541 13.48180594 118.71 0.0 0.0 0.0
0 38.66505189 34.43623541 17.55027399 78.971 0.0 0.0 0.0
0 41.94793805 36.52327998 21.69966093 78.971 0.0 0.0 0.0
0 36.18986734 36.52327998 19.73082593 78.971 0.0 0.0 0.0
0 44.4231226 34.43623541 19.51910899 78.971 0.0 0.0 0.0
1 41.67312756 34.43623541 19.22647316 118.71 0.0 0.0 0.0
1 38.93986238 36.52327998 20.02346176 118.71 0.0 0.0 0.0
1 44.69793309 36.52327998 21.4070251 118.71 0.0 0.0 0.0
1 35.91505685 34.43623541 17.84290982 118.71 0.0 0.0 0.0
0 38.66505189 34.43623541 21.91137787 78.971 0.0 0.0 0.0
0 41.94793805 36.52327998 26.06076481 78.971 0.0 0.0 0.0
0 36.18986734 36.52327998 24.09192981 78.971 0.0 0.0 0.0
0 44.4231226 34.43623541 23.88021287 78.971 0.0 0.0 0.0
1 41.67312756 34.43623541 23.58757704 118.71 0.0 0.0 0.0
1 38.93986238 36.52327998 24.38456564 118.71 0.0 0.0 0.0
1 44.69793309 36.52327998 25.76812898 118.71 0.0 0.0 0.0
1 35.91505685 34.43623541 22.2040137 118.71 0.0 0.0 0.0
0 38.66505189 34.43623541 26.27248175 78.971 0.0 0.0 0.0
0 41.94793805 36.52327998 30.42186869 78.971 0.0 0.0 0.0
0 36.18986734 36.52327998 28.45303369 78.971 0.0 0.0 0.0
0 44.4231226 34.43623541 28.24131675 78.971 0.0 0.0 0.0
1 41.67312756 34.43623541 27.94868092 118.71 0.0 0.0 0.0
1 38.93986238 36.52327998 28.74566952 118.71 0.0 0.0 0.0
1 44.69793309 36.52327998 30.12923286 118.71 0.0 0.0 0.0
1 35.91505685 34.43623541 26.56511758 118.71 0.0 0.0 0.0
0 38.66505189 34.43623541 30.63358563 78.971 0.0 0.0 0.0
0 41.94793805 36.52327998 34.78297257 78.971 0.0 0.0 0.0
0 36.18986734 36.52327998 32.81413757 78.971 0.0 0.0 0.0
0 44.4231226 34.43623541 32.60242063 78.971 0.0 0.0 0.0
1 41.67312756 34.43623541 32.3097848 118.71 0.0 0.0 0.0
1 38.93986238 36.52327998 33.1067734 118.71 0.0 0.0 0.0
1 44.69793309 36.52327998 34.49033674 118.71 0.0 0.0 0.0
1 35.91505685 34.43623541 30.92622146 118.71 0.0 0.0 0.0
0 38.66505189 34.43623541 34.99468951 78.971 0.0 0.0 0.0
0 41.94793805 36.52327998 39.14407645 78.971 0.0 0.0 0.0
0 36.18986734 36.52327998 37.17524145 78.971 0.0 0.0 0.0
0 44.4231226 34.43623541 36.96352451 78.971 0.0 0.0 0.0
1 41.67312756 34.43623541 36.67088868 118.71 0.0 0.0 0.0
1 38.93986238 36.52327998 37.46787728 118.71 0.0 0.0 0.0
1 44.69793309 36.52327998 38.85144062 118.71 0.0 0.0 0.0
1 35.91505685 34.43623541 35.28732534 118.71 0.0 0.0 0.0
0 38.66505189 34.43623541 39.35579339 78.971 0.0 0.0 0.0
0 41.94793805 36.52327998 43.50518033 78.971 0.0 0.0 0.0
0 36.18986734 36.52327998 41.53634533 78.971 0.0 0.0 0.0
0 44.4231226 34.43623541 41.32462839 78.971 0.0 0.0 0.0
1 41.67312756 34.43623541 41.03199256 118.71 0.0 0.0 0.0
1 38.93986238 36.52327998 41.82898116 118.71 0.0 0.0 0.0
1 44.69793309 36.52327998 43.2125445 118.71 0.0 0.0 0.0
1 35.91505685 34.43623541 39.64842922 118.71 0.0 0.0 0.0
0 38.66505189 34.43623541 43.71689727 78.971 0.0 0.0 0.0
0 41.94793805 36.52327998 47.86628421 78.971 0.0 0.0 0.0
0 36.18986734 36.52327998 45.89744921 78.971 0.0 0.0 0.0
0 44.4231226 34.43623541 45.68573227 78.971 0.0 0.0 0.0
1 41.67312756 34.43623541 45.39309644 118.71 0.0 0.0 0.0
1 38.93986238 36.52327998 46.19008504 118.71 0.0 0.0 0.0
1 44.69793309 36.52327998 47.57364838 118.71 0.0 0.0 0.0
1 35.91505685 34.43623541 44.0095331 118.71 0.0 0.0 0.0
0 38.66505189 38.61032455 0.10585847 78.971 0.0 0.0 0.0
0 41.94793805 40.69736912 4.25524541 78.971 0.0 0.0 0.0
0 36.18986734 40.69736912 2.28641041 78.971 0.0 0.0 0.0
0 44.4231226 38.61032455 2.07469347 78.971 0.0 0.0 0.0
1 41.67312756 38.61032455 1.78205764 118.71 0.0 0.0 0.0
1 38.93986238 40.69736912 2.57904624 118.71 0.0 0.0 0.0
1 44.69793309 40.69736912 3.96260958 118.71 0.0 0.0 0.0
1 35.91505685 38.61032455 0.3984943 118.71 0.0 0.0 0.0
0 38.66505189 38.61032455 4.46696235 78.971 0.0 0.0 0.0
0 41.94793805 40.69736912 8.61634929 78.971 0.0 0.0 0.0
0 36.18986734 40.69736912 6.64751429 78.971 0.0 0.0 0.0
0 44.4231226 38.61032455 6.43579735 78.971 0.0 0.0 0.0
1 41.67312756 38.61032455 6.14316152 118.71 0.0 0.0 0.0
1 38.93986238 40.69736912 6.94015012 118.71 0.0 0.0 0.0
1 44.69793309 40.69736912 8.32371346 118.71 0.0 0.0 0.0
1 35.91505685 38.61032455 4.75959818 118.71 0.0 0.0 0.0
0 38.66505189 38.61032455 8.82806623 78.971 0.0 0.0 0.0
0 41.94793805 40.69736912 12.97745317 78.971 0.0 0.0 0.0
0 36.18986734 40.69736912 11.00861817 78.971 0.0 0.0 0.0
0 44.4231226 38.61032455 10.79690123 78.971 0.0 0.0 0.0
1 41.67312756 38.61032455 10.5042654 118.71 0.0 0.0 0.0
1 38.93986238 40.69736912 11.301254 118.71 0.0 0.0 0.0
1 44.69793309 40.69736912 12.68481734 118.71 0.0 0.0 0.0
1 35.91505685 38.61032455 9.12070206 118.71 0.0 0.0 0.0
0 38.66505189 38.61032455 13.18917011 78.971 0.0 0.0 0.0
0 41.94793805 40.69736912 17.33855705 78.971 0.0 0.0 0.0
0 36.18986734 40.69736912 15.36972205 78.971 0.0 0.0 0.0
0 44.4231226 38.61032455 15.15800511 78.971 0.0 0.0 0.0
1 41.67312756 38.61032455 14.86536928 118.71 0.0 0.0 0.0
1 38.93986238 40.69736912 15.66235788 118.71 0.0 0.0 0.0
1 44.69793309 40.69736912 17.04592122 118.71 0.0 0.0 0.0
1 35.91505685 38.61032455 13.48180594 118.71 0.0 0.0 0.0
0 38.66505189 38.61032455 17.55027399 78.971 0.0 0.0 0.0
0 41.94793805 40.69736912 21.69966093 78.971 0.0 0.0 0.0
0 36.18986734 40.69736912 19.73082593 78.971 0.0 0.0 0.0
0 44.4231226 38.61032455 19.51910899 78.971 0.0 0.0 0.0
1 41.67312756 38.61032455 19.22647316 118.71 0.0 0.0 0.0
1 38.93986238 40.69736912 20.02346176 118.71 0.0 0.0 0.0
1 44.69793309 40.69736912 21.4070251 118.71 0.0 0.0 0.0
1 35.91505685 38.61032455 17.84290982 118.71 0.0 0.0 0.0
0 38.66505189 38.61032455 21.91137787 78.971 0.0 0.0 0.0
0 41.94793805 40.69736912 26.06076481 78.971 0.0 0.0 0.0
0 36.18986734 40.69736912 24.09192981 78.971 0.0 0.0 0.0
0 44.4231226 38.61032455 23.88021287 78.971 0.0 0.0 0.0
1 41.67312756 38.61032455 23.58757704 118.71 0.0 0.0 0.0
1 38.93986238 40.69736912 24.38456564 118.71 0.0 0.0 0.0
1 44.69793309 40.69736912 25.76812898 118.71 0.0 0.0 0.0
1 35.91505685 38.61032455 22.2040137 118.71 0.0 0.0 0.0
0 38.66505189 38.61032455 26.27248175 78.971 0.0 0.0 0.0
0 41.94793805 40.69736912 30.42186869 78.971 0.0 0.0 0.0
0 36.18986734 40.69736912 28.45303369 78.971 0.0 0.0 0.0
0 44.4231226 38.61032455 28.24131675 78.971 0.0 0.0 0.0
1 41.67312756 38.61032455 27.94868092 118.71 0.0 0.0 0.0
1 38.93986238 40.69736912 28.74566952 118.71 0.0 0.0 0.0
1 44.69793309 40.69736912 30.12923286 118.71 0.0 0.0 0.0
1 35.91505685 38.61032455 26.56511758 118.71 0.0 0.0 0.0
0 38.66505189 38.61032455 30.63358563 78.971 0.0 0.0 0.0
0 41.94793805 40.69736912 34.78297257 78.971 0.0 0.0 0.0
0 36.18986734 40.69736912 32.81413757 78.971 0.0 0.0 0.0
0 44.4231226 38.61032455 32.60242063 78.971 0.0 0.0 0.0
1 41.67312756 38.61032455 32.3097848 118.71 0.0 0.0 0.0
1 38.93986238 40.69736912 33.1067734 118.71 0.0 0.0 0.0
1 44.69793309 40.69736912 34.49033674 118.71 0.0 0.0 0.0
1 35.91505685 38.61032455 30.92622146 118.71 0.0 0.0 0.0
0 38.66505189 38.61032455 34.99468951 78.971 0.0 0.0 0.0
0 41.94793805 40.69736912 39.14407645 78.971 0.0 0.0 0.0
0 36.18986734 40.69736912 37.17524145 78.971 0.0 0.0 0.0
0 44.4231226 38.61032455 36.96352451 78.971 0.0 0.0 0.0
1 41.67312756 38.61032455 36.67088868 118.71 0.0 0.0 0.0
1 38.93986238 40.69736912 37.46787728 118.71 0.0 0.0 0.0
1 44.69793309 40.69736912 38.85144062 118.71 0.0 0.0 0.0
1 35.91505685 38.61032455 35.28732534 118.71 0.0 0.0 0.0
0 38.66505189 38.61032455 39.35579339 78.971 0.0 0.0 0.0
0 41.94793805 40.69736912 43.50518033 78.971 0.0 0.0 0.0
0 36.18986734 40.69736912 41.53634533 78.971 0.0 0.0 0.0
0 44.4231226 38.61032455 41.32462839 78.971 0.0 0.0 0.0
1 41.67312756 38.61032455 41.03199256 118.71 0.0 0.0 0.0
1 38.93986238 40.69736912 41.82898116 118.71 0.0 0.0 0.0
1 44.69793309 40.69736912 43.2125445 118.71 0.0 0.0 0.0
1 35.91505685 38.61032455 39.64842922 118.71 0.0 0.0 0.0
0 38.66505189 38.61032455 43.71689727 78.971 0.0 0.0 0.0
0 41.94793805 40.69736912 47.86628421 78.971 0.0 0.0 0.0
0 36.18986734 40.69736912 45.89744921 78.971 0.0 0.0 0.0
0 44.4231226 38.61032455 45.68573227 78.971 0.0 0.0 0.0
1 41.67312756 38.61032455 45.39309644 118.71 0.0 0.0 0.0
1 38.93986238 40.69736912 46.19008504 118.71 0.0 0.0 0.0
1 44.69793309 40.69736912 47.57364838 118.71 0.0 0.0 0.0
1 35.91505685 38.61032455 44.0095331 118.71 0.0 0.0 0.0
0 38.66505189 42.78441369 0.10585847 78.971 0.0 0.0 0.0
0 41.94793805 44.87145826 4.25524541 78.971 0.0 0.0 0.0
0 36.18986734 44.87145826 2.28641041 78.971 0.0 0.0 0.0
0 44.4231226 42.78441369 2.07469347 78.971 0.0 0.0 0.0
1 41.67312756 42.78441369 1.78205764 118.71 0.0 0.0 0.0
1 38.93986238 44.87145826 2.57904624 118.71 0.0 0.0 0.0
1 44.69793309 44.87145826 3.96260958 118.71 0.0 0.0 0.0
1 35.91505685 42.78441369 0.3984943 118.71 0.0 0.0 0.0
0 38.66505189 42.78441369 4.46696235 78.971 0.0 0.0 0.0
0 41.94793805 44.87145826 8.61634929 78.971 0.0 0.0 0.0
0 36.18986734 44.87145826 6.64751429 78.971 0.0 0.0 0.0
0 44.4231226 42.78441369 6.43579735 78.971 0.0 0.0 0.0
1 41.67312756 42.78441369 6.14316152 118.71 0.0 0.0 0.0
1 38.93986238 44.87145826 6.94015012 118.71 0.0 0.0 0.0
1 44.69793309 44.87145826 8.32371346 118.71 0.0 0.0 0.0
1 35.91505685 42.78441369 4.75959818 118.71 0.0 0.0 0.0
0 38.66505189 42.78441369 8.82806623 78.971 0.0 0.0 0.0
0 41.94793805 44.87145826 12.97745317 78.971 0.0 0.0 0.0
0 36.18986734 44.87145826 11.00861817 78.971 0.0 0.0 0.0
0 44.4231226 42.78441369 10.79690123 78.971 0.0 0.0 0.0
1 41.67312756 42.78441369 10.5042654 118.71 0.0 0.0 0.0
1 38.93986238 44.87145826 11.301254 118.71 0.0 0.0 0.0
1 44.69793309 44.87145826 12.68481734 118.71 0.0 0.0 0.0
1 35.91505685 42.78441369 9.12070206 118.71 0.0 0.0 0.0
0 38.66505189 42.78441369 13.18917011 78.971 0.0 0.0 0.0
0 41.94793805 44.87145826 17.33855705 78.971 0.0 0.0 0.0
0 36.18986734 44.87145826 15.36972205 78.971 0.0 0.0 0.0
0 44.4231226 42.78441369 15.15800511 78.971 0.0 0.0 0.0
1 41.67312756 42.78441369 14.86536928 118.71 0.0 0.0 0.0
1 38.93986238 44.87145826 15.66235788 118.71 0.0 0.0 0.0
1 44.69793309 44.87145826 17.04592122 118.71 0.0 0.0 0.0
1 35.91505685 42.78441369 13.48180594 118.71 0.0 0.0 0.0
0 38.66505189 42.78441369 17.55027399 78.971 0.0 0.0 0.0
0 41.94793805 44.87145826 21.69966093 78.971 0.0 0.0 0.0
0 36.18986734 44.87145826 19.73082593 78.971 0.0 0.0 0.0
0 44.4231226 42.78441369 19.51910899 78.971 0.0 0.0 0.0
1 41.67312756 42.78441369 19.22647316 118.71 0.0 0.0 0.0
1 38.93986238 44.87145826 20.02346176 118.71 0.0 0.0 0.0
1 44.69793309 44.87145826 21.4070251 118.71 0.0 0.0 0.0
1 35.91505685 42.78441369 17.84290982 118.71 0.0 0.0 0.0
0 38.66505189 42.78441369 21.91137787 78.971 0.0 0.0 0.0
0 41.94793805 44.87145826 26.06076481 78.971 0.0 0.0 0.0
0 36.18986734 44.87145826 24.09192981 78.971 0.0 0.0 0.0
0 44.4231226 42.78441369 23.88021287 78.971 0.0 0.0 0.0
1 41.67312756 42.78441369 23.58757704 118.71 0.0 0.0 0.0
1 38.93986238 44.87145826 24.38456564 118.71 0.0 0.0 0.0
1 44.69793309 44.87145826 25.76812898 118.71 0.0 0.0 0.0
1 35.91505685 42.78441369 22.2040137 118.71 0.0 0.0 0.0
0 38.66505189 42.78441369 26.27248175 78.971 0.0 0.0 0.0
0 41.94793805 44.87145826 30.42186869 78.971 0.0 0.0 0.0
0 36.18986734 44.87145826 28.45303369 78.971 0.0 0.0 0.0
0 44.4231226 42.78441369 28.24131675 78.971 0.0 0.0 0.0
1 41.67312756 42.78441369 27.94868092 118.71 0.0 0.0 0.0
1 38.93986238 44.87145826 28.74566952 118.71 0.0 0.0 0.0
1 44.69793309 44.87145826 30.12923286 118.71 0.0 0.0 0.0
1 35.91505685 42.78441369 26.56511758 118.71 0.0 0.0 0.0
0 38.66505189 42.78441369 30.63358563 78.971 0.0 0.0 0.0
0 41.94793805 44.87145826 34.78297257 78.971 0.0 0.0 0.0
0 36.18986734 44.87145826 32.81413757 78.971 0.0 0.0 0.0
0 44.4231226 42.78441369 32.60242063 78.971 0.0 0.0 0.0
1 41.67312756 42.78441369 32.3097848 118.71 0.0 0.0 0.0
1 38.93986238 44.87145826 33.1067734 118.71 0.0 0.0 0.0
1 44.69793309 44.87145826 34.49033674 118.71 0.0 0.0 0.0
1 35.91505685 42.78441369 30.92622146 118.71 0.0 0.0 0.0
0 38.66505189 42.78441369 34.99468951 78.971 0.0 0.0 0.0
0 41.94793805 44.87145826 39.14407645 78.971 0.0 0.0 0.0
0 36.18986734 44.87145826 37.17524145 78.971 0.0 0.0 0.0
0 44.4231226 42.78441369 36.96352451 78.971 0.0 0.0 0.0
1 41.67312756 42.78441369 36.67088868 118.71 0.0 0.0 0.0
1 38.93986238 44.87145826 37.46787728 118.71 0.0 0.0 0.0
1 44.69793309 44.87145826 38.85144062 118.71 0.0 0.0 0.0
1 35.91505685 42.78441369 35.28732534 118.71 0.0 0.0 0.0
0 38.66505189 42.78441369 39.35579339 78.971 0.0 0.0 0.0
0 41.94793805 44.87145826 43.50518033 78.971 0.0 0.0 0.0
0 36.18986734 44.87145826 41.53634533 78.971 0.0 0.0 0.0
0 44.4231226 42.78441369 41.32462839 78.971 0.0 0.0 0.0
1 41.67312756 42.78441369 41.03199256 118.71 0.0 0.0 0.0
1 38.93986238 44.87145826 41.82898116 118.71 0.0 0.0 0.0
1 44.69793309 44.87145826 43.2125445 118.71 0.0 0.0 0.0
1 35.91505685 42.78441369 39.64842922 118.71 0.0 0.0 0.0
0 38.66505189 42.78441369 43.71689727 78.971 0.0 0.0 0.0
0 41.94793805 44.87145826 47.86628421 78.971 0.0 0.0 0.0
0 36.18986734 44.87145826 45.89744921 78.971 0.0 0.0 0.0
0 44.4231226 42.78441369 45.68573227 78.971 0.0 0.0 0.0
1 41.67312756 42.78441369 45.39309644 118.71 0.0 0.0 0.0
1 38.93986238 44.87145826 46.19008504 118.71 0.0 0.0 0.0
1 44.69793309 44.87145826 47.57364838 118.71 0.0 0.0 0.0
1 35.91505685 42.78441369 44.0095331 118.71 0.0 0.0 0.0