11664 1 0.1 1 0 2
1 1 1 65.07402804 -0.0138666 0.0138666 -0.0138666 65.07402804 -0.0138666 0.0138666 -0.0138666 65.07402804
0 5.42941887 5.41394137 5.42941887 137.327 0 0
0 10.83367351 0.00968673 10.83367351 137.327 0 0
0 0.00111585 8.12067005 5.44618814 137.327 0 1
0 10.77491881 2.73101032 5.50637589 137.327 0 1
0 5.50637589 0.06844143 8.11234992 137.327 0 1
0 5.44618814 10.84224439 2.72269019 137.327 0 1
0 8.11234992 5.33698435 10.77491881 137.327 0 1
0 2.72269019 5.3971721 0.00111585 137.327 0 1
1 3.43859186 7.45137911 7.39665864 72.63 0 6
1 7.39665864 7.40476838 3.39198113 72.63 0 6
1 3.39198113 3.4467016 3.43859186 72.63 0 6
1 7.42720074 3.4161595 7.42720074 72.63 0 6
1 8.84221215 2.00114809 8.84221215 72.63 0 6
1 1.98074823 1.98273285 2.02136356 72.63 0 6
1 8.86062739 8.82199668 1.98074823 72.63 0 6
1 2.02136356 8.86261201 8.86062739 72.63 0 6
1 7.45542914 3.47027243 3.40586794 72.63 0 6
1 3.40586794 3.3879311 7.37308781 72.63 0 6
1 7.37308781 7.4374923 7.45542914 72.63 0 6
1 1.99883187 8.84452837 1.99883187 72.63 0 6
1 8.81073332 8.82404811 8.89317148 72.63 0 6
1 2.01931213 1.95018876 8.81073332 72.63 0 6
1 8.89317148 2.03262692 2.01931213 72.63 0 6
1 5.40328876 2.70335352 0.01581782 72.63 0 5
1 0.01581782 5.44007148 8.14000672 72.63 0 5
1 8.14000672 10.82754242 5.40328876 72.63 0 5
1 8.80177402 5.45170721 4.17374351 72.63 0 7
1 2.04426729 5.43535747 4.18896044 72.63 0 7
1 4.17374351 2.04158622 5.39165303 72.63 0 7
1 4.18896044 8.79909295 5.40800277 72.63 0 7
1 5.40800277 6.6543998 2.04426729 72.63 0 7
1 5.39165303 6.66961673 8.80177402 72.63 0 7
1 0.02295205 3.38703046 1.24589658 72.63 0 7
1 0.00762761 7.4713536 1.2405027 72.63 0 7
1 1.24589658 10.82040819 7.45632978 72.63 0 7
1 1.2405027 10.83573263 3.37200664 72.63 0 7
1 3.37200664 9.60285754 0.00762761 72.63 0 7
1 7.45632978 9.59746366 0.02295205 72.63 0 7
2 3.43438766 7.40897258 3.43438766 69.723 0 3
2 5.41312146 8.12192004 0.01373008 69.723 0 2
2 0.01373008 5.43023878 2.7214402 69.723 0 2
2 2.7214402 10.82963016 5.41312146 69.723 0 2
2 2.075893 5.4184654 6.72232914 69.723 0 4
2 8.75270686 5.44262153 6.76432411 69.723 0 4
2 6.76432411 2.09065338 5.40073871 69.723 0 4
2 6.72232914 8.76746724 5.42489484 69.723 0 4
2 5.40073871 4.07903613 8.75270686 69.723 0 4
2 5.42489484 4.1210311 2.075893 69.723 0 4
2 0.02181364 3.32949036 9.50544968 69.723 0 4
2 10.84541923 7.50200334 9.55083251 69.723 0 4
2 9.55083251 -0.00205899 3.3413569 69.723 0 4
2 9.50544968 10.8215466 7.51386988 69.723 0 4
2 3.3413569 1.29252773 10.84541923 69.723 0 4
2 7.51386988 1.33791056 0.02181364 69.723 0 4
0 5.43172997 5.41163027 16.27509021 137.327 0 0
0 10.83598461 0.00737563 21.67934485 137.327 0 0
0 0.00342695 8.11835895 16.29185948 137.327 0 1
0 10.77722991 2.72869922 16.35204723 137.327 0 1
0 5.50868699 0.06613033 18.95802126 137.327 0 1
0 5.44849924 10.83993329 13.56836153 137.327 0 1
0 8.11466102 5.33467325 21.62059015 137.327 0 1
0 2.72500129 5.394861 10.84678719 137.327 0 1
1 3.44090296 7.44906801 18.24232998 72.63 0 6
1 7.39896974 7.40245728 14.23765247 72.63 0 6
1 3.39429223 3.4443905 14.2842632 72.63 0 6
1 7.42951184 3.4138484 18.27287208 72.63 0 6
1 8.84452325 1.99883699 19.68788349 72.63 0 6
1 1.98305933 1.98042175 12.8670349 72.63 0 6
1 8.86293849 8.81968558 12.82641957 72.63 0 6
1 2.02367466 8.86030091 19.70629873 72.63 0 6
1 7.45774024 3.46796133 14.25153928 72.63 0 6
1 3.40817904 3.38562 18.21875915 72.63 0 6
1 7.37539891 7.4351812 18.30110048 72.63 0 6
1 2.00114297 8.84221727 12.84450321 72.63 0 6
1 8.81304442 8.82173701 19.73884282 72.63 0 6
1 2.02162323 1.94787766 19.65640466 72.63 0 6
1 8.89548258 2.03031582 12.86498347 72.63 0 6
1 5.40559986 2.70104242 10.86148916 72.63 0 5
1 0.01812892 5.43776038 18.98567806 72.63 0 5
1 8.14231782 10.82523132 16.2489601 72.63 0 5
1 8.80408512 5.44939611 15.01941485 72.63 0 7
1 2.04657839 5.43304637 15.03463178 72.63 0 7
1 4.17605461 2.03927512 16.23732437 72.63 0 7
1 4.19127154 8.79678185 16.25367411 72.63 0 7
1 5.41031387 6.6520887 12.88993863 72.63 0 7
1 5.39396413 6.66730563 19.64744536 72.63 0 7
1 0.02526315 3.38471936 12.09156792 72.63 0 7
1 0.00993871 7.4690425 12.08617404 72.63 0 7
1 1.24820768 10.81809709 18.30200112 72.63 0 7
1 1.2428138 10.83342153 14.21767798 72.63 0 7
1 3.37431774 9.60054644 10.85329895 72.63 0 7
1 7.45864088 9.59515256 10.86862339 72.63 0 7
2 3.43669876 7.40666148 14.280059 69.723 0 3
2 5.41543256 8.11960894 10.85940142 69.723 0 2
2 0.01604118 5.42792768 13.56711154 69.723 0 2
2 2.7237513 10.82731906 16.2587928 69.723 0 2
2 2.0782041 5.4161543 17.56800048 69.723 0 4
2 8.75501796 5.44031043 17.60999545 69.723 0 4
2 6.76663521 2.08834228 16.24641005 69.723 0 4
2 6.72464024 8.76515614 16.27056618 69.723 0 4
2 5.40304981 4.07672503 19.5983782 69.723 0 4
2 5.42720594 4.11872 12.92156434 69.723 0 4
2 0.02412474 3.32717926 20.35112102 69.723 0 4
2 10.84773033 7.49969224 20.39650385 69.723 0 4
2 9.55314361 -0.00437009 14.18702824 69.723 0 4
2 9.50776078 10.8192355 18.35954122 69.723 0 4
2 3.343668 1.29021663 21.69109057 69.723 0 4
2 7.51618098 1.33559946 10.86748498 69.723 0 4
0 5.43404107 5.40931917 27.12076155 137.327 0 0
0 10.83829571 0.00506453 32.52501619 137.327 0 0
0 0.00573805 8.11604785 27.13753082 137.327 0 1
0 10.77954101 2.72638812 27.19771857 137.327 0 1
0 5.51099809 0.06381923 29.8036926 137.327 0 1
0 5.45081034 10.83762219 24.41403287 137.327 0 1
0 8.11697212 5.33236215 32.46626149 137.327 0 1
0 2.72731239 5.3925499 21.69245853 137.327 0 1
1 3.44321406 7.44675691 29.08800132 72.63 0 6
1 7.40128084 7.40014618 25.08332381 72.63 0 6
1 3.39660333 3.4420794 25.12993454 72.63 0 6
1 7.43182294 3.4115373 29.11854342 72.63 0 6
1 8.84683435 1.99652589 30.53355483 72.63 0 6
1 1.98537043 1.97811065 23.71270624 72.63 0 6
1 8.86524959 8.81737448 23.67209091 72.63 0 6
1 2.02598576 8.85798981 30.55197007 72.63 0 6
1 7.46005134 3.46565023 25.09721062 72.63 0 6
1 3.41049014 3.3833089 29.06443049 72.63 0 6
1 7.37771001 7.4328701 29.14677182 72.63 0 6
1 2.00345407 8.83990617 23.69017455 72.63 0 6
1 8.81535552 8.81942591 30.58451416 72.63 0 6
1 2.02393433 1.94556656 30.502076 72.63 0 6
1 8.89779368 2.02800472 23.71065481 72.63 0 6
1 5.40791096 2.69873132 21.7071605 72.63 0 5
1 0.02044002 5.43544928 29.8313494 72.63 0 5
1 8.14462892 10.82292022 27.09463144 72.63 0 5
1 8.80639622 5.44708501 25.86508619 72.63 0 7
1 2.04888949 5.43073527 25.88030312 72.63 0 7
1 4.17836571 2.03696402 27.08299571 72.63 0 7
1 4.19358264 8.79447075 27.09934545 72.63 0 7
1 5.41262497 6.6497776 23.73560997 72.63 0 7
1 5.39627523 6.66499453 30.4931167 72.63 0 7
1 0.02757425 3.38240826 22.93723926 72.63 0 7
1 0.01224981 7.4667314 22.93184538 72.63 0 7
1 1.25051878 10.81578599 29.14767246 72.63 0 7
1 1.2451249 10.83111043 25.06334932 72.63 0 7
1 3.37662884 9.59823534 21.69897029 72.63 0 7
1 7.46095198 9.59284146 21.71429473 72.63 0 7
2 3.43900986 7.40435038 25.12573034 69.723 0 3
2 5.41774366 8.11729784 21.70507276 69.723 0 2
2 0.01835228 5.42561658 24.41278288 69.723 0 2
2 2.7260624 10.82500796 27.10446414 69.723 0 2
2 2.0805152 5.4138432 28.41367182 69.723 0 4
2 8.75732906 5.43799933 28.45566679 69.723 0 4
2 6.76894631 2.08603118 27.09208139 69.723 0 4
2 6.72695134 8.76284504 27.11623752 69.723 0 4
2 5.40536091 4.07441393 30.44404954 69.723 0 4
2 5.42951704 4.1164089 23.76723568 69.723 0 4
2 0.02643584 3.32486816 31.19679236 69.723 0 4
2 10.85004143 7.49738114 31.24217519 69.723 0 4
2 9.55545471 -0.00668119 25.03269958 69.723 0 4
2 9.51007188 10.8169244 29.20521256 69.723 0 4
2 3.3459791 1.28790553 32.53676191 69.723 0 4
2 7.51849208 1.33328836 21.71315632 69.723 0 4
0 5.43635217 5.40700807 37.96643289 137.327 0 0
0 10.84060681 0.00275343 43.37068753 137.327 0 0
0 0.00804915 8.11373675 37.98320216 137.327 0 1
0 10.78185211 2.72407702 38.04338991 137.327 0 1
0 5.51330919 0.06150813 40.64936394 137.327 0 1
0 5.45312144 10.83531109 35.25970421 137.327 0 1
0 8.11928322 5.33005105 43.31193283 137.327 0 1
0 2.72962349 5.3902388 32.53812987 137.327 0 1
1 3.44552516 7.44444581 39.93367266 72.63 0 6
1 7.40359194 7.39783508 35.92899515 72.63 0 6
1 3.39891443 3.4397683 35.97560588 72.63 0 6
1 7.43413404 3.4092262 39.96421476 72.63 0 6
1 8.84914545 1.99421479 41.37922617 72.63 0 6
1 1.98768153 1.97579955 34.55837758 72.63 0 6
1 8.86756069 8.81506338 34.51776225 72.63 0 6
1 2.02829686 8.85567871 41.39764141 72.63 0 6
1 7.46236244 3.46333913 35.94288196 72.63 0 6
1 3.41280124 3.3809978 39.91010183 72.63 0 6
1 7.38002111 7.430559 39.99244316 72.63 0 6
1 2.00576517 8.83759507 34.53584589 72.63 0 6
1 8.81766662 8.81711481 41.4301855 72.63 0 6
1 2.02624543 1.94325546 41.34774734 72.63 0 6
1 8.90010478 2.02569362 34.55632615 72.63 0 6
1 5.41022206 2.69642022 32.55283184 72.63 0 5
1 0.02275112 5.43313818 40.67702074 72.63 0 5
1 8.14694002 10.82060912 37.94030278 72.63 0 5
1 8.80870732 5.44477391 36.71075753 72.63 0 7
1 2.05120059 5.42842417 36.72597446 72.63 0 7
1 4.18067681 2.03465292 37.92866705 72.63 0 7
1 4.19589374 8.79215965 37.94501679 72.63 0 7
1 5.41493607 6.6474665 34.58128131 72.63 0 7
1 5.39858633 6.66268343 41.33878804 72.63 0 7
1 0.02988535 3.38009716 33.7829106 72.63 0 7
1 0.01456091 7.4644203 33.77751672 72.63 0 7
1 1.25282988 10.81347489 39.9933438 72.63 0 7
1 1.247436 10.82879933 35.90902066 72.63 0 7
1 3.37893994 9.59592424 32.54464163 72.63 0 7
1 7.46326308 9.59053036 32.55996607 72.63 0 7
2 3.44132096 7.40203928 35.97140168 69.723 0 3
2 5.42005476 8.11498674 32.5507441 69.723 0 2
2 0.02066338 5.42330548 35.25845422 69.723 0 2
2 2.7283735 10.82269686 37.95013548 69.723 0 2
2 2.0828263 5.4115321 39.25934316 69.723 0 4
2 8.75964016 5.43568823 39.30133813 69.723 0 4
2 6.77125741 2.08372008 37.93775273 69.723 0 4
2 6.72926244 8.76053394 37.96190886 69.723 0 4
2 5.40767201 4.07210283 41.28972088 69.723 0 4
2 5.43182814 4.1140978 34.61290702 69.723 0 4
2 0.02874694 3.32255706 42.0424637 69.723 0 4
2 10.85235253 7.49507004 42.08784653 69.723 0 4
2 9.55776581 -0.00899229 35.87837092 69.723 0 4
2 9.51238298 10.8146133 40.0508839 69.723 0 4
2 3.3482902 1.28559443 43.38243325 69.723 0 4
2 7.52080318 1.33097726 32.55882766 69.723 0 4
0 5.43866327 5.40469697 48.81210423 137.327 0 0
0 10.84291791 0.00044233 54.21635887 137.327 0 0
0 0.01036025 8.11142565 48.8288735 137.327 0 1
0 10.78416321 2.72176592 48.88906125 137.327 0 1
0 5.51562029 0.05919703 51.49503528 137.327 0 1
0 5.45543254 10.83299999 46.10537555 137.327 0 1
0 8.12159432 5.32773995 54.15760417 137.327 0 1
0 2.73193459 5.3879277 43.38380121 137.327 0 1
1 3.44783626 7.44213471 50.779344 72.63 0 6
1 7.40590304 7.39552398 46.77466649 72.63 0 6
1 3.40122553 3.4374572 46.82127722 72.63 0 6
1 7.43644514 3.4069151 50.8098861 72.63 0 6
1 8.85145655 1.99190369 52.22489751 72.63 0 6
1 1.98999263 1.97348845 45.40404892 72.63 0 6
1 8.86987179 8.81275228 45.36343359 72.63 0 6
1 2.03060796 8.85336761 52.24331275 72.63 0 6
1 7.46467354 3.46102803 46.7885533 72.63 0 6
1 3.41511234 3.3786867 50.75577317 72.63 0 6
1 7.38233221 7.4282479 50.8381145 72.63 0 6
1 2.00807627 8.83528397 45.38151723 72.63 0 6
1 8.81997772 8.81480371 52.27585684 72.63 0 6
1 2.02855653 1.94094436 52.19341868 72.63 0 6
1 8.90241588 2.02338252 45.40199749 72.63 0 6
1 5.41253316 2.69410912 43.39850318 72.63 0 5
1 0.02506222 5.43082708 51.52269208 72.63 0 5
1 8.14925112 10.81829802 48.78597412 72.63 0 5
1 8.81101842 5.44246281 47.55642887 72.63 0 7
1 2.05351169 5.42611307 47.5716458 72.63 0 7
1 4.18298791 2.03234182 48.77433839 72.63 0 7
1 4.19820484 8.78984855 48.79068813 72.63 0 7
1 5.41724717 6.6451554 45.42695265 72.63 0 7
1 5.40089743 6.66037233 52.18445938 72.63 0 7
1 0.03219645 3.37778606 44.62858194 72.63 0 7
1 0.01687201 7.4621092 44.62318806 72.63 0 7
1 1.25514098 10.81116379 50.83901514 72.63 0 7
1 1.2497471 10.82648823 46.754692 72.63 0 7
1 3.38125104 9.59361314 43.39031297 72.63 0 7
1 7.46557418 9.58821926 43.40563741 72.63 0 7
2 3.44363206 7.39972818 46.81707302 69.723 0 3
2 5.42236586 8.11267564 43.39641544 69.723 0 2
2 0.02297448 5.42099438 46.10412556 69.723 0 2
2 2.7306846 10.82038576 48.79580682 69.723 0 2
2 2.0851374 5.409221 50.1050145 69.723 0 4
2 8.76195126 5.43337713 50.14700947 69.723 0 4
2 6.77356851 2.08140898 48.78342407 69.723 0 4
2 6.73157354 8.75822284 48.8075802 69.723 0 4
2 5.40998311 4.06979173 52.13539222 69.723 0 4
2 5.43413924 4.1117867 45.45857836 69.723 0 4
2 0.03105804 3.32024596 52.88813504 69.723 0 4
2 10.85466363 7.49275894 52.93351787 69.723 0 4
2 9.56007691 -0.01130339 46.72404226 69.723 0 4
2 9.51469408 10.8123022 50.89655524 69.723 0 4
2 3.3506013 1.28328333 54.22810459 69.723 0 4
2 7.52311428 1.32866616 43.404499 69.723 0 4
0 5.44097437 5.40238587 59.65777557 137.327 0 0
0 10.84522901 -0.00186877 65.06203021 137.327 0 0
0 0.01267135 8.10911455 59.67454484 137.327 0 1
0 10.78647431 2.71945482 59.73473259 137.327 0 1
0 5.51793139 0.05688593 62.34070662 137.327 0 1
0 5.45774364 10.83068889 56.95104689 137.327 0 1
0 8.12390542 5.32542885 65.00327551 137.327 0 1
0 2.73424569 5.3856166 54.22947255 137.327 0 1
1 3.45014736 7.43982361 61.62501534 72.63 0 6
1 7.40821414 7.39321288 57.62033783 72.63 0 6
1 3.40353663 3.4351461 57.66694856 72.63 0 6
1 7.43875624 3.404604 61.65555744 72.63 0 6
1 8.85376765 1.98959259 63.07056885 72.63 0 6
1 1.99230373 1.97117735 56.24972026 72.63 0 6
1 8.87218289 8.81044118 56.20910493 72.63 0 6
1 2.03291906 8.85105651 63.08898409 72.63 0 6
1 7.46698464 3.45871693 57.63422464 72.63 0 6
1 3.41742344 3.3763756 61.60144451 72.63 0 6
1 7.38464331 7.4259368 61.68378584 72.63 0 6
1 2.01038737 8.83297287 56.22718857 72.63 0 6
1 8.82228882 8.81249261 63.12152818 72.63 0 6
1 2.03086763 1.93863326 63.03909002 72.63 0 6
1 8.90472698 2.02107142 56.24766883 72.63 0 6
1 5.41484426 2.69179802 54.24417452 72.63 0 5
1 0.02737332 5.42851598 62.36836342 72.63 0 5
1 8.15156222 10.81598692 59.63164546 72.63 0 5
1 8.81332952 5.44015171 58.40210021 72.63 0 7
1 2.05582279 5.42380197 58.41731714 72.63 0 7
1 4.18529901 2.03003072 59.62000973 72.63 0 7
1 4.20051594 8.78753745 59.63635947 72.63 0 7
1 5.41955827 6.6428443 56.27262399 72.63 0 7
1 5.40320853 6.65806123 63.03013072 72.63 0 7
1 0.03450755 3.37547496 55.47425328 72.63 0 7
1 0.01918311 7.4597981 55.4688594 72.63 0 7
1 1.25745208 10.80885269 61.68468648 72.63 0 7
1 1.2520582 10.82417713 57.60036334 72.63 0 7
1 3.38356214 9.59130204 54.23598431 72.63 0 7
1 7.46788528 9.58590816 54.25130875 72.63 0 7
2 3.44594316 7.39741708 57.66274436 69.723 0 3
2 5.42467696 8.11036454 54.24208678 69.723 0 2
2 0.02528558 5.41868328 56.9497969 69.723 0 2
2 2.7329957 10.81807466 59.64147816 69.723 0 2
2 2.0874485 5.4069099 60.95068584 69.723 0 4
2 8.76426236 5.43106603 60.99268081 69.723 0 4
2 6.77587961 2.07909788 59.62909541 69.723 0 4
2 6.73388464 8.75591174 59.65325154 69.723 0 4
2 5.41229421 4.06748063 62.98106356 69.723 0 4
2 5.43645034 4.1094756 56.3042497 69.723 0 4
2 0.03336914 3.31793486 63.73380638 69.723 0 4
2 10.85697473 7.49044784 63.77918921 69.723 0 4
2 9.56238801 -0.01361449 57.5697136 69.723 0 4
2 9.51700518 10.8099911 61.74222658 69.723 0 4
2 3.3529124 1.28097223 65.07377593 69.723 0 4
2 7.52542538 1.32635506 54.25017034 69.723 0 4
0 5.42710777 16.25961271 5.42710777 137.327 0 0
0 10.83136241 10.85535807 10.83136241 137.327 0 0
0 -0.00119525 18.96634139 5.44387704 137.327 0 1
0 10.77260771 13.57668166 5.50406479 137.327 0 1
0 5.50406479 10.91411277 8.11003882 137.327 0 1
0 5.44387704 21.68791573 2.72037909 137.327 0 1
0 8.11003882 16.18265569 10.77260771 137.327 0 1
0 2.72037909 16.24284344 -0.00119525 137.327 0 1
1 3.43628076 18.29705045 7.39434754 72.63 0 6
1 7.39434754 18.25043972 3.38967003 72.63 0 6
1 3.38967003 14.29237294 3.43628076 72.63 0 6
1 7.42488964 14.26183084 7.42488964 72.63 0 6
1 8.83990105 12.84681943 8.83990105 72.63 0 6
1 1.97843713 12.82840419 2.01905246 72.63 0 6
1 8.85831629 19.66766802 1.97843713 72.63 0 6
1 2.01905246 19.70828335 8.85831629 72.63 0 6
1 7.45311804 14.31594377 3.40355684 72.63 0 6
1 3.40355684 14.23360244 7.37077671 72.63 0 6
1 7.37077671 18.28316364 7.45311804 72.63 0 6
1 1.99652077 19.69019971 1.99652077 72.63 0 6
1 8.80842222 19.66971945 8.89086038 72.63 0 6
1 2.01700103 12.7958601 8.80842222 72.63 0 6
1 8.89086038 12.87829826 2.01700103 72.63 0 6
1 5.40097766 13.54902486 0.01350672 72.63 0 5
1 0.01350672 16.28574282 8.13769562 72.63 0 5
1 8.13769562 21.67321376 5.40097766 72.63 0 5
1 8.79946292 16.29737855 4.17143241 72.63 0 7
1 2.04195619 16.28102881 4.18664934 72.63 0 7
1 4.17143241 12.88725756 5.38934193 72.63 0 7
1 4.18664934 19.64476429 5.40569167 72.63 0 7
1 5.40569167 17.50007114 2.04195619 72.63 0 7
1 5.38934193 17.51528807 8.79946292 72.63 0 7
1 0.02064095 14.2327018 1.24358548 72.63 0 7
1 0.00531651 18.31702494 1.2381916 72.63 0 7
1 1.24358548 21.66607953 7.45401868 72.63 0 7
1 1.2381916 21.68140397 3.36969554 72.63 0 7
1 3.36969554 20.44852888 0.00531651 72.63 0 7
1 7.45401868 20.443135 0.02064095 72.63 0 7
2 3.43207656 18.25464392 3.43207656 69.723 0 3
2 5.41081036 18.96759138 0.01141898 69.723 0 2
2 0.01141898 16.27591012 2.7191291 69.723 0 2
2 2.7191291 21.6753015 5.41081036 69.723 0 2
2 2.0735819 16.26413674 6.72001804 69.723 0 4
2 8.75039576 16.28829287 6.76201301 69.723 0 4
2 6.76201301 12.93632472 5.39842761 69.723 0 4
2 6.72001804 19.61313858 5.42258374 69.723 0 4
2 5.39842761 14.92470747 8.75039576 69.723 0 4
2 5.42258374 14.96670244 2.0735819 69.723 0 4
2 0.01950254 14.1751617 9.50313858 69.723 0 4
2 10.84310813 18.34767468 9.54852141 69.723 0 4
2 9.54852141 10.84361235 3.3390458 69.723 0 4
2 9.50313858 21.66721794 7.51155878 69.723 0 4
2 3.3390458 12.13819907 10.84310813 69.723 0 4
2 7.51155878 12.1835819 0.01950254 69.723 0 4
0 5.42941887 16.25730161 16.27277911 137.327 0 0
0 10.83367351 10.85304697 21.67703375 137.327 0 0
0 0.00111585 18.96403029 16.28954838 137.327 0 1
0 10.77491881 13.57437056 16.34973613 137.327 0 1
0 5.50637589 10.91180167 18.95571016 137.327 0 1
0 5.44618814 21.68560463 13.56605043 137.327 0 1
0 8.11234992 16.18034459 21.61827905 137.327 0 1
0 2.72269019 16.24053234 10.84447609 137.327 0 1
1 3.43859186 18.29473935 18.24001888 72.63 0 6
1 7.39665864 18.24812862 14.23534137 72.63 0 6
1 3.39198113 14.29006184 14.2819521 72.63 0 6
1 7.42720074 14.25951974 18.27056098 72.63 0 6
1 8.84221215 12.84450833 19.68557239 72.63 0 6
1 1.98074823 12.82609309 12.8647238 72.63 0 6
1 8.86062739 19.66535692 12.82410847 72.63 0 6
1 2.02136356 19.70597225 19.70398763 72.63 0 6
1 7.45542914 14.31363267 14.24922818 72.63 0 6
1 3.40586794 14.23129134 18.21644805 72.63 0 6
1 7.37308781 18.28085254 18.29878938 72.63 0 6
1 1.99883187 19.68788861 12.84219211 72.63 0 6
1 8.81073332 19.66740835 19.73653172 72.63 0 6
1 2.01931213 12.793549 19.65409356 72.63 0 6
1 8.89317148 12.87598716 12.86267237 72.63 0 6
1 5.40328876 13.54671376 10.85917806 72.63 0 5
1 0.01581782 16.28343172 18.98336696 72.63 0 5
1 8.14000672 21.67090266 16.246649 72.63 0 5
1 8.80177402 16.29506745 15.01710375 72.63 0 7
1 2.04426729 16.27871771 15.03232068 72.63 0 7
1 4.17374351 12.88494646 16.23501327 72.63 0 7
1 4.18896044 19.64245319 16.25136301 72.63 0 7
1 5.40800277 17.49776004 12.88762753 72.63 0 7
1 5.39165303 17.51297697 19.64513426 72.63 0 7
1 0.02295205 14.2303907 12.08925682 72.63 0 7
1 0.00762761 18.31471384 12.08386294 72.63 0 7
1 1.24589658 21.66376843 18.29969002 72.63 0 7
1 1.2405027 21.67909287 14.21536688 72.63 0 7
1 3.37200664 20.44621778 10.85098785 72.63 0 7
1 7.45632978 20.4408239 10.86631229 72.63 0 7
2 3.43438766 18.25233282 14.2777479 69.723 0 3
2 5.41312146 18.96528028 10.85709032 69.723 0 2
2 0.01373008 16.27359902 13.56480044 69.723 0 2
2 2.7214402 21.6729904 16.2564817 69.723 0 2
2 2.075893 16.26182564 17.56568938 69.723 0 4
2 8.75270686 16.28598177 17.60768435 69.723 0 4
2 6.76432411 12.93401362 16.24409895 69.723 0 4
2 6.72232914 19.61082748 16.26825508 69.723 0 4
2 5.40073871 14.92239637 19.5960671 69.723 0 4
2 5.42489484 14.96439134 12.91925324 69.723 0 4
2 0.02181364 14.1728506 20.34880992 69.723 0 4
2 10.84541923 18.34536358 20.39419275 69.723 0 4
2 9.55083251 10.84130125 14.18471714 69.723 0 4
2 9.50544968 21.66490684 18.35723012 69.723 0 4
2 3.3413569 12.13588797 21.68877947 69.723 0 4
2 7.51386988 12.1812708 10.86517388 69.723 0 4
0 5.43172997 16.25499051 27.11845045 137.327 0 0
0 10.83598461 10.85073587 32.52270509 137.327 0 0
0 0.00342695 18.96171919 27.13521972 137.327 0 1
0 10.77722991 13.57205946 27.19540747 137.327 0 1
0 5.50868699 10.90949057 29.8013815 137.327 0 1
0 5.44849924 21.68329353 24.41172177 137.327 0 1
0 8.11466102 16.17803349 32.46395039 137.327 0 1
0 2.72500129 16.23822124 21.69014743 137.327 0 1
1 3.44090296 18.29242825 29.08569022 72.63 0 6
1 7.39896974 18.24581752 25.08101271 72.63 0 6
1 3.39429223 14.28775074 25.12762344 72.63 0 6
1 7.42951184 14.25720864 29.11623232 72.63 0 6
1 8.84452325 12.84219723 30.53124373 72.63 0 6
1 1.98305933 12.82378199 23.71039514 72.63 0 6
1 8.86293849 19.66304582 23.66977981 72.63 0 6
1 2.02367466 19.70366115 30.54965897 72.63 0 6
1 7.45774024 14.31132157 25.09489952 72.63 0 6
1 3.40817904 14.22898024 29.06211939 72.63 0 6
1 7.37539891 18.27854144 29.14446072 72.63 0 6
1 2.00114297 19.68557751 23.68786345 72.63 0 6
1 8.81304442 19.66509725 30.58220306 72.63 0 6
1 2.02162323 12.7912379 30.4997649 72.63 0 6
1 8.89548258 12.87367606 23.70834371 72.63 0 6
1 5.40559986 13.54440266 21.7048494 72.63 0 5
1 0.01812892 16.28112062 29.8290383 72.63 0 5
1 8.14231782 21.66859156 27.09232034 72.63 0 5
1 8.80408512 16.29275635 25.86277509 72.63 0 7
1 2.04657839 16.27640661 25.87799202 72.63 0 7
1 4.17605461 12.88263536 27.08068461 72.63 0 7
1 4.19127154 19.64014209 27.09703435 72.63 0 7
1 5.41031387 17.49544894 23.73329887 72.63 0 7
1 5.39396413 17.51066587 30.4908056 72.63 0 7
1 0.02526315 14.2280796 22.93492816 72.63 0 7
1 0.00993871 18.31240274 22.92953428 72.63 0 7
1 1.24820768 21.66145733 29.14536136 72.63 0 7
1 1.2428138 21.67678177 25.06103822 72.63 0 7
1 3.37431774 20.44390668 21.69665919 72.63 0 7
1 7.45864088 20.4385128 21.71198363 72.63 0 7
2 3.43669876 18.25002172 25.12341924 69.723 0 3
2 5.41543256 18.96296918 21.70276166 69.723 0 2
2 0.01604118 16.27128792 24.41047178 69.723 0 2
2 2.7237513 21.6706793 27.10215304 69.723 0 2
2 2.0782041 16.25951454 28.41136072 69.723 0 4
2 8.75501796 16.28367067 28.45335569 69.723 0 4
2 6.76663521 12.93170252 27.08977029 69.723 0 4
2 6.72464024 19.60851638 27.11392642 69.723 0 4
2 5.40304981 14.92008527 30.44173844 69.723 0 4
2 5.42720594 14.96208024 23.76492458 69.723 0 4
2 0.02412474 14.1705395 31.19448126 69.723 0 4
2 10.84773033 18.34305248 31.23986409 69.723 0 4
2 9.55314361 10.83899015 25.03038848 69.723 0 4
2 9.50776078 21.66259574 29.20290146 69.723 0 4
2 3.343668 12.13357687 32.53445081 69.723 0 4
2 7.51618098 12.1789597 21.71084522 69.723 0 4
0 5.43404107 16.25267941 37.96412179 137.327 0 0
0 10.83829571 10.84842477 43.36837643 137.327 0 0
0 0.00573805 18.95940809 37.98089106 137.327 0 1
0 10.77954101 13.56974836 38.04107881 137.327 0 1
0 5.51099809 10.90717947 40.64705284 137.327 0 1
0 5.45081034 21.68098243 35.25739311 137.327 0 1
0 8.11697212 16.17572239 43.30962173 137.327 0 1
0 2.72731239 16.23591014 32.53581877 137.327 0 1
1 3.44321406 18.29011715 39.93136156 72.63 0 6
1 7.40128084 18.24350642 35.92668405 72.63 0 6
1 3.39660333 14.28543964 35.97329478 72.63 0 6
1 7.43182294 14.25489754 39.96190366 72.63 0 6
1 8.84683435 12.83988613 41.37691507 72.63 0 6
1 1.98537043 12.82147089 34.55606648 72.63 0 6
1 8.86524959 19.66073472 34.51545115 72.63 0 6
1 2.02598576 19.70135005 41.39533031 72.63 0 6
1 7.46005134 14.30901047 35.94057086 72.63 0 6
1 3.41049014 14.22666914 39.90779073 72.63 0 6
1 7.37771001 18.27623034 39.99013206 72.63 0 6
1 2.00345407 19.68326641 34.53353479 72.63 0 6
1 8.81535552 19.66278615 41.4278744 72.63 0 6
1 2.02393433 12.7889268 41.34543624 72.63 0 6
1 8.89779368 12.87136496 34.55401505 72.63 0 6
1 5.40791096 13.54209156 32.55052074 72.63 0 5
1 0.02044002 16.27880952 40.67470964 72.63 0 5
1 8.14462892 21.66628046 37.93799168 72.63 0 5
1 8.80639622 16.29044525 36.70844643 72.63 0 7
1 2.04888949 16.27409551 36.72366336 72.63 0 7
1 4.17836571 12.88032426 37.92635595 72.63 0 7
1 4.19358264 19.63783099 37.94270569 72.63 0 7
1 5.41262497 17.49313784 34.57897021 72.63 0 7
1 5.39627523 17.50835477 41.33647694 72.63 0 7
1 0.02757425 14.2257685 33.7805995 72.63 0 7
1 0.01224981 18.31009164 33.77520562 72.63 0 7
1 1.25051878 21.65914623 39.9910327 72.63 0 7
1 1.2451249 21.67447067 35.90670956 72.63 0 7
1 3.37662884 20.44159558 32.54233053 72.63 0 7
1 7.46095198 20.4362017 32.55765497 72.63 0 7
2 3.43900986 18.24771062 35.96909058 69.723 0 3
2 5.41774366 18.96065808 32.548433 69.723 0 2
2 0.01835228 16.26897682 35.25614312 69.723 0 2
2 2.7260624 21.6683682 37.94782438 69.723 0 2
2 2.0805152 16.25720344 39.25703206 69.723 0 4
2 8.75732906 16.28135957 39.29902703 69.723 0 4
2 6.76894631 12.92939142 37.93544163 69.723 0 4
2 6.72695134 19.60620528 37.95959776 69.723 0 4
2 5.40536091 14.91777417 41.28740978 69.723 0 4
2 5.42951704 14.95976914 34.61059592 69.723 0 4
2 0.02643584 14.1682284 42.0401526 69.723 0 4
2 10.85004143 18.34074138 42.08553543 69.723 0 4
2 9.55545471 10.83667905 35.87605982 69.723 0 4
2 9.51007188 21.66028464 40.0485728 69.723 0 4
2 3.3459791 12.13126577 43.38012215 69.723 0 4
2 7.51849208 12.1766486 32.55651656 69.723 0 4
0 5.43635217 16.25036831 48.80979313 137.327 0 0
0 10.84060681 10.84611367 54.21404777 137.327 0 0
0 0.00804915 18.95709699 48.8265624 137.327 0 1
0 10.78185211 13.56743726 48.88675015 137.327 0 1
0 5.51330919 10.90486837 51.49272418 137.327 0 1
0 5.45312144 21.67867133 46.10306445 137.327 0 1
0 8.11928322 16.17341129 54.15529307 137.327 0 1
0 2.72962349 16.23359904 43.38149011 137.327 0 1
1 3.44552516 18.28780605 50.7770329 72.63 0 6
1 7.40359194 18.24119532 46.77235539 72.63 0 6
1 3.39891443 14.28312854 46.81896612 72.63 0 6
1 7.43413404 14.25258644 50.807575 72.63 0 6
1 8.84914545 12.83757503 52.22258641 72.63 0 6
1 1.98768153 12.81915979 45.40173782 72.63 0 6
1 8.86756069 19.65842362 45.36112249 72.63 0 6
1 2.02829686 19.69903895 52.24100165 72.63 0 6
1 7.46236244 14.30669937 46.7862422 72.63 0 6
1 3.41280124 14.22435804 50.75346207 72.63 0 6
1 7.38002111 18.27391924 50.8358034 72.63 0 6
1 2.00576517 19.68095531 45.37920613 72.63 0 6
1 8.81766662 19.66047505 52.27354574 72.63 0 6
1 2.02624543 12.7866157 52.19110758 72.63 0 6
1 8.90010478 12.86905386 45.39968639 72.63 0 6
1 5.41022206 13.53978046 43.39619208 72.63 0 5
1 0.02275112 16.27649842 51.52038098 72.63 0 5
1 8.14694002 21.66396936 48.78366302 72.63 0 5
1 8.80870732 16.28813415 47.55411777 72.63 0 7
1 2.05120059 16.27178441 47.5693347 72.63 0 7
1 4.18067681 12.87801316 48.77202729 72.63 0 7
1 4.19589374 19.63551989 48.78837703 72.63 0 7
1 5.41493607 17.49082674 45.42464155 72.63 0 7
1 5.39858633 17.50604367 52.18214828 72.63 0 7
1 0.02988535 14.2234574 44.62627084 72.63 0 7
1 0.01456091 18.30778054 44.62087696 72.63 0 7
1 1.25282988 21.65683513 50.83670404 72.63 0 7
1 1.247436 21.67215957 46.7523809 72.63 0 7
1 3.37893994 20.43928448 43.38800187 72.63 0 7
1 7.46326308 20.4338906 43.40332631 72.63 0 7
2 3.44132096 18.24539952 46.81476192 69.723 0 3
2 5.42005476 18.95834698 43.39410434 69.723 0 2
2 0.02066338 16.26666572 46.10181446 69.723 0 2
2 2.7283735 21.6660571 48.79349572 69.723 0 2
2 2.0828263 16.25489234 50.1027034 69.723 0 4
2 8.75964016 16.27904847 50.14469837 69.723 0 4
2 6.77125741 12.92708032 48.78111297 69.723 0 4
2 6.72926244 19.60389418 48.8052691 69.723 0 4
2 5.40767201 14.91546307 52.13308112 69.723 0 4
2 5.43182814 14.95745804 45.45626726 69.723 0 4
2 0.02874694 14.1659173 52.88582394 69.723 0 4
2 10.85235253 18.33843028 52.93120677 69.723 0 4
2 9.55776581 10.83436795 46.72173116 69.723 0 4
2 9.51238298 21.65797354 50.89424414 69.723 0 4
2 3.3482902 12.12895467 54.22579349 69.723 0 4
2 7.52080318 12.1743375 43.4021879 69.723 0 4
0 5.43866327 16.24805721 59.65546447 137.327 0 0
0 10.84291791 10.84380257 65.05971911 137.327 0 0
0 0.01036025 18.95478589 59.67223374 137.327 0 1
0 10.78416321 13.56512616 59.73242149 137.327 0 1
0 5.51562029 10.90255727 62.33839552 137.327 0 1
0 5.45543254 21.67636023 56.94873579 137.327 0 1
0 8.12159432 16.17110019 65.00096441 137.327 0 1
0 2.73193459 16.23128794 54.22716145 137.327 0 1
1 3.44783626 18.28549495 61.62270424 72.63 0 6
1 7.40590304 18.23888422 57.61802673 72.63 0 6
1 3.40122553 14.28081744 57.66463746 72.63 0 6
1 7.43644514 14.25027534 61.65324634 72.63 0 6
1 8.85145655 12.83526393 63.06825775 72.63 0 6
1 1.98999263 12.81684869 56.24740916 72.63 0 6
1 8.86987179 19.65611252 56.20679383 72.63 0 6
1 2.03060796 19.69672785 63.08667299 72.63 0 6
1 7.46467354 14.30438827 57.63191354 72.63 0 6
1 3.41511234 14.22204694 61.59913341 72.63 0 6
1 7.38233221 18.27160814 61.68147474 72.63 0 6
1 2.00807627 19.67864421 56.22487747 72.63 0 6
1 8.81997772 19.65816395 63.11921708 72.63 0 6
1 2.02855653 12.7843046 63.03677892 72.63 0 6
1 8.90241588 12.86674276 56.24535773 72.63 0 6
1 5.41253316 13.53746936 54.24186342 72.63 0 5
1 0.02506222 16.27418732 62.36605232 72.63 0 5
1 8.14925112 21.66165826 59.62933436 72.63 0 5
1 8.81101842 16.28582305 58.39978911 72.63 0 7
1 2.05351169 16.26947331 58.41500604 72.63 0 7
1 4.18298791 12.87570206 59.61769863 72.63 0 7
1 4.19820484 19.63320879 59.63404837 72.63 0 7
1 5.41724717 17.48851564 56.27031289 72.63 0 7
1 5.40089743 17.50373257 63.02781962 72.63 0 7
1 0.03219645 14.2211463 55.47194218 72.63 0 7
1 0.01687201 18.30546944 55.4665483 72.63 0 7
1 1.25514098 21.65452403 61.68237538 72.63 0 7
1 1.2497471 21.66984847 57.59805224 72.63 0 7
1 3.38125104 20.43697338 54.23367321 72.63 0 7
1 7.46557418 20.4315795 54.24899765 72.63 0 7
2 3.44363206 18.24308842 57.66043326 69.723 0 3
2 5.42236586 18.95603588 54.23977568 69.723 0 2
2 0.02297448 16.26435462 56.9474858 69.723 0 2
2 2.7306846 21.663746 59.63916706 69.723 0 2
2 2.0851374 16.25258124 60.94837474 69.723 0 4
2 8.76195126 16.27673737 60.99036971 69.723 0 4
2 6.77356851 12.92476922 59.62678431 69.723 0 4
2 6.73157354 19.60158308 59.65094044 69.723 0 4
2 5.40998311 14.91315197 62.97875246 69.723 0 4
2 5.43413924 14.95514694 56.3019386 69.723 0 4
2 0.03105804 14.1636062 63.73149528 69.723 0 4
2 10.85466363 18.33611918 63.77687811 69.723 0 4
2 9.56007691 10.83205685 57.5674025 69.723 0 4
2 9.51469408 21.65566244 61.73991548 69.723 0 4
2 3.3506013 12.12664357 65.07146483 69.723 0 4
2 7.52311428 12.1720264 54.24785924 69.723 0 4
0 5.42479667 27.10528405 5.42479667 137.327 0 0
0 10.82905131 21.70102941 10.82905131 137.327 0 0
0 -0.00350635 29.81201273 5.44156594 137.327 0 1
0 10.77029661 24.422353 5.50175369 137.327 0 1
0 5.50175369 21.75978411 8.10772772 137.327 0 1
0 5.44156594 32.53358707 2.71806799 137.327 0 1
0 8.10772772 27.02832703 10.77029661 137.327 0 1
0 2.71806799 27.08851478 -0.00350635 137.327 0 1
1 3.43396966 29.14272179 7.39203644 72.63 0 6
1 7.39203644 29.09611106 3.38735893 72.63 0 6
1 3.38735893 25.13804428 3.43396966 72.63 0 6
1 7.42257854 25.10750218 7.42257854 72.63 0 6
1 8.83758995 23.69249077 8.83758995 72.63 0 6
1 1.97612603 23.67407553 2.01674136 72.63 0 6
1 8.85600519 30.51333936 1.97612603 72.63 0 6
1 2.01674136 30.55395469 8.85600519 72.63 0 6
1 7.45080694 25.16161511 3.40124574 72.63 0 6
1 3.40124574 25.07927378 7.36846561 72.63 0 6
1 7.36846561 29.12883498 7.45080694 72.63 0 6
1 1.99420967 30.53587105 1.99420967 72.63 0 6
1 8.80611112 30.51539079 8.88854928 72.63 0 6
1 2.01468993 23.64153144 8.80611112 72.63 0 6
1 8.88854928 23.7239696 2.01468993 72.63 0 6
1 5.39866656 24.3946962 0.01119562 72.63 0 5
1 0.01119562 27.13141416 8.13538452 72.63 0 5
1 8.13538452 32.5188851 5.39866656 72.63 0 5
1 8.79715182 27.14304989 4.16912131 72.63 0 7
1 2.03964509 27.12670015 4.18433824 72.63 0 7
1 4.16912131 23.7329289 5.38703083 72.63 0 7
1 4.18433824 30.49043563 5.40338057 72.63 0 7
1 5.40338057 28.34574248 2.03964509 72.63 0 7
1 5.38703083 28.36095941 8.79715182 72.63 0 7
1 0.01832985 25.07837314 1.24127438 72.63 0 7
1 0.00300541 29.16269628 1.2358805 72.63 0 7
1 1.24127438 32.51175087 7.45170758 72.63 0 7
1 1.2358805 32.52707531 3.36738444 72.63 0 7
1 3.36738444 31.29420022 0.00300541 72.63 0 7
1 7.45170758 31.28880634 0.01832985 72.63 0 7
2 3.42976546 29.10031526 3.42976546 69.723 0 3
2 5.40849926 29.81326272 0.00910788 69.723 0 2
2 0.00910788 27.12158146 2.716818 69.723 0 2
2 2.716818 32.52097284 5.40849926 69.723 0 2
2 2.0712708 27.10980808 6.71770694 69.723 0 4
2 8.74808466 27.13396421 6.75970191 69.723 0 4
2 6.75970191 23.78199606 5.39611651 69.723 0 4
2 6.71770694 30.45880992 5.42027264 69.723 0 4
2 5.39611651 25.77037881 8.74808466 69.723 0 4
2 5.42027264 25.81237378 2.0712708 69.723 0 4
2 0.01719144 25.02083304 9.50082748 69.723 0 4
2 10.84079703 29.19334602 9.54621031 69.723 0 4
2 9.54621031 21.68928369 3.3367347 69.723 0 4
2 9.50082748 32.51288928 7.50924768 69.723 0 4
2 3.3367347 22.98387041 10.84079703 69.723 0 4
2 7.50924768 23.02925324 0.01719144 69.723 0 4
0 5.42710777 27.10297295 16.27046801 137.327 0 0
0 10.83136241 21.69871831 21.67472265 137.327 0 0
0 -0.00119525 29.80970163 16.28723728 137.327 0 1
0 10.77260771 24.4200419 16.34742503 137.327 0 1
0 5.50406479 21.75747301 18.95339906 137.327 0 1
0 5.44387704 32.53127597 13.56373933 137.327 0 1
0 8.11003882 27.02601593 21.61596795 137.327 0 1
0 2.72037909 27.08620368 10.84216499 137.327 0 1
1 3.43628076 29.14041069 18.23770778 72.63 0 6
1 7.39434754 29.09379996 14.23303027 72.63 0 6
1 3.38967003 25.13573318 14.279641 72.63 0 6
1 7.42488964 25.10519108 18.26824988 72.63 0 6
1 8.83990105 23.69017967 19.68326129 72.63 0 6
1 1.97843713 23.67176443 12.8624127 72.63 0 6
1 8.85831629 30.51102826 12.82179737 72.63 0 6
1 2.01905246 30.55164359 19.70167653 72.63 0 6
1 7.45311804 25.15930401 14.24691708 72.63 0 6
1 3.40355684 25.07696268 18.21413695 72.63 0 6
1 7.37077671 29.12652388 18.29647828 72.63 0 6
1 1.99652077 30.53355995 12.83988101 72.63 0 6
1 8.80842222 30.51307969 19.73422062 72.63 0 6
1 2.01700103 23.63922034 19.65178246 72.63 0 6
1 8.89086038 23.7216585 12.86036127 72.63 0 6
1 5.40097766 24.3923851 10.85686696 72.63 0 5
1 0.01350672 27.12910306 18.98105586 72.63 0 5
1 8.13769562 32.516574 16.2443379 72.63 0 5
1 8.79946292 27.14073879 15.01479265 72.63 0 7
1 2.04195619 27.12438905 15.03000958 72.63 0 7
1 4.17143241 23.7306178 16.23270217 72.63 0 7
1 4.18664934 30.48812453 16.24905191 72.63 0 7
1 5.40569167 28.34343138 12.88531643 72.63 0 7
1 5.38934193 28.35864831 19.64282316 72.63 0 7
1 0.02064095 25.07606204 12.08694572 72.63 0 7
1 0.00531651 29.16038518 12.08155184 72.63 0 7
1 1.24358548 32.50943977 18.29737892 72.63 0 7
1 1.2381916 32.52476421 14.21305578 72.63 0 7
1 3.36969554 31.29188912 10.84867675 72.63 0 7
1 7.45401868 31.28649524 10.86400119 72.63 0 7
2 3.43207656 29.09800416 14.2754368 69.723 0 3
2 5.41081036 29.81095162 10.85477922 69.723 0 2
2 0.01141898 27.11927036 13.56248934 69.723 0 2
2 2.7191291 32.51866174 16.2541706 69.723 0 2
2 2.0735819 27.10749698 17.56337828 69.723 0 4
2 8.75039576 27.13165311 17.60537325 69.723 0 4
2 6.76201301 23.77968496 16.24178785 69.723 0 4
2 6.72001804 30.45649882 16.26594398 69.723 0 4
2 5.39842761 25.76806771 19.593756 69.723 0 4
2 5.42258374 25.81006268 12.91694214 69.723 0 4
2 0.01950254 25.01852194 20.34649882 69.723 0 4
2 10.84310813 29.19103492 20.39188165 69.723 0 4
2 9.54852141 21.68697259 14.18240604 69.723 0 4
2 9.50313858 32.51057818 18.35491902 69.723 0 4
2 3.3390458 22.98155931 21.68646837 69.723 0 4
2 7.51155878 23.02694214 10.86286278 69.723 0 4
0 5.42941887 27.10066185 27.11613935 137.327 0 0
0 10.83367351 21.69640721 32.52039399 137.327 0 0
0 0.00111585 29.80739053 27.13290862 137.327 0 1
0 10.77491881 24.4177308 27.19309637 137.327 0 1
0 5.50637589 21.75516191 29.7990704 137.327 0 1
0 5.44618814 32.52896487 24.40941067 137.327 0 1
0 8.11234992 27.02370483 32.46163929 137.327 0 1
0 2.72269019 27.08389258 21.68783633 137.327 0 1
1 3.43859186 29.13809959 29.08337912 72.63 0 6
1 7.39665864 29.09148886 25.07870161 72.63 0 6
1 3.39198113 25.13342208 25.12531234 72.63 0 6
1 7.42720074 25.10287998 29.11392122 72.63 0 6
1 8.84221215 23.68786857 30.52893263 72.63 0 6
1 1.98074823 23.66945333 23.70808404 72.63 0 6
1 8.86062739 30.50871716 23.66746871 72.63 0 6
1 2.02136356 30.54933249 30.54734787 72.63 0 6
1 7.45542914 25.15699291 25.09258842 72.63 0 6
1 3.40586794 25.07465158 29.05980829 72.63 0 6
1 7.37308781 29.12421278 29.14214962 72.63 0 6
1 1.99883187 30.53124885 23.68555235 72.63 0 6
1 8.81073332 30.51076859 30.57989196 72.63 0 6
1 2.01931213 23.63690924 30.4974538 72.63 0 6
1 8.89317148 23.7193474 23.70603261 72.63 0 6
1 5.40328876 24.390074 21.7025383 72.63 0 5
1 0.01581782 27.12679196 29.8267272 72.63 0 5
1 8.14000672 32.5142629 27.09000924 72.63 0 5
1 8.80177402 27.13842769 25.86046399 72.63 0 7
1 2.04426729 27.12207795 25.87568092 72.63 0 7
1 4.17374351 23.7283067 27.07837351 72.63 0 7
1 4.18896044 30.48581343 27.09472325 72.63 0 7
1 5.40800277 28.34112028 23.73098777 72.63 0 7
1 5.39165303 28.35633721 30.4884945 72.63 0 7
1 0.02295205 25.07375094 22.93261706 72.63 0 7
1 0.00762761 29.15807408 22.92722318 72.63 0 7
1 1.24589658 32.50712867 29.14305026 72.63 0 7
1 1.2405027 32.52245311 25.05872712 72.63 0 7
1 3.37200664 31.28957802 21.69434809 72.63 0 7
1 7.45632978 31.28418414 21.70967253 72.63 0 7
2 3.43438766 29.09569306 25.12110814 69.723 0 3
2 5.41312146 29.80864052 21.70045056 69.723 0 2
2 0.01373008 27.11695926 24.40816068 69.723 0 2
2 2.7214402 32.51635064 27.09984194 69.723 0 2
2 2.075893 27.10518588 28.40904962 69.723 0 4
2 8.75270686 27.12934201 28.45104459 69.723 0 4
2 6.76432411 23.77737386 27.08745919 69.723 0 4
2 6.72232914 30.45418772 27.11161532 69.723 0 4
2 5.40073871 25.76575661 30.43942734 69.723 0 4
2 5.42489484 25.80775158 23.76261348 69.723 0 4
2 0.02181364 25.01621084 31.19217016 69.723 0 4
2 10.84541923 29.18872382 31.23755299 69.723 0 4
2 9.55083251 21.68466149 25.02807738 69.723 0 4
2 9.50544968 32.50826708 29.20059036 69.723 0 4
2 3.3413569 22.97924821 32.53213971 69.723 0 4
2 7.51386988 23.02463104 21.70853412 69.723 0 4
0 5.43172997 27.09835075 37.96181069 137.327 0 0
0 10.83598461 21.69409611 43.36606533 137.327 0 0
0 0.00342695 29.80507943 37.97857996 137.327 0 1
0 10.77722991 24.4154197 38.03876771 137.327 0 1
0 5.50868699 21.75285081 40.64474174 137.327 0 1
0 5.44849924 32.52665377 35.25508201 137.327 0 1
0 8.11466102 27.02139373 43.30731063 137.327 0 1
0 2.72500129 27.08158148 32.53350767 137.327 0 1
1 3.44090296 29.13578849 39.92905046 72.63 0 6
1 7.39896974 29.08917776 35.92437295 72.63 0 6
1 3.39429223 25.13111098 35.97098368 72.63 0 6
1 7.42951184 25.10056888 39.95959256 72.63 0 6
1 8.84452325 23.68555747 41.37460397 72.63 0 6
1 1.98305933 23.66714223 34.55375538 72.63 0 6
1 8.86293849 30.50640606 34.51314005 72.63 0 6
1 2.02367466 30.54702139 41.39301921 72.63 0 6
1 7.45774024 25.15468181 35.93825976 72.63 0 6
1 3.40817904 25.07234048 39.90547963 72.63 0 6
1 7.37539891 29.12190168 39.98782096 72.63 0 6
1 2.00114297 30.52893775 34.53122369 72.63 0 6
1 8.81304442 30.50845749 41.4255633 72.63 0 6
1 2.02162323 23.63459814 41.34312514 72.63 0 6
1 8.89548258 23.7170363 34.55170395 72.63 0 6
1 5.40559986 24.3877629 32.54820964 72.63 0 5
1 0.01812892 27.12448086 40.67239854 72.63 0 5
1 8.14231782 32.5119518 37.93568058 72.63 0 5
1 8.80408512 27.13611659 36.70613533 72.63 0 7
1 2.04657839 27.11976685 36.72135226 72.63 0 7
1 4.17605461 23.7259956 37.92404485 72.63 0 7
1 4.19127154 30.48350233 37.94039459 72.63 0 7
1 5.41031387 28.33880918 34.57665911 72.63 0 7
1 5.39396413 28.35402611 41.33416584 72.63 0 7
1 0.02526315 25.07143984 33.7782884 72.63 0 7
1 0.00993871 29.15576298 33.77289452 72.63 0 7
1 1.24820768 32.50481757 39.9887216 72.63 0 7
1 1.2428138 32.52014201 35.90439846 72.63 0 7
1 3.37431774 31.28726692 32.54001943 72.63 0 7
1 7.45864088 31.28187304 32.55534387 72.63 0 7
2 3.43669876 29.09338196 35.96677948 69.723 0 3
2 5.41543256 29.80632942 32.5461219 69.723 0 2
2 0.01604118 27.11464816 35.25383202 69.723 0 2
2 2.7237513 32.51403954 37.94551328 69.723 0 2
2 2.0782041 27.10287478 39.25472096 69.723 0 4
2 8.75501796 27.12703091 39.29671593 69.723 0 4
2 6.76663521 23.77506276 37.93313053 69.723 0 4
2 6.72464024 30.45187662 37.95728666 69.723 0 4
2 5.40304981 25.76344551 41.28509868 69.723 0 4
2 5.42720594 25.80544048 34.60828482 69.723 0 4
2 0.02412474 25.01389974 42.0378415 69.723 0 4
2 10.84773033 29.18641272 42.08322433 69.723 0 4
2 9.55314361 21.68235039 35.87374872 69.723 0 4
2 9.50776078 32.50595598 40.0462617 69.723 0 4
2 3.343668 22.97693711 43.37781105 69.723 0 4
2 7.51618098 23.02231994 32.55420546 69.723 0 4
0 5.43404107 27.09603965 48.80748203 137.327 0 0
0 10.83829571 21.69178501 54.21173667 137.327 0 0
0 0.00573805 29.80276833 48.8242513 137.327 0 1
0 10.77954101 24.4131086 48.88443905 137.327 0 1
0 5.51099809 21.75053971 51.49041308 137.327 0 1
0 5.45081034 32.52434267 46.10075335 137.327 0 1
0 8.11697212 27.01908263 54.15298197 137.327 0 1
0 2.72731239 27.07927038 43.37917901 137.327 0 1
1 3.44321406 29.13347739 50.7747218 72.63 0 6
1 7.40128084 29.08686666 46.77004429 72.63 0 6
1 3.39660333 25.12879988 46.81665502 72.63 0 6
1 7.43182294 25.09825778 50.8052639 72.63 0 6
1 8.84683435 23.68324637 52.22027531 72.63 0 6
1 1.98537043 23.66483113 45.39942672 72.63 0 6
1 8.86524959 30.50409496 45.35881139 72.63 0 6
1 2.02598576 30.54471029 52.23869055 72.63 0 6
1 7.46005134 25.15237071 46.7839311 72.63 0 6
1 3.41049014 25.07002938 50.75115097 72.63 0 6
1 7.37771001 29.11959058 50.8334923 72.63 0 6
1 2.00345407 30.52662665 45.37689503 72.63 0 6
1 8.81535552 30.50614639 52.27123464 72.63 0 6
1 2.02393433 23.63228704 52.18879648 72.63 0 6
1 8.89779368 23.7147252 45.39737529 72.63 0 6
1 5.40791096 24.3854518 43.39388098 72.63 0 5
1 0.02044002 27.12216976 51.51806988 72.63 0 5
1 8.14462892 32.5096407 48.78135192 72.63 0 5
1 8.80639622 27.13380549 47.55180667 72.63 0 7
1 2.04888949 27.11745575 47.5670236 72.63 0 7
1 4.17836571 23.7236845 48.76971619 72.63 0 7
1 4.19358264 30.48119123 48.78606593 72.63 0 7
1 5.41262497 28.33649808 45.42233045 72.63 0 7
1 5.39627523 28.35171501 52.17983718 72.63 0 7
1 0.02757425 25.06912874 44.62395974 72.63 0 7
1 0.01224981 29.15345188 44.61856586 72.63 0 7
1 1.25051878 32.50250647 50.83439294 72.63 0 7
1 1.2451249 32.51783091 46.7500698 72.63 0 7
1 3.37662884 31.28495582 43.38569077 72.63 0 7
1 7.46095198 31.27956194 43.40101521 72.63 0 7
2 3.43900986 29.09107086 46.81245082 69.723 0 3
2 5.41774366 29.80401832 43.39179324 69.723 0 2
2 0.01835228 27.11233706 46.09950336 69.723 0 2
2 2.7260624 32.51172844 48.79118462 69.723 0 2
2 2.0805152 27.10056368 50.1003923 69.723 0 4
2 8.75732906 27.12471981 50.14238727 69.723 0 4
2 6.76894631 23.77275166 48.77880187 69.723 0 4
2 6.72695134 30.44956552 48.802958 69.723 0 4
2 5.40536091 25.76113441 52.13077002 69.723 0 4
2 5.42951704 25.80312938 45.45395616 69.723 0 4
2 0.02643584 25.01158864 52.88351284 69.723 0 4
2 10.85004143 29.18410162 52.92889567 69.723 0 4
2 9.55545471 21.68003929 46.71942006 69.723 0 4
2 9.51007188 32.50364488 50.89193304 69.723 0 4
2 3.3459791 22.97462601 54.22348239 69.723 0 4
2 7.51849208 23.02000884 43.3998768 69.723 0 4
0 5.43635217 27.09372855 59.65315337 137.327 0 0
0 10.84060681 21.68947391 65.05740801 137.327 0 0
0 0.00804915 29.80045723 59.66992264 137.327 0 1
0 10.78185211 24.4107975 59.73011039 137.327 0 1
0 5.51330919 21.74822861 62.33608442 137.327 0 1
0 5.45312144 32.52203157 56.94642469 137.327 0 1
0 8.11928322 27.01677153 64.99865331 137.327 0 1
0 2.72962349 27.07695928 54.22485035 137.327 0 1
1 3.44552516 29.13116629 61.62039314 72.63 0 6
1 7.40359194 29.08455556 57.61571563 72.63 0 6
1 3.39891443 25.12648878 57.66232636 72.63 0 6
1 7.43413404 25.09594668 61.65093524 72.63 0 6
1 8.84914545 23.68093527 63.06594665 72.63 0 6
1 1.98768153 23.66252003 56.24509806 72.63 0 6
1 8.86756069 30.50178386 56.20448273 72.63 0 6
1 2.02829686 30.54239919 63.08436189 72.63 0 6
1 7.46236244 25.15005961 57.62960244 72.63 0 6
1 3.41280124 25.06771828 61.59682231 72.63 0 6
1 7.38002111 29.11727948 61.67916364 72.63 0 6
1 2.00576517 30.52431555 56.22256637 72.63 0 6
1 8.81766662 30.50383529 63.11690598 72.63 0 6
1 2.02624543 23.62997594 63.03446782 72.63 0 6
1 8.90010478 23.7124141 56.24304663 72.63 0 6
1 5.41022206 24.3831407 54.23955232 72.63 0 5
1 0.02275112 27.11985866 62.36374122 72.63 0 5
1 8.14694002 32.5073296 59.62702326 72.63 0 5
1 8.80870732 27.13149439 58.39747801 72.63 0 7
1 2.05120059 27.11514465 58.41269494 72.63 0 7
1 4.18067681 23.7213734 59.61538753 72.63 0 7
1 4.19589374 30.47888013 59.63173727 72.63 0 7
1 5.41493607 28.33418698 56.26800179 72.63 0 7
1 5.39858633 28.34940391 63.02550852 72.63 0 7
1 0.02988535 25.06681764 55.46963108 72.63 0 7
1 0.01456091 29.15114078 55.4642372 72.63 0 7
1 1.25282988 32.50019537 61.68006428 72.63 0 7
1 1.247436 32.51551981 57.59574114 72.63 0 7
1 3.37893994 31.28264472 54.23136211 72.63 0 7
1 7.46326308 31.27725084 54.24668655 72.63 0 7
2 3.44132096 29.08875976 57.65812216 69.723 0 3
2 5.42005476 29.80170722 54.23746458 69.723 0 2
2 0.02066338 27.11002596 56.9451747 69.723 0 2
2 2.7283735 32.50941734 59.63685596 69.723 0 2
2 2.0828263 27.09825258 60.94606364 69.723 0 4
2 8.75964016 27.12240871 60.98805861 69.723 0 4
2 6.77125741 23.77044056 59.62447321 69.723 0 4
2 6.72926244 30.44725442 59.64862934 69.723 0 4
2 5.40767201 25.75882331 62.97644136 69.723 0 4
2 5.43182814 25.80081828 56.2996275 69.723 0 4
2 0.02874694 25.00927754 63.72918418 69.723 0 4
2 10.85235253 29.18179052 63.77456701 69.723 0 4
2 9.55776581 21.67772819 57.5650914 69.723 0 4
2 9.51238298 32.50133378 61.73760438 69.723 0 4
2 3.3482902 22.97231491 65.06915373 69.723 0 4
2 7.52080318 23.01769774 54.24554814 69.723 0 4
0 5.42248557 37.95095539 5.42248557 137.327 0 0
0 10.82674021 32.54670075 10.82674021 137.327 0 0
0 -0.00581745 40.65768407 5.43925484 137.327 0 1
0 10.76798551 35.26802434 5.49944259 137.327 0 1
0 5.49944259 32.60545545 8.10541662 137.327 0 1
0 5.43925484 43.37925841 2.71575689 137.327 0 1
0 8.10541662 37.87399837 10.76798551 137.327 0 1
0 2.71575689 37.93418612 -0.00581745 137.327 0 1
1 3.43165856 39.98839313 7.38972534 72.63 0 6
1 7.38972534 39.9417824 3.38504783 72.63 0 6
1 3.38504783 35.98371562 3.43165856 72.63 0 6
1 7.42026744 35.95317352 7.42026744 72.63 0 6
1 8.83527885 34.53816211 8.83527885 72.63 0 6
1 1.97381493 34.51974687 2.01443026 72.63 0 6
1 8.85369409 41.3590107 1.97381493 72.63 0 6
1 2.01443026 41.39962603 8.85369409 72.63 0 6
1 7.44849584 36.00728645 3.39893464 72.63 0 6
1 3.39893464 35.92494512 7.36615451 72.63 0 6
1 7.36615451 39.97450632 7.44849584 72.63 0 6
1 1.99189857 41.38154239 1.99189857 72.63 0 6
1 8.80380002 41.36106213 8.88623818 72.63 0 6
1 2.01237883 34.48720278 8.80380002 72.63 0 6
1 8.88623818 34.56964094 2.01237883 72.63 0 6
1 5.39635546 35.24036754 0.00888452 72.63 0 5
1 0.00888452 37.9770855 8.13307342 72.63 0 5
1 8.13307342 43.36455644 5.39635546 72.63 0 5
1 8.79484072 37.98872123 4.16681021 72.63 0 7
1 2.03733399 37.97237149 4.18202714 72.63 0 7
1 4.16681021 34.57860024 5.38471973 72.63 0 7
1 4.18202714 41.33610697 5.40106947 72.63 0 7
1 5.40106947 39.19141382 2.03733399 72.63 0 7
1 5.38471973 39.20663075 8.79484072 72.63 0 7
1 0.01601875 35.92404448 1.23896328 72.63 0 7
1 0.00069431 40.00836762 1.2335694 72.63 0 7
1 1.23896328 43.35742221 7.44939648 72.63 0 7
1 1.2335694 43.37274665 3.36507334 72.63 0 7
1 3.36507334 42.13987156 0.00069431 72.63 0 7
1 7.44939648 42.13447768 0.01601875 72.63 0 7
2 3.42745436 39.9459866 3.42745436 69.723 0 3
2 5.40618816 40.65893406 0.00679678 69.723 0 2
2 0.00679678 37.9672528 2.7145069 69.723 0 2
2 2.7145069 43.36664418 5.40618816 69.723 0 2
2 2.0689597 37.95547942 6.71539584 69.723 0 4
2 8.74577356 37.97963555 6.75739081 69.723 0 4
2 6.75739081 34.6276674 5.39380541 69.723 0 4
2 6.71539584 41.30448126 5.41796154 69.723 0 4
2 5.39380541 36.61605015 8.74577356 69.723 0 4
2 5.41796154 36.65804512 2.0689597 69.723 0 4
2 0.01488034 35.86650438 9.49851638 69.723 0 4
2 10.83848593 40.03901736 9.54389921 69.723 0 4
2 9.54389921 32.53495503 3.3344236 69.723 0 4
2 9.49851638 43.35856062 7.50693658 69.723 0 4
2 3.3344236 33.82954175 10.83848593 69.723 0 4
2 7.50693658 33.87492458 0.01488034 69.723 0 4
0 5.42479667 37.94864429 16.26815691 137.327 0 0
0 10.82905131 32.54438965 21.67241155 137.327 0 0
0 -0.00350635 40.65537297 16.28492618 137.327 0 1
0 10.77029661 35.26571324 16.34511393 137.327 0 1
0 5.50175369 32.60314435 18.95108796 137.327 0 1
0 5.44156594 43.37694731 13.56142823 137.327 0 1
0 8.10772772 37.87168727 21.61365685 137.327 0 1
0 2.71806799 37.93187502 10.83985389 137.327 0 1
1 3.43396966 39.98608203 18.23539668 72.63 0 6
1 7.39203644 39.9394713 14.23071917 72.63 0 6
1 3.38735893 35.98140452 14.2773299 72.63 0 6
1 7.42257854 35.95086242 18.26593878 72.63 0 6
1 8.83758995 34.53585101 19.68095019 72.63 0 6
1 1.97612603 34.51743577 12.8601016 72.63 0 6
1 8.85600519 41.3566996 12.81948627 72.63 0 6
1 2.01674136 41.39731493 19.69936543 72.63 0 6
1 7.45080694 36.00497535 14.24460598 72.63 0 6
1 3.40124574 35.92263402 18.21182585 72.63 0 6
1 7.36846561 39.97219522 18.29416718 72.63 0 6
1 1.99420967 41.37923129 12.83756991 72.63 0 6
1 8.80611112 41.35875103 19.73190952 72.63 0 6
1 2.01468993 34.48489168 19.64947136 72.63 0 6
1 8.88854928 34.56732984 12.85805017 72.63 0 6
1 5.39866656 35.23805644 10.85455586 72.63 0 5
1 0.01119562 37.9747744 18.97874476 72.63 0 5
1 8.13538452 43.36224534 16.2420268 72.63 0 5
1 8.79715182 37.98641013 15.01248155 72.63 0 7
1 2.03964509 37.97006039 15.02769848 72.63 0 7
1 4.16912131 34.57628914 16.23039107 72.63 0 7
1 4.18433824 41.33379587 16.24674081 72.63 0 7
1 5.40338057 39.18910272 12.88300533 72.63 0 7
1 5.38703083 39.20431965 19.64051206 72.63 0 7
1 0.01832985 35.92173338 12.08463462 72.63 0 7
1 0.00300541 40.00605652 12.07924074 72.63 0 7
1 1.24127438 43.35511111 18.29506782 72.63 0 7
1 1.2358805 43.37043555 14.21074468 72.63 0 7
1 3.36738444 42.13756046 10.84636565 72.63 0 7
1 7.45170758 42.13216658 10.86169009 72.63 0 7
2 3.42976546 39.9436755 14.2731257 69.723 0 3
2 5.40849926 40.65662296 10.85246812 69.723 0 2
2 0.00910788 37.9649417 13.56017824 69.723 0 2
2 2.716818 43.36433308 16.2518595 69.723 0 2
2 2.0712708 37.95316832 17.56106718 69.723 0 4
2 8.74808466 37.97732445 17.60306215 69.723 0 4
2 6.75970191 34.6253563 16.23947675 69.723 0 4
2 6.71770694 41.30217016 16.26363288 69.723 0 4
2 5.39611651 36.61373905 19.5914449 69.723 0 4
2 5.42027264 36.65573402 12.91463104 69.723 0 4
2 0.01719144 35.86419328 20.34418772 69.723 0 4
2 10.84079703 40.03670626 20.38957055 69.723 0 4
2 9.54621031 32.53264393 14.18009494 69.723 0 4
2 9.50082748 43.35624952 18.35260792 69.723 0 4
2 3.3367347 33.82723065 21.68415727 69.723 0 4
2 7.50924768 33.87261348 10.86055168 69.723 0 4
0 5.42710777 37.94633319 27.11382825 137.327 0 0
0 10.83136241 32.54207855 32.51808289 137.327 0 0
0 -0.00119525 40.65306187 27.13059752 137.327 0 1
0 10.77260771 35.26340214 27.19078527 137.327 0 1
0 5.50406479 32.60083325 29.7967593 137.327 0 1
0 5.44387704 43.37463621 24.40709957 137.327 0 1
0 8.11003882 37.86937617 32.45932819 137.327 0 1
0 2.72037909 37.92956392 21.68552523 137.327 0 1
1 3.43628076 39.98377093 29.08106802 72.63 0 6
1 7.39434754 39.9371602 25.07639051 72.63 0 6
1 3.38967003 35.97909342 25.12300124 72.63 0 6
1 7.42488964 35.94855132 29.11161012 72.63 0 6
1 8.83990105 34.53353991 30.52662153 72.63 0 6
1 1.97843713 34.51512467 23.70577294 72.63 0 6
1 8.85831629 41.3543885 23.66515761 72.63 0 6
1 2.01905246 41.39500383 30.54503677 72.63 0 6
1 7.45311804 36.00266425 25.09027732 72.63 0 6
1 3.40355684 35.92032292 29.05749719 72.63 0 6
1 7.37077671 39.96988412 29.13983852 72.63 0 6
1 1.99652077 41.37692019 23.68324125 72.63 0 6
1 8.80842222 41.35643993 30.57758086 72.63 0 6
1 2.01700103 34.48258058 30.4951427 72.63 0 6
1 8.89086038 34.56501874 23.70372151 72.63 0 6
1 5.40097766 35.23574534 21.7002272 72.63 0 5
1 0.01350672 37.9724633 29.8244161 72.63 0 5
1 8.13769562 43.35993424 27.08769814 72.63 0 5
1 8.79946292 37.98409903 25.85815289 72.63 0 7
1 2.04195619 37.96774929 25.87336982 72.63 0 7
1 4.17143241 34.57397804 27.07606241 72.63 0 7
1 4.18664934 41.33148477 27.09241215 72.63 0 7
1 5.40569167 39.18679162 23.72867667 72.63 0 7
1 5.38934193 39.20200855 30.4861834 72.63 0 7
1 0.02064095 35.91942228 22.93030596 72.63 0 7
1 0.00531651 40.00374542 22.92491208 72.63 0 7
1 1.24358548 43.35280001 29.14073916 72.63 0 7
1 1.2381916 43.36812445 25.05641602 72.63 0 7
1 3.36969554 42.13524936 21.69203699 72.63 0 7
1 7.45401868 42.12985548 21.70736143 72.63 0 7
2 3.43207656 39.9413644 25.11879704 69.723 0 3
2 5.41081036 40.65431186 21.69813946 69.723 0 2
2 0.01141898 37.9626306 24.40584958 69.723 0 2
2 2.7191291 43.36202198 27.09753084 69.723 0 2
2 2.0735819 37.95085722 28.40673852 69.723 0 4
2 8.75039576 37.97501335 28.44873349 69.723 0 4
2 6.76201301 34.6230452 27.08514809 69.723 0 4
2 6.72001804 41.29985906 27.10930422 69.723 0 4
2 5.39842761 36.61142795 30.43711624 69.723 0 4
2 5.42258374 36.65342292 23.76030238 69.723 0 4
2 0.01950254 35.86188218 31.18985906 69.723 0 4
2 10.84310813 40.03439516 31.23524189 69.723 0 4
2 9.54852141 32.53033283 25.02576628 69.723 0 4
2 9.50313858 43.35393842 29.19827926 69.723 0 4
2 3.3390458 33.82491955 32.52982861 69.723 0 4
2 7.51155878 33.87030238 21.70622302 69.723 0 4
0 5.42941887 37.94402209 37.95949959 137.327 0 0
0 10.83367351 32.53976745 43.36375423 137.327 0 0
0 0.00111585 40.65075077 37.97626886 137.327 0 1
0 10.77491881 35.26109104 38.03645661 137.327 0 1
0 5.50637589 32.59852215 40.64243064 137.327 0 1
0 5.44618814 43.37232511 35.25277091 137.327 0 1
0 8.11234992 37.86706507 43.30499953 137.327 0 1
0 2.72269019 37.92725282 32.53119657 137.327 0 1
1 3.43859186 39.98145983 39.92673936 72.63 0 6
1 7.39665864 39.9348491 35.92206185 72.63 0 6
1 3.39198113 35.97678232 35.96867258 72.63 0 6
1 7.42720074 35.94624022 39.95728146 72.63 0 6
1 8.84221215 34.53122881 41.37229287 72.63 0 6
1 1.98074823 34.51281357 34.55144428 72.63 0 6
1 8.86062739 41.3520774 34.51082895 72.63 0 6
1 2.02136356 41.39269273 41.39070811 72.63 0 6
1 7.45542914 36.00035315 35.93594866 72.63 0 6
1 3.40586794 35.91801182 39.90316853 72.63 0 6
1 7.37308781 39.96757302 39.98550986 72.63 0 6
1 1.99883187 41.37460909 34.52891259 72.63 0 6
1 8.81073332 41.35412883 41.4232522 72.63 0 6
1 2.01931213 34.48026948 41.34081404 72.63 0 6
1 8.89317148 34.56270764 34.54939285 72.63 0 6
1 5.40328876 35.23343424 32.54589854 72.63 0 5
1 0.01581782 37.9701522 40.67008744 72.63 0 5
1 8.14000672 43.35762314 37.93336948 72.63 0 5
1 8.80177402 37.98178793 36.70382423 72.63 0 7
1 2.04426729 37.96543819 36.71904116 72.63 0 7
1 4.17374351 34.57166694 37.92173375 72.63 0 7
1 4.18896044 41.32917367 37.93808349 72.63 0 7
1 5.40800277 39.18448052 34.57434801 72.63 0 7
1 5.39165303 39.19969745 41.33185474 72.63 0 7
1 0.02295205 35.91711118 33.7759773 72.63 0 7
1 0.00762761 40.00143432 33.77058342 72.63 0 7
1 1.24589658 43.35048891 39.9864105 72.63 0 7
1 1.2405027 43.36581335 35.90208736 72.63 0 7
1 3.37200664 42.13293826 32.53770833 72.63 0 7
1 7.45632978 42.12754438 32.55303277 72.63 0 7
2 3.43438766 39.9390533 35.96446838 69.723 0 3
2 5.41312146 40.65200076 32.5438108 69.723 0 2
2 0.01373008 37.9603195 35.25152092 69.723 0 2
2 2.7214402 43.35971088 37.94320218 69.723 0 2
2 2.075893 37.94854612 39.25240986 69.723 0 4
2 8.75270686 37.97270225 39.29440483 69.723 0 4
2 6.76432411 34.6207341 37.93081943 69.723 0 4
2 6.72232914 41.29754796 37.95497556 69.723 0 4
2 5.40073871 36.60911685 41.28278758 69.723 0 4
2 5.42489484 36.65111182 34.60597372 69.723 0 4
2 0.02181364 35.85957108 42.0355304 69.723 0 4
2 10.84541923 40.03208406 42.08091323 69.723 0 4
2 9.55083251 32.52802173 35.87143762 69.723 0 4
2 9.50544968 43.35162732 40.0439506 69.723 0 4
2 3.3413569 33.82260845 43.37549995 69.723 0 4
2 7.51386988 33.86799128 32.55189436 69.723 0 4
0 5.43172997 37.94171099 48.80517093 137.327 0 0
0 10.83598461 32.53745635 54.20942557 137.327 0 0
0 0.00342695 40.64843967 48.8219402 137.327 0 1
0 10.77722991 35.25877994 48.88212795 137.327 0 1
0 5.50868699 32.59621105 51.48810198 137.327 0 1
0 5.44849924 43.37001401 46.09844225 137.327 0 1
0 8.11466102 37.86475397 54.15067087 137.327 0 1
0 2.72500129 37.92494172 43.37686791 137.327 0 1
1 3.44090296 39.97914873 50.7724107 72.63 0 6
1 7.39896974 39.932538 46.76773319 72.63 0 6
1 3.39429223 35.97447122 46.81434392 72.63 0 6
1 7.42951184 35.94392912 50.8029528 72.63 0 6
1 8.84452325 34.52891771 52.21796421 72.63 0 6
1 1.98305933 34.51050247 45.39711562 72.63 0 6
1 8.86293849 41.3497663 45.35650029 72.63 0 6
1 2.02367466 41.39038163 52.23637945 72.63 0 6
1 7.45774024 35.99804205 46.78162 72.63 0 6
1 3.40817904 35.91570072 50.74883987 72.63 0 6
1 7.37539891 39.96526192 50.8311812 72.63 0 6
1 2.00114297 41.37229799 45.37458393 72.63 0 6
1 8.81304442 41.35181773 52.26892354 72.63 0 6
1 2.02162323 34.47795838 52.18648538 72.63 0 6
1 8.89548258 34.56039654 45.39506419 72.63 0 6
1 5.40559986 35.23112314 43.39156988 72.63 0 5
1 0.01812892 37.9678411 51.51575878 72.63 0 5
1 8.14231782 43.35531204 48.77904082 72.63 0 5
1 8.80408512 37.97947683 47.54949557 72.63 0 7
1 2.04657839 37.96312709 47.5647125 72.63 0 7
1 4.17605461 34.56935584 48.76740509 72.63 0 7
1 4.19127154 41.32686257 48.78375483 72.63 0 7
1 5.41031387 39.18216942 45.42001935 72.63 0 7
1 5.39396413 39.19738635 52.17752608 72.63 0 7
1 0.02526315 35.91480008 44.62164864 72.63 0 7
1 0.00993871 39.99912322 44.61625476 72.63 0 7
1 1.24820768 43.34817781 50.83208184 72.63 0 7
1 1.2428138 43.36350225 46.7477587 72.63 0 7
1 3.37431774 42.13062716 43.38337967 72.63 0 7
1 7.45864088 42.12523328 43.39870411 72.63 0 7
2 3.43669876 39.9367422 46.81013972 69.723 0 3
2 5.41543256 40.64968966 43.38948214 69.723 0 2
2 0.01604118 37.9580084 46.09719226 69.723 0 2
2 2.7237513 43.35739978 48.78887352 69.723 0 2
2 2.0782041 37.94623502 50.0980812 69.723 0 4
2 8.75501796 37.97039115 50.14007617 69.723 0 4
2 6.76663521 34.618423 48.77649077 69.723 0 4
2 6.72464024 41.29523686 48.8006469 69.723 0 4
2 5.40304981 36.60680575 52.12845892 69.723 0 4
2 5.42720594 36.64880072 45.45164506 69.723 0 4
2 0.02412474 35.85725998 52.88120174 69.723 0 4
2 10.84773033 40.02977296 52.92658457 69.723 0 4
2 9.55314361 32.52571063 46.71710896 69.723 0 4
2 9.50776078 43.34931622 50.88962194 69.723 0 4
2 3.343668 33.82029735 54.22117129 69.723 0 4
2 7.51618098 33.86568018 43.3975657 69.723 0 4
0 5.43404107 37.93939989 59.65084227 137.327 0 0
0 10.83829571 32.53514525 65.05509691 137.327 0 0
0 0.00573805 40.64612857 59.66761154 137.327 0 1
0 10.77954101 35.25646884 59.72779929 137.327 0 1
0 5.51099809 32.59389995 62.33377332 137.327 0 1
0 5.45081034 43.36770291 56.94411359 137.327 0 1
0 8.11697212 37.86244287 64.99634221 137.327 0 1
0 2.72731239 37.92263062 54.22253925 137.327 0 1
1 3.44321406 39.97683763 61.61808204 72.63 0 6
1 7.40128084 39.9302269 57.61340453 72.63 0 6
1 3.39660333 35.97216012 57.66001526 72.63 0 6
1 7.43182294 35.94161802 61.64862414 72.63 0 6
1 8.84683435 34.52660661 63.06363555 72.63 0 6
1 1.98537043 34.50819137 56.24278696 72.63 0 6
1 8.86524959 41.3474552 56.20217163 72.63 0 6
1 2.02598576 41.38807053 63.08205079 72.63 0 6
1 7.46005134 35.99573095 57.62729134 72.63 0 6
1 3.41049014 35.91338962 61.59451121 72.63 0 6
1 7.37771001 39.96295082 61.67685254 72.63 0 6
1 2.00345407 41.36998689 56.22025527 72.63 0 6
1 8.81535552 41.34950663 63.11459488 72.63 0 6
1 2.02393433 34.47564728 63.03215672 72.63 0 6
1 8.89779368 34.55808544 56.24073553 72.63 0 6
1 5.40791096 35.22881204 54.23724122 72.63 0 5
1 0.02044002 37.96553 62.36143012 72.63 0 5
1 8.14462892 43.35300094 59.62471216 72.63 0 5
1 8.80639622 37.97716573 58.39516691 72.63 0 7
1 2.04888949 37.96081599 58.41038384 72.63 0 7
1 4.17836571 34.56704474 59.61307643 72.63 0 7
1 4.19358264 41.32455147 59.62942617 72.63 0 7
1 5.41262497 39.17985832 56.26569069 72.63 0 7
1 5.39627523 39.19507525 63.02319742 72.63 0 7
1 0.02757425 35.91248898 55.46731998 72.63 0 7
1 0.01224981 39.99681212 55.4619261 72.63 0 7
1 1.25051878 43.34586671 61.67775318 72.63 0 7
1 1.2451249 43.36119115 57.59343004 72.63 0 7
1 3.37662884 42.12831606 54.22905101 72.63 0 7
1 7.46095198 42.12292218 54.24437545 72.63 0 7
2 3.43900986 39.9344311 57.65581106 69.723 0 3
2 5.41774366 40.64737856 54.23515348 69.723 0 2
2 0.01835228 37.9556973 56.9428636 69.723 0 2
2 2.7260624 43.35508868 59.63454486 69.723 0 2
2 2.0805152 37.94392392 60.94375254 69.723 0 4
2 8.75732906 37.96808005 60.98574751 69.723 0 4
2 6.76894631 34.6161119 59.62216211 69.723 0 4
2 6.72695134 41.29292576 59.64631824 69.723 0 4
2 5.40536091 36.60449465 62.97413026 69.723 0 4
2 5.42951704 36.64648962 56.2973164 69.723 0 4
2 0.02643584 35.85494888 63.72687308 69.723 0 4
2 10.85004143 40.02746186 63.77225591 69.723 0 4
2 9.55545471 32.52339953 57.5627803 69.723 0 4
2 9.51007188 43.34700512 61.73529328 69.723 0 4
2 3.3459791 33.81798625 65.06684263 69.723 0 4
2 7.51849208 33.86336908 54.24323704 69.723 0 4
0 5.42017447 48.79662673 5.42017447 137.327 0 0
0 10.82442911 43.39237209 10.82442911 137.327 0 0
0 -0.00812855 51.50335541 5.43694374 137.327 0 1
0 10.76567441 46.11369568 5.49713149 137.327 0 1
0 5.49713149 43.45112679 8.10310552 137.327 0 1
0 5.43694374 54.22492975 2.71344579 137.327 0 1
0 8.10310552 48.71966971 10.76567441 137.327 0 1
0 2.71344579 48.77985746 -0.00812855 137.327 0 1
1 3.42934746 50.83406447 7.38741424 72.63 0 6
1 7.38741424 50.78745374 3.38273673 72.63 0 6
1 3.38273673 46.82938696 3.42934746 72.63 0 6
1 7.41795634 46.79884486 7.41795634 72.63 0 6
1 8.83296775 45.38383345 8.83296775 72.63 0 6
1 1.97150383 45.36541821 2.01211916 72.63 0 6
1 8.85138299 52.20468204 1.97150383 72.63 0 6
1 2.01211916 52.24529737 8.85138299 72.63 0 6
1 7.44618474 46.85295779 3.39662354 72.63 0 6
1 3.39662354 46.77061646 7.36384341 72.63 0 6
1 7.36384341 50.82017766 7.44618474 72.63 0 6
1 1.98958747 52.22721373 1.98958747 72.63 0 6
1 8.80148892 52.20673347 8.88392708 72.63 0 6
1 2.01006773 45.33287412 8.80148892 72.63 0 6
1 8.88392708 45.41531228 2.01006773 72.63 0 6
1 5.39404436 46.08603888 0.00657342 72.63 0 5
1 0.00657342 48.82275684 8.13076232 72.63 0 5
1 8.13076232 54.21022778 5.39404436 72.63 0 5
1 8.79252962 48.83439257 4.16449911 72.63 0 7
1 2.03502289 48.81804283 4.17971604 72.63 0 7
1 4.16449911 45.42427158 5.38240863 72.63 0 7
1 4.17971604 52.18177831 5.39875837 72.63 0 7
1 5.39875837 50.03708516 2.03502289 72.63 0 7
1 5.38240863 50.05230209 8.79252962 72.63 0 7
1 0.01370765 46.76971582 1.23665218 72.63 0 7
1 -0.00161679 50.85403896 1.2312583 72.63 0 7
1 1.23665218 54.20309355 7.44708538 72.63 0 7
1 1.2312583 54.21841799 3.36276224 72.63 0 7
1 3.36276224 52.9855429 -0.00161679 72.63 0 7
1 7.44708538 52.98014902 0.01370765 72.63 0 7
2 3.42514326 50.79165794 3.42514326 69.723 0 3
2 5.40387706 51.5046054 0.00448568 69.723 0 2
2 0.00448568 48.81292414 2.7121958 69.723 0 2
2 2.7121958 54.21231552 5.40387706 69.723 0 2
2 2.0666486 48.80115076 6.71308474 69.723 0 4
2 8.74346246 48.82530689 6.75507971 69.723 0 4
2 6.75507971 45.47333874 5.39149431 69.723 0 4
2 6.71308474 52.1501526 5.41565044 69.723 0 4
2 5.39149431 47.46172149 8.74346246 69.723 0 4
2 5.41565044 47.50371646 2.0666486 69.723 0 4
2 0.01256924 46.71217572 9.49620528 69.723 0 4
2 10.83617483 50.8846887 9.54158811 69.723 0 4
2 9.54158811 43.38062637 3.3321125 69.723 0 4
2 9.49620528 54.20423196 7.50462548 69.723 0 4
2 3.3321125 44.67521309 10.83617483 69.723 0 4
2 7.50462548 44.72059592 0.01256924 69.723 0 4
0 5.42248557 48.79431563 16.26584581 137.327 0 0
0 10.82674021 43.39006099 21.67010045 137.327 0 0
0 -0.00581745 51.50104431 16.28261508 137.327 0 1
0 10.76798551 46.11138458 16.34280283 137.327 0 1
0 5.49944259 43.44881569 18.94877686 137.327 0 1
0 5.43925484 54.22261865 13.55911713 137.327 0 1
0 8.10541662 48.71735861 21.61134575 137.327 0 1
0 2.71575689 48.77754636 10.83754279 137.327 0 1
1 3.43165856 50.83175337 18.23308558 72.63 0 6
1 7.38972534 50.78514264 14.22840807 72.63 0 6
1 3.38504783 46.82707586 14.2750188 72.63 0 6
1 7.42026744 46.79653376 18.26362768 72.63 0 6
1 8.83527885 45.38152235 19.67863909 72.63 0 6
1 1.97381493 45.36310711 12.8577905 72.63 0 6
1 8.85369409 52.20237094 12.81717517 72.63 0 6
1 2.01443026 52.24298627 19.69705433 72.63 0 6
1 7.44849584 46.85064669 14.24229488 72.63 0 6
1 3.39893464 46.76830536 18.20951475 72.63 0 6
1 7.36615451 50.81786656 18.29185608 72.63 0 6
1 1.99189857 52.22490263 12.83525881 72.63 0 6
1 8.80380002 52.20442237 19.72959842 72.63 0 6
1 2.01237883 45.33056302 19.64716026 72.63 0 6
1 8.88623818 45.41300118 12.85573907 72.63 0 6
1 5.39635546 46.08372778 10.85224476 72.63 0 5
1 0.00888452 48.82044574 18.97643366 72.63 0 5
1 8.13307342 54.20791668 16.2397157 72.63 0 5
1 8.79484072 48.83208147 15.01017045 72.63 0 7
1 2.03733399 48.81573173 15.02538738 72.63 0 7
1 4.16681021 45.42196048 16.22807997 72.63 0 7
1 4.18202714 52.17946721 16.24442971 72.63 0 7
1 5.40106947 50.03477406 12.88069423 72.63 0 7
1 5.38471973 50.04999099 19.63820096 72.63 0 7
1 0.01601875 46.76740472 12.08232352 72.63 0 7
1 0.00069431 50.85172786 12.07692964 72.63 0 7
1 1.23896328 54.20078245 18.29275672 72.63 0 7
1 1.2335694 54.21610689 14.20843358 72.63 0 7
1 3.36507334 52.9832318 10.84405455 72.63 0 7
1 7.44939648 52.97783792 10.85937899 72.63 0 7
2 3.42745436 50.78934684 14.2708146 69.723 0 3
2 5.40618816 51.5022943 10.85015702 69.723 0 2
2 0.00679678 48.81061304 13.55786714 69.723 0 2
2 2.7145069 54.21000442 16.2495484 69.723 0 2
2 2.0689597 48.79883966 17.55875608 69.723 0 4
2 8.74577356 48.82299579 17.60075105 69.723 0 4
2 6.75739081 45.47102764 16.23716565 69.723 0 4
2 6.71539584 52.1478415 16.26132178 69.723 0 4
2 5.39380541 47.45941039 19.5891338 69.723 0 4
2 5.41796154 47.50140536 12.91231994 69.723 0 4
2 0.01488034 46.70986462 20.34187662 69.723 0 4
2 10.83848593 50.8823776 20.38725945 69.723 0 4
2 9.54389921 43.37831527 14.17778384 69.723 0 4
2 9.49851638 54.20192086 18.35029682 69.723 0 4
2 3.3344236 44.67290199 21.68184617 69.723 0 4
2 7.50693658 44.71828482 10.85824058 69.723 0 4
0 5.42479667 48.79200453 27.11151715 137.327 0 0
0 10.82905131 43.38774989 32.51577179 137.327 0 0
0 -0.00350635 51.49873321 27.12828642 137.327 0 1
0 10.77029661 46.10907348 27.18847417 137.327 0 1
0 5.50175369 43.44650459 29.7944482 137.327 0 1
0 5.44156594 54.22030755 24.40478847 137.327 0 1
0 8.10772772 48.71504751 32.45701709 137.327 0 1
0 2.71806799 48.77523526 21.68321413 137.327 0 1
1 3.43396966 50.82944227 29.07875692 72.63 0 6
1 7.39203644 50.78283154 25.07407941 72.63 0 6
1 3.38735893 46.82476476 25.12069014 72.63 0 6
1 7.42257854 46.79422266 29.10929902 72.63 0 6
1 8.83758995 45.37921125 30.52431043 72.63 0 6
1 1.97612603 45.36079601 23.70346184 72.63 0 6
1 8.85600519 52.20005984 23.66284651 72.63 0 6
1 2.01674136 52.24067517 30.54272567 72.63 0 6
1 7.45080694 46.84833559 25.08796622 72.63 0 6
1 3.40124574 46.76599426 29.05518609 72.63 0 6
1 7.36846561 50.81555546 29.13752742 72.63 0 6
1 1.99420967 52.22259153 23.68093015 72.63 0 6
1 8.80611112 52.20211127 30.57526976 72.63 0 6
1 2.01468993 45.32825192 30.4928316 72.63 0 6
1 8.88854928 45.41069008 23.70141041 72.63 0 6
1 5.39866656 46.08141668 21.6979161 72.63 0 5
1 0.01119562 48.81813464 29.822105 72.63 0 5
1 8.13538452 54.20560558 27.08538704 72.63 0 5
1 8.79715182 48.82977037 25.85584179 72.63 0 7
1 2.03964509 48.81342063 25.87105872 72.63 0 7
1 4.16912131 45.41964938 27.07375131 72.63 0 7
1 4.18433824 52.17715611 27.09010105 72.63 0 7
1 5.40338057 50.03246296 23.72636557 72.63 0 7
1 5.38703083 50.04767989 30.4838723 72.63 0 7
1 0.01832985 46.76509362 22.92799486 72.63 0 7
1 0.00300541 50.84941676 22.92260098 72.63 0 7
1 1.24127438 54.19847135 29.13842806 72.63 0 7
1 1.2358805 54.21379579 25.05410492 72.63 0 7
1 3.36738444 52.9809207 21.68972589 72.63 0 7
1 7.45170758 52.97552682 21.70505033 72.63 0 7
2 3.42976546 50.78703574 25.11648594 69.723 0 3
2 5.40849926 51.4999832 21.69582836 69.723 0 2
2 0.00910788 48.80830194 24.40353848 69.723 0 2
2 2.716818 54.20769332 27.09521974 69.723 0 2
2 2.0712708 48.79652856 28.40442742 69.723 0 4
2 8.74808466 48.82068469 28.44642239 69.723 0 4
2 6.75970191 45.46871654 27.08283699 69.723 0 4
2 6.71770694 52.1455304 27.10699312 69.723 0 4
2 5.39611651 47.45709929 30.43480514 69.723 0 4
2 5.42027264 47.49909426 23.75799128 69.723 0 4
2 0.01719144 46.70755352 31.18754796 69.723 0 4
2 10.84079703 50.8800665 31.23293079 69.723 0 4
2 9.54621031 43.37600417 25.02345518 69.723 0 4
2 9.50082748 54.19960976 29.19596816 69.723 0 4
2 3.3367347 44.67059089 32.52751751 69.723 0 4
2 7.50924768 44.71597372 21.70391192 69.723 0 4
0 5.42710777 48.78969343 37.95718849 137.327 0 0
0 10.83136241 43.38543879 43.36144313 137.327 0 0
0 -0.00119525 51.49642211 37.97395776 137.327 0 1
0 10.77260771 46.10676238 38.03414551 137.327 0 1
0 5.50406479 43.44419349 40.64011954 137.327 0 1
0 5.44387704 54.21799645 35.25045981 137.327 0 1
0 8.11003882 48.71273641 43.30268843 137.327 0 1
0 2.72037909 48.77292416 32.52888547 137.327 0 1
1 3.43628076 50.82713117 39.92442826 72.63 0 6
1 7.39434754 50.78052044 35.91975075 72.63 0 6
1 3.38967003 46.82245366 35.96636148 72.63 0 6
1 7.42488964 46.79191156 39.95497036 72.63 0 6
1 8.83990105 45.37690015 41.36998177 72.63 0 6
1 1.97843713 45.35848491 34.54913318 72.63 0 6
1 8.85831629 52.19774874 34.50851785 72.63 0 6
1 2.01905246 52.23836407 41.38839701 72.63 0 6
1 7.45311804 46.84602449 35.93363756 72.63 0 6
1 3.40355684 46.76368316 39.90085743 72.63 0 6
1 7.37077671 50.81324436 39.98319876 72.63 0 6
1 1.99652077 52.22028043 34.52660149 72.63 0 6
1 8.80842222 52.19980017 41.4209411 72.63 0 6
1 2.01700103 45.32594082 41.33850294 72.63 0 6
1 8.89086038 45.40837898 34.54708175 72.63 0 6
1 5.40097766 46.07910558 32.54358744 72.63 0 5
1 0.01350672 48.81582354 40.66777634 72.63 0 5
1 8.13769562 54.20329448 37.93105838 72.63 0 5
1 8.79946292 48.82745927 36.70151313 72.63 0 7
1 2.04195619 48.81110953 36.71673006 72.63 0 7
1 4.17143241 45.41733828 37.91942265 72.63 0 7
1 4.18664934 52.17484501 37.93577239 72.63 0 7
1 5.40569167 50.03015186 34.57203691 72.63 0 7
1 5.38934193 50.04536879 41.32954364 72.63 0 7
1 0.02064095 46.76278252 33.7736662 72.63 0 7
1 0.00531651 50.84710566 33.76827232 72.63 0 7
1 1.24358548 54.19616025 39.9840994 72.63 0 7
1 1.2381916 54.21148469 35.89977626 72.63 0 7
1 3.36969554 52.9786096 32.53539723 72.63 0 7
1 7.45401868 52.97321572 32.55072167 72.63 0 7
2 3.43207656 50.78472464 35.96215728 69.723 0 3
2 5.41081036 51.4976721 32.5414997 69.723 0 2
2 0.01141898 48.80599084 35.24920982 69.723 0 2
2 2.7191291 54.20538222 37.94089108 69.723 0 2
2 2.0735819 48.79421746 39.25009876 69.723 0 4
2 8.75039576 48.81837359 39.29209373 69.723 0 4
2 6.76201301 45.46640544 37.92850833 69.723 0 4
2 6.72001804 52.1432193 37.95266446 69.723 0 4
2 5.39842761 47.45478819 41.28047648 69.723 0 4
2 5.42258374 47.49678316 34.60366262 69.723 0 4
2 0.01950254 46.70524242 42.0332193 69.723 0 4
2 10.84310813 50.8777554 42.07860213 69.723 0 4
2 9.54852141 43.37369307 35.86912652 69.723 0 4
2 9.50313858 54.19729866 40.0416395 69.723 0 4
2 3.3390458 44.66827979 43.37318885 69.723 0 4
2 7.51155878 44.71366262 32.54958326 69.723 0 4
0 5.42941887 48.78738233 48.80285983 137.327 0 0
0 10.83367351 43.38312769 54.20711447 137.327 0 0
0 0.00111585 51.49411101 48.8196291 137.327 0 1
0 10.77491881 46.10445128 48.87981685 137.327 0 1
0 5.50637589 43.44188239 51.48579088 137.327 0 1
0 5.44618814 54.21568535 46.09613115 137.327 0 1
0 8.11234992 48.71042531 54.14835977 137.327 0 1
0 2.72269019 48.77061306 43.37455681 137.327 0 1
1 3.43859186 50.82482007 50.7700996 72.63 0 6
1 7.39665864 50.77820934 46.76542209 72.63 0 6
1 3.39198113 46.82014256 46.81203282 72.63 0 6
1 7.42720074 46.78960046 50.8006417 72.63 0 6
1 8.84221215 45.37458905 52.21565311 72.63 0 6
1 1.98074823 45.35617381 45.39480452 72.63 0 6
1 8.86062739 52.19543764 45.35418919 72.63 0 6
1 2.02136356 52.23605297 52.23406835 72.63 0 6
1 7.45542914 46.84371339 46.7793089 72.63 0 6
1 3.40586794 46.76137206 50.74652877 72.63 0 6
1 7.37308781 50.81093326 50.8288701 72.63 0 6
1 1.99883187 52.21796933 45.37227283 72.63 0 6
1 8.81073332 52.19748907 52.26661244 72.63 0 6
1 2.01931213 45.32362972 52.18417428 72.63 0 6
1 8.89317148 45.40606788 45.39275309 72.63 0 6
1 5.40328876 46.07679448 43.38925878 72.63 0 5
1 0.01581782 48.81351244 51.51344768 72.63 0 5
1 8.14000672 54.20098338 48.77672972 72.63 0 5
1 8.80177402 48.82514817 47.54718447 72.63 0 7
1 2.04426729 48.80879843 47.5624014 72.63 0 7
1 4.17374351 45.41502718 48.76509399 72.63 0 7
1 4.18896044 52.17253391 48.78144373 72.63 0 7
1 5.40800277 50.02784076 45.41770825 72.63 0 7
1 5.39165303 50.04305769 52.17521498 72.63 0 7
1 0.02295205 46.76047142 44.61933754 72.63 0 7
1 0.00762761 50.84479456 44.61394366 72.63 0 7
1 1.24589658 54.19384915 50.82977074 72.63 0 7
1 1.2405027 54.20917359 46.7454476 72.63 0 7
1 3.37200664 52.9762985 43.38106857 72.63 0 7
1 7.45632978 52.97090462 43.39639301 72.63 0 7
2 3.43438766 50.78241354 46.80782862 69.723 0 3
2 5.41312146 51.495361 43.38717104 69.723 0 2
2 0.01373008 48.80367974 46.09488116 69.723 0 2
2 2.7214402 54.20307112 48.78656242 69.723 0 2
2 2.075893 48.79190636 50.0957701 69.723 0 4
2 8.75270686 48.81606249 50.13776507 69.723 0 4
2 6.76432411 45.46409434 48.77417967 69.723 0 4
2 6.72232914 52.1409082 48.7983358 69.723 0 4
2 5.40073871 47.45247709 52.12614782 69.723 0 4
2 5.42489484 47.49447206 45.44933396 69.723 0 4
2 0.02181364 46.70293132 52.87889064 69.723 0 4
2 10.84541923 50.8754443 52.92427347 69.723 0 4
2 9.55083251 43.37138197 46.71479786 69.723 0 4
2 9.50544968 54.19498756 50.88731084 69.723 0 4
2 3.3413569 44.66596869 54.21886019 69.723 0 4
2 7.51386988 44.71135152 43.3952546 69.723 0 4
0 5.43172997 48.78507123 59.64853117 137.327 0 0
0 10.83598461 43.38081659 65.05278581 137.327 0 0
0 0.00342695 51.49179991 59.66530044 137.327 0 1
0 10.77722991 46.10214018 59.72548819 137.327 0 1
0 5.50868699 43.43957129 62.33146222 137.327 0 1
0 5.44849924 54.21337425 56.94180249 137.327 0 1
0 8.11466102 48.70811421 64.99403111 137.327 0 1
0 2.72500129 48.76830196 54.22022815 137.327 0 1
1 3.44090296 50.82250897 61.61577094 72.63 0 6
1 7.39896974 50.77589824 57.61109343 72.63 0 6
1 3.39429223 46.81783146 57.65770416 72.63 0 6
1 7.42951184 46.78728936 61.64631304 72.63 0 6
1 8.84452325 45.37227795 63.06132445 72.63 0 6
1 1.98305933 45.35386271 56.24047586 72.63 0 6
1 8.86293849 52.19312654 56.19986053 72.63 0 6
1 2.02367466 52.23374187 63.07973969 72.63 0 6
1 7.45774024 46.84140229 57.62498024 72.63 0 6
1 3.40817904 46.75906096 61.59220011 72.63 0 6
1 7.37539891 50.80862216 61.67454144 72.63 0 6
1 2.00114297 52.21565823 56.21794417 72.63 0 6
1 8.81304442 52.19517797 63.11228378 72.63 0 6
1 2.02162323 45.32131862 63.02984562 72.63 0 6
1 8.89548258 45.40375678 56.23842443 72.63 0 6
1 5.40559986 46.07448338 54.23493012 72.63 0 5
1 0.01812892 48.81120134 62.35911902 72.63 0 5
1 8.14231782 54.19867228 59.62240106 72.63 0 5
1 8.80408512 48.82283707 58.39285581 72.63 0 7
1 2.04657839 48.80648733 58.40807274 72.63 0 7
1 4.17605461 45.41271608 59.61076533 72.63 0 7
1 4.19127154 52.17022281 59.62711507 72.63 0 7
1 5.41031387 50.02552966 56.26337959 72.63 0 7
1 5.39396413 50.04074659 63.02088632 72.63 0 7
1 0.02526315 46.75816032 55.46500888 72.63 0 7
1 0.00993871 50.84248346 55.459615 72.63 0 7
1 1.24820768 54.19153805 61.67544208 72.63 0 7
1 1.2428138 54.20686249 57.59111894 72.63 0 7
1 3.37431774 52.9739874 54.22673991 72.63 0 7
1 7.45864088 52.96859352 54.24206435 72.63 0 7
2 3.43669876 50.78010244 57.65349996 69.723 0 3
2 5.41543256 51.4930499 54.23284238 69.723 0 2
2 0.01604118 48.80136864 56.9405525 69.723 0 2
2 2.7237513 54.20076002 59.63223376 69.723 0 2
2 2.0782041 48.78959526 60.94144144 69.723 0 4
2 8.75501796 48.81375139 60.98343641 69.723 0 4
2 6.76663521 45.46178324 59.61985101 69.723 0 4
2 6.72464024 52.1385971 59.64400714 69.723 0 4
2 5.40304981 47.45016599 62.97181916 69.723 0 4
2 5.42720594 47.49216096 56.2950053 69.723 0 4
2 0.02412474 46.70062022 63.72456198 69.723 0 4
2 10.84773033 50.8731332 63.76994481 69.723 0 4
2 9.55314361 43.36907087 57.5604692 69.723 0 4
2 9.50776078 54.19267646 61.73298218 69.723 0 4
2 3.343668 44.66365759 65.06453153 69.723 0 4
2 7.51618098 44.70904042 54.24092594 69.723 0 4
0 5.41786337 59.64229807 5.41786337 137.327 0 0
0 10.82211801 54.23804343 10.82211801 137.327 0 0
0 -0.01043965 62.34902675 5.43463264 137.327 0 1
0 10.76336331 56.95936702 5.49482039 137.327 0 1
0 5.49482039 54.29679813 8.10079442 137.327 0 1
0 5.43463264 65.07060109 2.71113469 137.327 0 1
0 8.10079442 59.56534105 10.76336331 137.327 0 1
0 2.71113469 59.6255288 -0.01043965 137.327 0 1
1 3.42703636 61.67973581 7.38510314 72.63 0 6
1 7.38510314 61.63312508 3.38042563 72.63 0 6
1 3.38042563 57.6750583 3.42703636 72.63 0 6
1 7.41564524 57.6445162 7.41564524 72.63 0 6
1 8.83065665 56.22950479 8.83065665 72.63 0 6
1 1.96919273 56.21108955 2.00980806 72.63 0 6
1 8.84907189 63.05035338 1.96919273 72.63 0 6
1 2.00980806 63.09096871 8.84907189 72.63 0 6
1 7.44387364 57.69862913 3.39431244 72.63 0 6
1 3.39431244 57.6162878 7.36153231 72.63 0 6
1 7.36153231 61.665849 7.44387364 72.63 0 6
1 1.98727637 63.07288507 1.98727637 72.63 0 6
1 8.79917782 63.05240481 8.88161598 72.63 0 6
1 2.00775663 56.17854546 8.79917782 72.63 0 6
1 8.88161598 56.26098362 2.00775663 72.63 0 6
1 5.39173326 56.93171022 0.00426232 72.63 0 5
1 0.00426232 59.66842818 8.12845122 72.63 0 5
1 8.12845122 65.05589912 5.39173326 72.63 0 5
1 8.79021852 59.68006391 4.16218801 72.63 0 7
1 2.03271179 59.66371417 4.17740494 72.63 0 7
1 4.16218801 56.26994292 5.38009753 72.63 0 7
1 4.17740494 63.02744965 5.39644727 72.63 0 7
1 5.39644727 60.8827565 2.03271179 72.63 0 7
1 5.38009753 60.89797343 8.79021852 72.63 0 7
1 0.01139655 57.61538716 1.23434108 72.63 0 7
1 -0.00392789 61.6997103 1.2289472 72.63 0 7
1 1.23434108 65.04876489 7.44477428 72.63 0 7
1 1.2289472 65.06408933 3.36045114 72.63 0 7
1 3.36045114 63.83121424 -0.00392789 72.63 0 7
1 7.44477428 63.82582036 0.01139655 72.63 0 7
2 3.42283216 61.63732928 3.42283216 69.723 0 3
2 5.40156596 62.35027674 0.00217458 69.723 0 2
2 0.00217458 59.65859548 2.7098847 69.723 0 2
2 2.7098847 65.05798686 5.40156596 69.723 0 2
2 2.0643375 59.6468221 6.71077364 69.723 0 4
2 8.74115136 59.67097823 6.75276861 69.723 0 4
2 6.75276861 56.31901008 5.38918321 69.723 0 4
2 6.71077364 62.99582394 5.41333934 69.723 0 4
2 5.38918321 58.30739283 8.74115136 69.723 0 4
2 5.41333934 58.3493878 2.0643375 69.723 0 4
2 0.01025814 57.55784706 9.49389418 69.723 0 4
2 10.83386373 61.73036004 9.53927701 69.723 0 4
2 9.53927701 54.22629771 3.3298014 69.723 0 4
2 9.49389418 65.0499033 7.50231438 69.723 0 4
2 3.3298014 55.52088443 10.83386373 69.723 0 4
2 7.50231438 55.56626726 0.01025814 69.723 0 4
0 5.42017447 59.63998697 16.26353471 137.327 0 0
0 10.82442911 54.23573233 21.66778935 137.327 0 0
0 -0.00812855 62.34671565 16.28030398 137.327 0 1
0 10.76567441 56.95705592 16.34049173 137.327 0 1
0 5.49713149 54.29448703 18.94646576 137.327 0 1
0 5.43694374 65.06828999 13.55680603 137.327 0 1
0 8.10310552 59.56302995 21.60903465 137.327 0 1
0 2.71344579 59.6232177 10.83523169 137.327 0 1
1 3.42934746 61.67742471 18.23077448 72.63 0 6
1 7.38741424 61.63081398 14.22609697 72.63 0 6
1 3.38273673 57.6727472 14.2727077 72.63 0 6
1 7.41795634 57.6422051 18.26131658 72.63 0 6
1 8.83296775 56.22719369 19.67632799 72.63 0 6
1 1.97150383 56.20877845 12.8554794 72.63 0 6
1 8.85138299 63.04804228 12.81486407 72.63 0 6
1 2.01211916 63.08865761 19.69474323 72.63 0 6
1 7.44618474 57.69631803 14.23998378 72.63 0 6
1 3.39662354 57.6139767 18.20720365 72.63 0 6
1 7.36384341 61.6635379 18.28954498 72.63 0 6
1 1.98958747 63.07057397 12.83294771 72.63 0 6
1 8.80148892 63.05009371 19.72728732 72.63 0 6
1 2.01006773 56.17623436 19.64484916 72.63 0 6
1 8.88392708 56.25867252 12.85342797 72.63 0 6
1 5.39404436 56.92939912 10.84993366 72.63 0 5
1 0.00657342 59.66611708 18.97412256 72.63 0 5
1 8.13076232 65.05358802 16.2374046 72.63 0 5
1 8.79252962 59.67775281 15.00785935 72.63 0 7
1 2.03502289 59.66140307 15.02307628 72.63 0 7
1 4.16449911 56.26763182 16.22576887 72.63 0 7
1 4.17971604 63.02513855 16.24211861 72.63 0 7
1 5.39875837 60.8804454 12.87838313 72.63 0 7
1 5.38240863 60.89566233 19.63588986 72.63 0 7
1 0.01370765 57.61307606 12.08001242 72.63 0 7
1 -0.00161679 61.6973992 12.07461854 72.63 0 7
1 1.23665218 65.04645379 18.29044562 72.63 0 7
1 1.2312583 65.06177823 14.20612248 72.63 0 7
1 3.36276224 63.82890314 10.84174345 72.63 0 7
1 7.44708538 63.82350926 10.85706789 72.63 0 7
2 3.42514326 61.63501818 14.2685035 69.723 0 3
2 5.40387706 62.34796564 10.84784592 69.723 0 2
2 0.00448568 59.65628438 13.55555604 69.723 0 2
2 2.7121958 65.05567576 16.2472373 69.723 0 2
2 2.0666486 59.644511 17.55644498 69.723 0 4
2 8.74346246 59.66866713 17.59843995 69.723 0 4
2 6.75507971 56.31669898 16.23485455 69.723 0 4
2 6.71308474 62.99351284 16.25901068 69.723 0 4
2 5.39149431 58.30508173 19.5868227 69.723 0 4
2 5.41565044 58.3470767 12.91000884 69.723 0 4
2 0.01256924 57.55553596 20.33956552 69.723 0 4
2 10.83617483 61.72804894 20.38494835 69.723 0 4
2 9.54158811 54.22398661 14.17547274 69.723 0 4
2 9.49620528 65.0475922 18.34798572 69.723 0 4
2 3.3321125 55.51857333 21.67953507 69.723 0 4
2 7.50462548 55.56395616 10.85592948 69.723 0 4
0 5.42248557 59.63767587 27.10920605 137.327 0 0
0 10.82674021 54.23342123 32.51346069 137.327 0 0
0 -0.00581745 62.34440455 27.12597532 137.327 0 1
0 10.76798551 56.95474482 27.18616307 137.327 0 1
0 5.49944259 54.29217593 29.7921371 137.327 0 1
0 5.43925484 65.06597889 24.40247737 137.327 0 1
0 8.10541662 59.56071885 32.45470599 137.327 0 1
0 2.71575689 59.6209066 21.68090303 137.327 0 1
1 3.43165856 61.67511361 29.07644582 72.63 0 6
1 7.38972534 61.62850288 25.07176831 72.63 0 6
1 3.38504783 57.6704361 25.11837904 72.63 0 6
1 7.42026744 57.639894 29.10698792 72.63 0 6
1 8.83527885 56.22488259 30.52199933 72.63 0 6
1 1.97381493 56.20646735 23.70115074 72.63 0 6
1 8.85369409 63.04573118 23.66053541 72.63 0 6
1 2.01443026 63.08634651 30.54041457 72.63 0 6
1 7.44849584 57.69400693 25.08565512 72.63 0 6
1 3.39893464 57.6116656 29.05287499 72.63 0 6
1 7.36615451 61.6612268 29.13521632 72.63 0 6
1 1.99189857 63.06826287 23.67861905 72.63 0 6
1 8.80380002 63.04778261 30.57295866 72.63 0 6
1 2.01237883 56.17392326 30.4905205 72.63 0 6
1 8.88623818 56.25636142 23.69909931 72.63 0 6
1 5.39635546 56.92708802 21.695605 72.63 0 5
1 0.00888452 59.66380598 29.8197939 72.63 0 5
1 8.13307342 65.05127692 27.08307594 72.63 0 5
1 8.79484072 59.67544171 25.85353069 72.63 0 7
1 2.03733399 59.65909197 25.86874762 72.63 0 7
1 4.16681021 56.26532072 27.07144021 72.63 0 7
1 4.18202714 63.02282745 27.08778995 72.63 0 7
1 5.40106947 60.8781343 23.72405447 72.63 0 7
1 5.38471973 60.89335123 30.4815612 72.63 0 7
1 0.01601875 57.61076496 22.92568376 72.63 0 7
1 0.00069431 61.6950881 22.92028988 72.63 0 7
1 1.23896328 65.04414269 29.13611696 72.63 0 7
1 1.2335694 65.05946713 25.05179382 72.63 0 7
1 3.36507334 63.82659204 21.68741479 72.63 0 7
1 7.44939648 63.82119816 21.70273923 72.63 0 7
2 3.42745436 61.63270708 25.11417484 69.723 0 3
2 5.40618816 62.34565454 21.69351726 69.723 0 2
2 0.00679678 59.65397328 24.40122738 69.723 0 2
2 2.7145069 65.05336466 27.09290864 69.723 0 2
2 2.0689597 59.6421999 28.40211632 69.723 0 4
2 8.74577356 59.66635603 28.44411129 69.723 0 4
2 6.75739081 56.31438788 27.08052589 69.723 0 4
2 6.71539584 62.99120174 27.10468202 69.723 0 4
2 5.39380541 58.30277063 30.43249404 69.723 0 4
2 5.41796154 58.3447656 23.75568018 69.723 0 4
2 0.01488034 57.55322486 31.18523686 69.723 0 4
2 10.83848593 61.72573784 31.23061969 69.723 0 4
2 9.54389921 54.22167551 25.02114408 69.723 0 4
2 9.49851638 65.0452811 29.19365706 69.723 0 4
2 3.3344236 55.51626223 32.52520641 69.723 0 4
2 7.50693658 55.56164506 21.70160082 69.723 0 4
0 5.42479667 59.63536477 37.95487739 137.327 0 0
0 10.82905131 54.23111013 43.35913203 137.327 0 0
0 -0.00350635 62.34209345 37.97164666 137.327 0 1
0 10.77029661 56.95243372 38.03183441 137.327 0 1
0 5.50175369 54.28986483 40.63780844 137.327 0 1
0 5.44156594 65.06366779 35.24814871 137.327 0 1
0 8.10772772 59.55840775 43.30037733 137.327 0 1
0 2.71806799 59.6185955 32.52657437 137.327 0 1
1 3.43396966 61.67280251 39.92211716 72.63 0 6
1 7.39203644 61.62619178 35.91743965 72.63 0 6
1 3.38735893 57.668125 35.96405038 72.63 0 6
1 7.42257854 57.6375829 39.95265926 72.63 0 6
1 8.83758995 56.22257149 41.36767067 72.63 0 6
1 1.97612603 56.20415625 34.54682208 72.63 0 6
1 8.85600519 63.04342008 34.50620675 72.63 0 6
1 2.01674136 63.08403541 41.38608591 72.63 0 6
1 7.45080694 57.69169583 35.93132646 72.63 0 6
1 3.40124574 57.6093545 39.89854633 72.63 0 6
1 7.36846561 61.6589157 39.98088766 72.63 0 6
1 1.99420967 63.06595177 34.52429039 72.63 0 6
1 8.80611112 63.04547151 41.41863 72.63 0 6
1 2.01468993 56.17161216 41.33619184 72.63 0 6
1 8.88854928 56.25405032 34.54477065 72.63 0 6
1 5.39866656 56.92477692 32.54127634 72.63 0 5
1 0.01119562 59.66149488 40.66546524 72.63 0 5
1 8.13538452 65.04896582 37.92874728 72.63 0 5
1 8.79715182 59.67313061 36.69920203 72.63 0 7
1 2.03964509 59.65678087 36.71441896 72.63 0 7
1 4.16912131 56.26300962 37.91711155 72.63 0 7
1 4.18433824 63.02051635 37.93346129 72.63 0 7
1 5.40338057 60.8758232 34.56972581 72.63 0 7
1 5.38703083 60.89104013 41.32723254 72.63 0 7
1 0.01832985 57.60845386 33.7713551 72.63 0 7
1 0.00300541 61.692777 33.76596122 72.63 0 7
1 1.24127438 65.04183159 39.9817883 72.63 0 7
1 1.2358805 65.05715603 35.89746516 72.63 0 7
1 3.36738444 63.82428094 32.53308613 72.63 0 7
1 7.45170758 63.81888706 32.54841057 72.63 0 7
2 3.42976546 61.63039598 35.95984618 69.723 0 3
2 5.40849926 62.34334344 32.5391886 69.723 0 2
2 0.00910788 59.65166218 35.24689872 69.723 0 2
2 2.716818 65.05105356 37.93857998 69.723 0 2
2 2.0712708 59.6398888 39.24778766 69.723 0 4
2 8.74808466 59.66404493 39.28978263 69.723 0 4
2 6.75970191 56.31207678 37.92619723 69.723 0 4
2 6.71770694 62.98889064 37.95035336 69.723 0 4
2 5.39611651 58.30045953 41.27816538 69.723 0 4
2 5.42027264 58.3424545 34.60135152 69.723 0 4
2 0.01719144 57.55091376 42.0309082 69.723 0 4
2 10.84079703 61.72342674 42.07629103 69.723 0 4
2 9.54621031 54.21936441 35.86681542 69.723 0 4
2 9.50082748 65.04297 40.0393284 69.723 0 4
2 3.3367347 55.51395113 43.37087775 69.723 0 4
2 7.50924768 55.55933396 32.54727216 69.723 0 4
0 5.42710777 59.63305367 48.80054873 137.327 0 0
0 10.83136241 54.22879903 54.20480337 137.327 0 0
0 -0.00119525 62.33978235 48.817318 137.327 0 1
0 10.77260771 56.95012262 48.87750575 137.327 0 1
0 5.50406479 54.28755373 51.48347978 137.327 0 1
0 5.44387704 65.06135669 46.09382005 137.327 0 1
0 8.11003882 59.55609665 54.14604867 137.327 0 1
0 2.72037909 59.6162844 43.37224571 137.327 0 1
1 3.43628076 61.67049141 50.7677885 72.63 0 6
1 7.39434754 61.62388068 46.76311099 72.63 0 6
1 3.38967003 57.6658139 46.80972172 72.63 0 6
1 7.42488964 57.6352718 50.7983306 72.63 0 6
1 8.83990105 56.22026039 52.21334201 72.63 0 6
1 1.97843713 56.20184515 45.39249342 72.63 0 6
1 8.85831629 63.04110898 45.35187809 72.63 0 6
1 2.01905246 63.08172431 52.23175725 72.63 0 6
1 7.45311804 57.68938473 46.7769978 72.63 0 6
1 3.40355684 57.6070434 50.74421767 72.63 0 6
1 7.37077671 61.6566046 50.826559 72.63 0 6
1 1.99652077 63.06364067 45.36996173 72.63 0 6
1 8.80842222 63.04316041 52.26430134 72.63 0 6
1 2.01700103 56.16930106 52.18186318 72.63 0 6
1 8.89086038 56.25173922 45.39044199 72.63 0 6
1 5.40097766 56.92246582 43.38694768 72.63 0 5
1 0.01350672 59.65918378 51.51113658 72.63 0 5
1 8.13769562 65.04665472 48.77441862 72.63 0 5
1 8.79946292 59.67081951 47.54487337 72.63 0 7
1 2.04195619 59.65446977 47.5600903 72.63 0 7
1 4.17143241 56.26069852 48.76278289 72.63 0 7
1 4.18664934 63.01820525 48.77913263 72.63 0 7
1 5.40569167 60.8735121 45.41539715 72.63 0 7
1 5.38934193 60.88872903 52.17290388 72.63 0 7
1 0.02064095 57.60614276 44.61702644 72.63 0 7
1 0.00531651 61.6904659 44.61163256 72.63 0 7
1 1.24358548 65.03952049 50.82745964 72.63 0 7
1 1.2381916 65.05484493 46.7431365 72.63 0 7
1 3.36969554 63.82196984 43.37875747 72.63 0 7
1 7.45401868 63.81657596 43.39408191 72.63 0 7
2 3.43207656 61.62808488 46.80551752 69.723 0 3
2 5.41081036 62.34103234 43.38485994 69.723 0 2
2 0.01141898 59.64935108 46.09257006 69.723 0 2
2 2.7191291 65.04874246 48.78425132 69.723 0 2
2 2.0735819 59.6375777 50.093459 69.723 0 4
2 8.75039576 59.66173383 50.13545397 69.723 0 4
2 6.76201301 56.30976568 48.77186857 69.723 0 4
2 6.72001804 62.98657954 48.7960247 69.723 0 4
2 5.39842761 58.29814843 52.12383672 69.723 0 4
2 5.42258374 58.3401434 45.44702286 69.723 0 4
2 0.01950254 57.54860266 52.87657954 69.723 0 4
2 10.84310813 61.72111564 52.92196237 69.723 0 4
2 9.54852141 54.21705331 46.71248676 69.723 0 4
2 9.50313858 65.0406589 50.88499974 69.723 0 4
2 3.3390458 55.51164003 54.21654909 69.723 0 4
2 7.51155878 55.55702286 43.3929435 69.723 0 4
0 5.42941887 59.63074257 59.64622007 137.327 0 0
0 10.83367351 54.22648793 65.05047471 137.327 0 0
0 0.00111585 62.33747125 59.66298934 137.327 0 1
0 10.77491881 56.94781152 59.72317709 137.327 0 1
0 5.50637589 54.28524263 62.32915112 137.327 0 1
0 5.44618814 65.05904559 56.93949139 137.327 0 1
0 8.11234992 59.55378555 64.99172001 137.327 0 1
0 2.72269019 59.6139733 54.21791705 137.327 0 1
1 3.43859186 61.66818031 61.61345984 72.63 0 6
1 7.39665864 61.62156958 57.60878233 72.63 0 6
1 3.39198113 57.6635028 57.65539306 72.63 0 6
1 7.42720074 57.6329607 61.64400194 72.63 0 6
1 8.84221215 56.21794929 63.05901335 72.63 0 6
1 1.98074823 56.19953405 56.23816476 72.63 0 6
1 8.86062739 63.03879788 56.19754943 72.63 0 6
1 2.02136356 63.07941321 63.07742859 72.63 0 6
1 7.45542914 57.68707363 57.62266914 72.63 0 6
1 3.40586794 57.6047323 61.58988901 72.63 0 6
1 7.37308781 61.6542935 61.67223034 72.63 0 6
1 1.99883187 63.06132957 56.21563307 72.63 0 6
1 8.81073332 63.04084931 63.10997268 72.63 0 6
1 2.01931213 56.16698996 63.02753452 72.63 0 6
1 8.89317148 56.24942812 56.23611333 72.63 0 6
1 5.40328876 56.92015472 54.23261902 72.63 0 5
1 0.01581782 59.65687268 62.35680792 72.63 0 5
1 8.14000672 65.04434362 59.62008996 72.63 0 5
1 8.80177402 59.66850841 58.39054471 72.63 0 7
1 2.04426729 59.65215867 58.40576164 72.63 0 7
1 4.17374351 56.25838742 59.60845423 72.63 0 7
1 4.18896044 63.01589415 59.62480397 72.63 0 7
1 5.40800277 60.871201 56.26106849 72.63 0 7
1 5.39165303 60.88641793 63.01857522 72.63 0 7
1 0.02295205 57.60383166 55.46269778 72.63 0 7
1 0.00762761 61.6881548 55.4573039 72.63 0 7
1 1.24589658 65.03720939 61.67313098 72.63 0 7
1 1.2405027 65.05253383 57.58880784 72.63 0 7
1 3.37200664 63.81965874 54.22442881 72.63 0 7
1 7.45632978 63.81426486 54.23975325 72.63 0 7
2 3.43438766 61.62577378 57.65118886 69.723 0 3
2 5.41312146 62.33872124 54.23053128 69.723 0 2
2 0.01373008 59.64703998 56.9382414 69.723 0 2
2 2.7214402 65.04643136 59.62992266 69.723 0 2
2 2.075893 59.6352666 60.93913034 69.723 0 4
2 8.75270686 59.65942273 60.98112531 69.723 0 4
2 6.76432411 56.30745458 59.61753991 69.723 0 4
2 6.72232914 62.98426844 59.64169604 69.723 0 4
2 5.40073871 58.29583733 62.96950806 69.723 0 4
2 5.42489484 58.3378323 56.2926942 69.723 0 4
2 0.02181364 57.54629156 63.72225088 69.723 0 4
2 10.84541923 61.71880454 63.76763371 69.723 0 4
2 9.55083251 54.21474221 57.5581581 69.723 0 4
2 9.50544968 65.0383478 61.73067108 69.723 0 4
2 3.3413569 55.50932893 65.06222043 69.723 0 4
2 7.51386988 55.55471176 54.23861484 69.723 0 4
0 16.27509021 5.41163027 5.43172997 137.327 0 0
0 21.67934485 0.00737563 10.83598461 137.327 0 0
0 10.84678719 8.11835895 5.44849924 137.327 0 1
0 21.62059015 2.72869922 5.50868699 137.327 0 1
0 16.35204723 0.06613033 8.11466102 137.327 0 1
0 16.29185948 10.83993329 2.72500129 137.327 0 1
0 18.95802126 5.33467325 10.77722991 137.327 0 1
0 13.56836153 5.394861 0.00342695 137.327 0 1
1 14.2842632 7.44906801 7.39896974 72.63 0 6
1 18.24232998 7.40245728 3.39429223 72.63 0 6
1 14.23765247 3.4443905 3.44090296 72.63 0 6
1 18.27287208 3.4138484 7.42951184 72.63 0 6
1 19.68788349 1.99883699 8.84452325 72.63 0 6
1 12.82641957 1.98042175 2.02367466 72.63 0 6
1 19.70629873 8.81968558 1.98305933 72.63 0 6
1 12.8670349 8.86030091 8.86293849 72.63 0 6
1 18.30110048 3.46796133 3.40817904 72.63 0 6
1 14.25153928 3.38562 7.37539891 72.63 0 6
1 18.21875915 7.4351812 7.45774024 72.63 0 6
1 12.84450321 8.84221727 2.00114297 72.63 0 6
1 19.65640466 8.82173701 8.89548258 72.63 0 6
1 12.86498347 1.94787766 8.81304442 72.63 0 6
1 19.73884282 2.03031582 2.02162323 72.63 0 6
1 16.2489601 2.70104242 0.01812892 72.63 0 5
1 10.86148916 5.43776038 8.14231782 72.63 0 5
1 18.98567806 10.82523132 5.40559986 72.63 0 5
1 19.64744536 5.44939611 4.17605461 72.63 0 7
1 12.88993863 5.43304637 4.19127154 72.63 0 7
1 15.01941485 2.03927512 5.39396413 72.63 0 7
1 15.03463178 8.79678185 5.41031387 72.63 0 7
1 16.25367411 6.6520887 2.04657839 72.63 0 7
1 16.23732437 6.66730563 8.80408512 72.63 0 7
1 10.86862339 3.38471936 1.24820768 72.63 0 7
1 10.85329895 7.4690425 1.2428138 72.63 0 7
1 12.09156792 10.81809709 7.45864088 72.63 0 7
1 12.08617404 10.83342153 3.37431774 72.63 0 7
1 14.21767798 9.60054644 0.00993871 72.63 0 7
1 18.30200112 9.59515256 0.02526315 72.63 0 7
2 14.280059 7.40666148 3.43669876 69.723 0 3
2 16.2587928 8.11960894 0.01604118 69.723 0 2
2 10.85940142 5.42792768 2.7237513 69.723 0 2
2 13.56711154 10.82731906 5.41543256 69.723 0 2
2 12.92156434 5.4161543 6.72464024 69.723 0 4
2 19.5983782 5.44031043 6.76663521 69.723 0 4
2 17.60999545 2.08834228 5.40304981 69.723 0 4
2 17.56800048 8.76515614 5.42720594 69.723 0 4
2 16.24641005 4.07672503 8.75501796 69.723 0 4
2 16.27056618 4.11872 2.0782041 69.723 0 4
2 10.86748498 3.32717926 9.50776078 69.723 0 4
2 21.69109057 7.49969224 9.55314361 69.723 0 4
2 20.39650385 -0.00437009 3.343668 69.723 0 4
2 20.35112102 10.8192355 7.51618098 69.723 0 4
2 14.18702824 1.29021663 10.84773033 69.723 0 4
2 18.35954122 1.33559946 0.02412474 69.723 0 4
0 16.27740131 5.40931917 16.27740131 137.327 0 0
0 21.68165595 0.00506453 21.68165595 137.327 0 0
0 10.84909829 8.11604785 16.29417058 137.327 0 1
0 21.62290125 2.72638812 16.35435833 137.327 0 1
0 16.35435833 0.06381923 18.96033236 137.327 0 1
0 16.29417058 10.83762219 13.57067263 137.327 0 1
0 18.96033236 5.33236215 21.62290125 137.327 0 1
0 13.57067263 5.3925499 10.84909829 137.327 0 1
1 14.2865743 7.44675691 18.24464108 72.63 0 6
1 18.24464108 7.40014618 14.23996357 72.63 0 6
1 14.23996357 3.4420794 14.2865743 72.63 0 6
1 18.27518318 3.4115373 18.27518318 72.63 0 6
1 19.69019459 1.99652589 19.69019459 72.63 0 6
1 12.82873067 1.97811065 12.869346 72.63 0 6
1 19.70860983 8.81737448 12.82873067 72.63 0 6
1 12.869346 8.85798981 19.70860983 72.63 0 6
1 18.30341158 3.46565023 14.25385038 72.63 0 6
1 14.25385038 3.3833089 18.22107025 72.63 0 6
1 18.22107025 7.4328701 18.30341158 72.63 0 6
1 12.84681431 8.83990617 12.84681431 72.63 0 6
1 19.65871576 8.81942591 19.74115392 72.63 0 6
1 12.86729457 1.94556656 19.65871576 72.63 0 6
1 19.74115392 2.02800472 12.86729457 72.63 0 6
1 16.2512712 2.69873132 10.86380026 72.63 0 5
1 10.86380026 5.43544928 18.98798916 72.63 0 5
1 18.98798916 10.82292022 16.2512712 72.63 0 5
1 19.64975646 5.44708501 15.02172595 72.63 0 7
1 12.89224973 5.43073527 15.03694288 72.63 0 7
1 15.02172595 2.03696402 16.23963547 72.63 0 7
1 15.03694288 8.79447075 16.25598521 72.63 0 7
1 16.25598521 6.6497776 12.89224973 72.63 0 7
1 16.23963547 6.66499453 19.64975646 72.63 0 7
1 10.87093449 3.38240826 12.09387902 72.63 0 7
1 10.85561005 7.4667314 12.08848514 72.63 0 7
1 12.09387902 10.81578599 18.30431222 72.63 0 7
1 12.08848514 10.83111043 14.21998908 72.63 0 7
1 14.21998908 9.59823534 10.85561005 72.63 0 7
1 18.30431222 9.59284146 10.87093449 72.63 0 7
2 14.2823701 7.40435038 14.2823701 69.723 0 3
2 16.2611039 8.11729784 10.86171252 69.723 0 2
2 10.86171252 5.42561658 13.56942264 69.723 0 2
2 13.56942264 10.82500796 16.2611039 69.723 0 2
2 12.92387544 5.4138432 17.57031158 69.723 0 4
2 19.6006893 5.43799933 17.61230655 69.723 0 4
2 17.61230655 2.08603118 16.24872115 69.723 0 4
2 17.57031158 8.76284504 16.27287728 69.723 0 4
2 16.24872115 4.07441393 19.6006893 69.723 0 4
2 16.27287728 4.1164089 12.92387544 69.723 0 4
2 10.86979608 3.32486816 20.35343212 69.723 0 4
2 21.69340167 7.49738114 20.39881495 69.723 0 4
2 20.39881495 -0.00668119 14.18933934 69.723 0 4
2 20.35343212 10.8169244 18.36185232 69.723 0 4
2 14.18933934 1.28790553 21.69340167 69.723 0 4
2 18.36185232 1.33328836 10.86979608 69.723 0 4
0 16.27971241 5.40700807 27.12307265 137.327 0 0
0 21.68396705 0.00275343 32.52732729 137.327 0 0
0 10.85140939 8.11373675 27.13984192 137.327 0 1
0 21.62521235 2.72407702 27.20002967 137.327 0 1
0 16.35666943 0.06150813 29.8060037 137.327 0 1
0 16.29648168 10.83531109 24.41634397 137.327 0 1
0 18.96264346 5.33005105 32.46857259 137.327 0 1
0 13.57298373 5.3902388 21.69476963 137.327 0 1
1 14.2888854 7.44444581 29.09031242 72.63 0 6
1 18.24695218 7.39783508 25.08563491 72.63 0 6
1 14.24227467 3.4397683 25.13224564 72.63 0 6
1 18.27749428 3.4092262 29.12085452 72.63 0 6
1 19.69250569 1.99421479 30.53586593 72.63 0 6
1 12.83104177 1.97579955 23.71501734 72.63 0 6
1 19.71092093 8.81506338 23.67440201 72.63 0 6
1 12.8716571 8.85567871 30.55428117 72.63 0 6
1 18.30572268 3.46333913 25.09952172 72.63 0 6
1 14.25616148 3.3809978 29.06674159 72.63 0 6
1 18.22338135 7.430559 29.14908292 72.63 0 6
1 12.84912541 8.83759507 23.69248565 72.63 0 6
1 19.66102686 8.81711481 30.58682526 72.63 0 6
1 12.86960567 1.94325546 30.5043871 72.63 0 6
1 19.74346502 2.02569362 23.71296591 72.63 0 6
1 16.2535823 2.69642022 21.7094716 72.63 0 5
1 10.86611136 5.43313818 29.8336605 72.63 0 5
1 18.99030026 10.82060912 27.09694254 72.63 0 5
1 19.65206756 5.44477391 25.86739729 72.63 0 7
1 12.89456083 5.42842417 25.88261422 72.63 0 7
1 15.02403705 2.03465292 27.08530681 72.63 0 7
1 15.03925398 8.79215965 27.10165655 72.63 0 7
1 16.25829631 6.6474665 23.73792107 72.63 0 7
1 16.24194657 6.66268343 30.4954278 72.63 0 7
1 10.87324559 3.38009716 22.93955036 72.63 0 7
1 10.85792115 7.4644203 22.93415648 72.63 0 7
1 12.09619012 10.81347489 29.14998356 72.63 0 7
1 12.09079624 10.82879933 25.06566042 72.63 0 7
1 14.22230018 9.59592424 21.70128139 72.63 0 7
1 18.30662332 9.59053036 21.71660583 72.63 0 7
2 14.2846812 7.40203928 25.12804144 69.723 0 3
2 16.263415 8.11498674 21.70738386 69.723 0 2
2 10.86402362 5.42330548 24.41509398 69.723 0 2
2 13.57173374 10.82269686 27.10677524 69.723 0 2
2 12.92618654 5.4115321 28.41598292 69.723 0 4
2 19.6030004 5.43568823 28.45797789 69.723 0 4
2 17.61461765 2.08372008 27.09439249 69.723 0 4
2 17.57262268 8.76053394 27.11854862 69.723 0 4
2 16.25103225 4.07210283 30.44636064 69.723 0 4
2 16.27518838 4.1140978 23.76954678 69.723 0 4
2 10.87210718 3.32255706 31.19910346 69.723 0 4
2 21.69571277 7.49507004 31.24448629 69.723 0 4
2 20.40112605 -0.00899229 25.03501068 69.723 0 4
2 20.35574322 10.8146133 29.20752366 69.723 0 4
2 14.19165044 1.28559443 32.53907301 69.723 0 4
2 18.36416342 1.33097726 21.71546742 69.723 0 4
0 16.28202351 5.40469697 37.96874399 137.327 0 0
0 21.68627815 0.00044233 43.37299863 137.327 0 0
0 10.85372049 8.11142565 37.98551326 137.327 0 1
0 21.62752345 2.72176592 38.04570101 137.327 0 1
0 16.35898053 0.05919703 40.65167504 137.327 0 1
0 16.29879278 10.83299999 35.26201531 137.327 0 1
0 18.96495456 5.32773995 43.31424393 137.327 0 1
0 13.57529483 5.3879277 32.54044097 137.327 0 1
1 14.2911965 7.44213471 39.93598376 72.63 0 6
1 18.24926328 7.39552398 35.93130625 72.63 0 6
1 14.24458577 3.4374572 35.97791698 72.63 0 6
1 18.27980538 3.4069151 39.96652586 72.63 0 6
1 19.69481679 1.99190369 41.38153727 72.63 0 6
1 12.83335287 1.97348845 34.56068868 72.63 0 6
1 19.71323203 8.81275228 34.52007335 72.63 0 6
1 12.8739682 8.85336761 41.39995251 72.63 0 6
1 18.30803378 3.46102803 35.94519306 72.63 0 6
1 14.25847258 3.3786867 39.91241293 72.63 0 6
1 18.22569245 7.4282479 39.99475426 72.63 0 6
1 12.85143651 8.83528397 34.53815699 72.63 0 6
1 19.66333796 8.81480371 41.4324966 72.63 0 6
1 12.87191677 1.94094436 41.35005844 72.63 0 6
1 19.74577612 2.02338252 34.55863725 72.63 0 6
1 16.2558934 2.69410912 32.55514294 72.63 0 5
1 10.86842246 5.43082708 40.67933184 72.63 0 5
1 18.99261136 10.81829802 37.94261388 72.63 0 5
1 19.65437866 5.44246281 36.71306863 72.63 0 7
1 12.89687193 5.42611307 36.72828556 72.63 0 7
1 15.02634815 2.03234182 37.93097815 72.63 0 7
1 15.04156508 8.78984855 37.94732789 72.63 0 7
1 16.26060741 6.6451554 34.58359241 72.63 0 7
1 16.24425767 6.66037233 41.34109914 72.63 0 7
1 10.87555669 3.37778606 33.7852217 72.63 0 7
1 10.86023225 7.4621092 33.77982782 72.63 0 7
1 12.09850122 10.81116379 39.9956549 72.63 0 7
1 12.09310734 10.82648823 35.91133176 72.63 0 7
1 14.22461128 9.59361314 32.54695273 72.63 0 7
1 18.30893442 9.58821926 32.56227717 72.63 0 7
2 14.2869923 7.39972818 35.97371278 69.723 0 3
2 16.2657261 8.11267564 32.5530552 69.723 0 2
2 10.86633472 5.42099438 35.26076532 69.723 0 2
2 13.57404484 10.82038576 37.95244658 69.723 0 2
2 12.92849764 5.409221 39.26165426 69.723 0 4
2 19.6053115 5.43337713 39.30364923 69.723 0 4
2 17.61692875 2.08140898 37.94006383 69.723 0 4
2 17.57493378 8.75822284 37.96421996 69.723 0 4
2 16.25334335 4.06979173 41.29203198 69.723 0 4
2 16.27749948 4.1117867 34.61521812 69.723 0 4
2 10.87441828 3.32024596 42.0447748 69.723 0 4
2 21.69802387 7.49275894 42.09015763 69.723 0 4
2 20.40343715 -0.01130339 35.88068202 69.723 0 4
2 20.35805432 10.8123022 40.053195 69.723 0 4
2 14.19396154 1.28328333 43.38474435 69.723 0 4
2 18.36647452 1.32866616 32.56113876 69.723 0 4
0 16.28433461 5.40238587 48.81441533 137.327 0 0
0 21.68858925 -0.00186877 54.21866997 137.327 0 0
0 10.85603159 8.10911455 48.8311846 137.327 0 1
0 21.62983455 2.71945482 48.89137235 137.327 0 1
0 16.36129163 0.05688593 51.49734638 137.327 0 1
0 16.30110388 10.83068889 46.10768665 137.327 0 1
0 18.96726566 5.32542885 54.15991527 137.327 0 1
0 13.57760593 5.3856166 43.38611231 137.327 0 1
1 14.2935076 7.43982361 50.7816551 72.63 0 6
1 18.25157438 7.39321288 46.77697759 72.63 0 6
1 14.24689687 3.4351461 46.82358832 72.63 0 6
1 18.28211648 3.404604 50.8121972 72.63 0 6
1 19.69712789 1.98959259 52.22720861 72.63 0 6
1 12.83566397 1.97117735 45.40636002 72.63 0 6
1 19.71554313 8.81044118 45.36574469 72.63 0 6
1 12.8762793 8.85105651 52.24562385 72.63 0 6
1 18.31034488 3.45871693 46.7908644 72.63 0 6
1 14.26078368 3.3763756 50.75808427 72.63 0 6
1 18.22800355 7.4259368 50.8404256 72.63 0 6
1 12.85374761 8.83297287 45.38382833 72.63 0 6
1 19.66564906 8.81249261 52.27816794 72.63 0 6
1 12.87422787 1.93863326 52.19572978 72.63 0 6
1 19.74808722 2.02107142 45.40430859 72.63 0 6
1 16.2582045 2.69179802 43.40081428 72.63 0 5
1 10.87073356 5.42851598 51.52500318 72.63 0 5
1 18.99492246 10.81598692 48.78828522 72.63 0 5
1 19.65668976 5.44015171 47.55873997 72.63 0 7
1 12.89918303 5.42380197 47.5739569 72.63 0 7
1 15.02865925 2.03003072 48.77664949 72.63 0 7
1 15.04387618 8.78753745 48.79299923 72.63 0 7
1 16.26291851 6.6428443 45.42926375 72.63 0 7
1 16.24656877 6.65806123 52.18677048 72.63 0 7
1 10.87786779 3.37547496 44.63089304 72.63 0 7
1 10.86254335 7.4597981 44.62549916 72.63 0 7
1 12.10081232 10.80885269 50.84132624 72.63 0 7
1 12.09541844 10.82417713 46.7570031 72.63 0 7
1 14.22692238 9.59130204 43.39262407 72.63 0 7
1 18.31124552 9.58590816 43.40794851 72.63 0 7
2 14.2893034 7.39741708 46.81938412 69.723 0 3
2 16.2680372 8.11036454 43.39872654 69.723 0 2
2 10.86864582 5.41868328 46.10643666 69.723 0 2
2 13.57635594 10.81807466 48.79811792 69.723 0 2
2 12.93080874 5.4069099 50.1073256 69.723 0 4
2 19.6076226 5.43106603 50.14932057 69.723 0 4
2 17.61923985 2.07909788 48.78573517 69.723 0 4
2 17.57724488 8.75591174 48.8098913 69.723 0 4
2 16.25565445 4.06748063 52.13770332 69.723 0 4
2 16.27981058 4.1094756 45.46088946 69.723 0 4
2 10.87672938 3.31793486 52.89044614 69.723 0 4
2 21.70033497 7.49044784 52.93582897 69.723 0 4
2 20.40574825 -0.01361449 46.72635336 69.723 0 4
2 20.36036542 10.8099911 50.89886634 69.723 0 4
2 14.19627264 1.28097223 54.23041569 69.723 0 4
2 18.36878562 1.32635506 43.4068101 69.723 0 4
0 16.28664571 5.40007477 59.66008667 137.327 0 0
0 21.69090035 -0.00417987 65.06434131 137.327 0 0
0 10.85834269 8.10680345 59.67685594 137.327 0 1
0 21.63214565 2.71714372 59.73704369 137.327 0 1
0 16.36360273 0.05457483 62.34301772 137.327 0 1
0 16.30341498 10.82837779 56.95335799 137.327 0 1
0 18.96957676 5.32311775 65.00558661 137.327 0 1
0 13.57991703 5.3833055 54.23178365 137.327 0 1
1 14.2958187 7.43751251 61.62732644 72.63 0 6
1 18.25388548 7.39090178 57.62264893 72.63 0 6
1 14.24920797 3.432835 57.66925966 72.63 0 6
1 18.28442758 3.4022929 61.65786854 72.63 0 6
1 19.69943899 1.98728149 63.07287995 72.63 0 6
1 12.83797507 1.96886625 56.25203136 72.63 0 6
1 19.71785423 8.80813008 56.21141603 72.63 0 6
1 12.8785904 8.84874541 63.09129519 72.63 0 6
1 18.31265598 3.45640583 57.63653574 72.63 0 6
1 14.26309478 3.3740645 61.60375561 72.63 0 6
1 18.23031465 7.4236257 61.68609694 72.63 0 6
1 12.85605871 8.83066177 56.22949967 72.63 0 6
1 19.66796016 8.81018151 63.12383928 72.63 0 6
1 12.87653897 1.93632216 63.04140112 72.63 0 6
1 19.75039832 2.01876032 56.24997993 72.63 0 6
1 16.2605156 2.68948692 54.24648562 72.63 0 5
1 10.87304466 5.42620488 62.37067452 72.63 0 5
1 18.99723356 10.81367582 59.63395656 72.63 0 5
1 19.65900086 5.43784061 58.40441131 72.63 0 7
1 12.90149413 5.42149087 58.41962824 72.63 0 7
1 15.03097035 2.02771962 59.62232083 72.63 0 7
1 15.04618728 8.78522635 59.63867057 72.63 0 7
1 16.26522961 6.6405332 56.27493509 72.63 0 7
1 16.24887987 6.65575013 63.03244182 72.63 0 7
1 10.88017889 3.37316386 55.47656438 72.63 0 7
1 10.86485445 7.457487 55.4711705 72.63 0 7
1 12.10312342 10.80654159 61.68699758 72.63 0 7
1 12.09772954 10.82186603 57.60267444 72.63 0 7
1 14.22923348 9.58899094 54.23829541 72.63 0 7
1 18.31355662 9.58359706 54.25361985 72.63 0 7
2 14.2916145 7.39510598 57.66505546 69.723 0 3
2 16.2703483 8.10805344 54.24439788 69.723 0 2
2 10.87095692 5.41637218 56.952108 69.723 0 2
2 13.57866704 10.81576356 59.64378926 69.723 0 2
2 12.93311984 5.4045988 60.95299694 69.723 0 4
2 19.6099337 5.42875493 60.99499191 69.723 0 4
2 17.62155095 2.07678678 59.63140651 69.723 0 4
2 17.57955598 8.75360064 59.65556264 69.723 0 4
2 16.25796555 4.06516953 62.98337466 69.723 0 4
2 16.28212168 4.1071645 56.3065608 69.723 0 4
2 10.87904048 3.31562376 63.73611748 69.723 0 4
2 21.70264607 7.48813674 63.78150031 69.723 0 4
2 20.40805935 -0.01592559 57.5720247 69.723 0 4
2 20.36267652 10.80768 61.74453768 69.723 0 4
2 14.19858374 1.27866113 65.07608703 69.723 0 4
2 18.37109672 1.32404396 54.25248144 69.723 0 4
0 16.27277911 16.25730161 5.42941887 137.327 0 0
0 21.67703375 10.85304697 10.83367351 137.327 0 0
0 10.84447609 18.96403029 5.44618814 137.327 0 1
0 21.61827905 13.57437056 5.50637589 137.327 0 1
0 16.34973613 10.91180167 8.11234992 137.327 0 1
0 16.28954838 21.68560463 2.72269019 137.327 0 1
0 18.95571016 16.18034459 10.77491881 137.327 0 1
0 13.56605043 16.24053234 0.00111585 137.327 0 1
1 14.2819521 18.29473935 7.39665864 72.63 0 6
1 18.24001888 18.24812862 3.39198113 72.63 0 6
1 14.23534137 14.29006184 3.43859186 72.63 0 6
1 18.27056098 14.25951974 7.42720074 72.63 0 6
1 19.68557239 12.84450833 8.84221215 72.63 0 6
1 12.82410847 12.82609309 2.02136356 72.63 0 6
1 19.70398763 19.66535692 1.98074823 72.63 0 6
1 12.8647238 19.70597225 8.86062739 72.63 0 6
1 18.29878938 14.31363267 3.40586794 72.63 0 6
1 14.24922818 14.23129134 7.37308781 72.63 0 6
1 18.21644805 18.28085254 7.45542914 72.63 0 6
1 12.84219211 19.68788861 1.99883187 72.63 0 6
1 19.65409356 19.66740835 8.89317148 72.63 0 6
1 12.86267237 12.793549 8.81073332 72.63 0 6
1 19.73653172 12.87598716 2.01931213 72.63 0 6
1 16.246649 13.54671376 0.01581782 72.63 0 5
1 10.85917806 16.28343172 8.14000672 72.63 0 5
1 18.98336696 21.67090266 5.40328876 72.63 0 5
1 19.64513426 16.29506745 4.17374351 72.63 0 7
1 12.88762753 16.27871771 4.18896044 72.63 0 7
1 15.01710375 12.88494646 5.39165303 72.63 0 7
1 15.03232068 19.64245319 5.40800277 72.63 0 7
1 16.25136301 17.49776004 2.04426729 72.63 0 7
1 16.23501327 17.51297697 8.80177402 72.63 0 7
1 10.86631229 14.2303907 1.24589658 72.63 0 7
1 10.85098785 18.31471384 1.2405027 72.63 0 7
1 12.08925682 21.66376843 7.45632978 72.63 0 7
1 12.08386294 21.67909287 3.37200664 72.63 0 7
1 14.21536688 20.44621778 0.00762761 72.63 0 7
1 18.29969002 20.4408239 0.02295205 72.63 0 7
2 14.2777479 18.25233282 3.43438766 69.723 0 3
2 16.2564817 18.96528028 0.01373008 69.723 0 2
2 10.85709032 16.27359902 2.7214402 69.723 0 2
2 13.56480044 21.6729904 5.41312146 69.723 0 2
2 12.91925324 16.26182564 6.72232914 69.723 0 4
2 19.5960671 16.28598177 6.76432411 69.723 0 4
2 17.60768435 12.93401362 5.40073871 69.723 0 4
2 17.56568938 19.61082748 5.42489484 69.723 0 4
2 16.24409895 14.92239637 8.75270686 69.723 0 4
2 16.26825508 14.96439134 2.075893 69.723 0 4
2 10.86517388 14.1728506 9.50544968 69.723 0 4
2 21.68877947 18.34536358 9.55083251 69.723 0 4
2 20.39419275 10.84130125 3.3413569 69.723 0 4
2 20.34880992 21.66490684 7.51386988 69.723 0 4
2 14.18471714 12.13588797 10.84541923 69.723 0 4
2 18.35723012 12.1812708 0.02181364 69.723 0 4
0 16.27509021 16.25499051 16.27509021 137.327 0 0
0 21.67934485 10.85073587 21.67934485 137.327 0 0
0 10.84678719 18.96171919 16.29185948 137.327 0 1
0 21.62059015 13.57205946 16.35204723 137.327 0 1
0 16.35204723 10.90949057 18.95802126 137.327 0 1
0 16.29185948 21.68329353 13.56836153 137.327 0 1
0 18.95802126 16.17803349 21.62059015 137.327 0 1
0 13.56836153 16.23822124 10.84678719 137.327 0 1
1 14.2842632 18.29242825 18.24232998 72.63 0 6
1 18.24232998 18.24581752 14.23765247 72.63 0 6
1 14.23765247 14.28775074 14.2842632 72.63 0 6
1 18.27287208 14.25720864 18.27287208 72.63 0 6
1 19.68788349 12.84219723 19.68788349 72.63 0 6
1 12.82641957 12.82378199 12.8670349 72.63 0 6
1 19.70629873 19.66304582 12.82641957 72.63 0 6
1 12.8670349 19.70366115 19.70629873 72.63 0 6
1 18.30110048 14.31132157 14.25153928 72.63 0 6
1 14.25153928 14.22898024 18.21875915 72.63 0 6
1 18.21875915 18.27854144 18.30110048 72.63 0 6
1 12.84450321 19.68557751 12.84450321 72.63 0 6
1 19.65640466 19.66509725 19.73884282 72.63 0 6
1 12.86498347 12.7912379 19.65640466 72.63 0 6
1 19.73884282 12.87367606 12.86498347 72.63 0 6
1 16.2489601 13.54440266 10.86148916 72.63 0 5
1 10.86148916 16.28112062 18.98567806 72.63 0 5
1 18.98567806 21.66859156 16.2489601 72.63 0 5
1 19.64744536 16.29275635 15.01941485 72.63 0 7
1 12.88993863 16.27640661 15.03463178 72.63 0 7
1 15.01941485 12.88263536 16.23732437 72.63 0 7
1 15.03463178 19.64014209 16.25367411 72.63 0 7
1 16.25367411 17.49544894 12.88993863 72.63 0 7
1 16.23732437 17.51066587 19.64744536 72.63 0 7
1 10.86862339 14.2280796 12.09156792 72.63 0 7
1 10.85329895 18.31240274 12.08617404 72.63 0 7
1 12.09156792 21.66145733 18.30200112 72.63 0 7
1 12.08617404 21.67678177 14.21767798 72.63 0 7
1 14.21767798 20.44390668 10.85329895 72.63 0 7
1 18.30200112 20.4385128 10.86862339 72.63 0 7
2 14.280059 18.25002172 14.280059 69.723 0 3
2 16.2587928 18.96296918 10.85940142 69.723 0 2
2 10.85940142 16.27128792 13.56711154 69.723 0 2
2 13.56711154 21.6706793 16.2587928 69.723 0 2
2 12.92156434 16.25951454 17.56800048 69.723 0 4
2 19.5983782 16.28367067 17.60999545 69.723 0 4
2 17.60999545 12.93170252 16.24641005 69.723 0 4
2 17.56800048 19.60851638 16.27056618 69.723 0 4
2 16.24641005 14.92008527 19.5983782 69.723 0 4
2 16.27056618 14.96208024 12.92156434 69.723 0 4
2 10.86748498 14.1705395 20.35112102 69.723 0 4
2 21.69109057 18.34305248 20.39650385 69.723 0 4
2 20.39650385 10.83899015 14.18702824 69.723 0 4
2 20.35112102 21.66259574 18.35954122 69.723 0 4
2 14.18702824 12.13357687 21.69109057 69.723 0 4
2 18.35954122 12.1789597 10.86748498 69.723 0 4
0 16.27740131 16.25267941 27.12076155 137.327 0 0
0 21.68165595 10.84842477 32.52501619 137.327 0 0
0 10.84909829 18.95940809 27.13753082 137.327 0 1
0 21.62290125 13.56974836 27.19771857 137.327 0 1
0 16.35435833 10.90717947 29.8036926 137.327 0 1
0 16.29417058 21.68098243 24.41403287 137.327 0 1
0 18.96033236 16.17572239 32.46626149 137.327 0 1
0 13.57067263 16.23591014 21.69245853 137.327 0 1
1 14.2865743 18.29011715 29.08800132 72.63 0 6
1 18.24464108 18.24350642 25.08332381 72.63 0 6
1 14.23996357 14.28543964 25.12993454 72.63 0 6
1 18.27518318 14.25489754 29.11854342 72.63 0 6
1 19.69019459 12.83988613 30.53355483 72.63 0 6
1 12.82873067 12.82147089 23.71270624 72.63 0 6
1 19.70860983 19.66073472 23.67209091 72.63 0 6
1 12.869346 19.70135005 30.55197007 72.63 0 6
1 18.30341158 14.30901047 25.09721062 72.63 0 6
1 14.25385038 14.22666914 29.06443049 72.63 0 6
1 18.22107025 18.27623034 29.14677182 72.63 0 6
1 12.84681431 19.68326641 23.69017455 72.63 0 6
1 19.65871576 19.66278615 30.58451416 72.63 0 6
1 12.86729457 12.7889268 30.502076 72.63 0 6
1 19.74115392 12.87136496 23.71065481 72.63 0 6
1 16.2512712 13.54209156 21.7071605 72.63 0 5
1 10.86380026 16.27880952 29.8313494 72.63 0 5
1 18.98798916 21.66628046 27.09463144 72.63 0 5
1 19.64975646 16.29044525 25.86508619 72.63 0 7
1 12.89224973 16.27409551 25.88030312 72.63 0 7
1 15.02172595 12.88032426 27.08299571 72.63 0 7
1 15.03694288 19.63783099 27.09934545 72.63 0 7
1 16.25598521 17.49313784 23.73560997 72.63 0 7
1 16.23963547 17.50835477 30.4931167 72.63 0 7
1 10.87093449 14.2257685 22.93723926 72.63 0 7
1 10.85561005 18.31009164 22.93184538 72.63 0 7
1 12.09387902 21.65914623 29.14767246 72.63 0 7
1 12.08848514 21.67447067 25.06334932 72.63 0 7
1 14.21998908 20.44159558 21.69897029 72.63 0 7
1 18.30431222 20.4362017 21.71429473 72.63 0 7
2 14.2823701 18.24771062 25.12573034 69.723 0 3
2 16.2611039 18.96065808 21.70507276 69.723 0 2
2 10.86171252 16.26897682 24.41278288 69.723 0 2
2 13.56942264 21.6683682 27.10446414 69.723 0 2
2 12.92387544 16.25720344 28.41367182 69.723 0 4
2 19.6006893 16.28135957 28.45566679 69.723 0 4
2 17.61230655 12.92939142 27.09208139 69.723 0 4
2 17.57031158 19.60620528 27.11623752 69.723 0 4
2 16.24872115 14.91777417 30.44404954 69.723 0 4
2 16.27287728 14.95976914 23.76723568 69.723 0 4
2 10.86979608 14.1682284 31.19679236 69.723 0 4
2 21.69340167 18.34074138 31.24217519 69.723 0 4
2 20.39881495 10.83667905 25.03269958 69.723 0 4
2 20.35343212 21.66028464 29.20521256 69.723 0 4
2 14.18933934 12.13126577 32.53676191 69.723 0 4
2 18.36185232 12.1766486 21.71315632 69.723 0 4
0 16.27971241 16.25036831 37.96643289 137.327 0 0
0 21.68396705 10.84611367 43.37068753 137.327 0 0
0 10.85140939 18.95709699 37.98320216 137.327 0 1
0 21.62521235 13.56743726 38.04338991 137.327 0 1
0 16.35666943 10.90486837 40.64936394 137.327 0 1
0 16.29648168 21.67867133 35.25970421 137.327 0 1
0 18.96264346 16.17341129 43.31193283 137.327 0 1
0 13.57298373 16.23359904 32.53812987 137.327 0 1
1 14.2888854 18.28780605 39.93367266 72.63 0 6
1 18.24695218 18.24119532 35.92899515 72.63 0 6
1 14.24227467 14.28312854 35.97560588 72.63 0 6
1 18.27749428 14.25258644 39.96421476 72.63 0 6
1 19.69250569 12.83757503 41.37922617 72.63 0 6
1 12.83104177 12.81915979 34.55837758 72.63 0 6
1 19.71092093 19.65842362 34.51776225 72.63 0 6
1 12.8716571 19.69903895 41.39764141 72.63 0 6
1 18.30572268 14.30669937 35.94288196 72.63 0 6
1 14.25616148 14.22435804 39.91010183 72.63 0 6
1 18.22338135 18.27391924 39.99244316 72.63 0 6
1 12.84912541 19.68095531 34.53584589 72.63 0 6
1 19.66102686 19.66047505 41.4301855 72.63 0 6
1 12.86960567 12.7866157 41.34774734 72.63 0 6
1 19.74346502 12.86905386 34.55632615 72.63 0 6
1 16.2535823 13.53978046 32.55283184 72.63 0 5
1 10.86611136 16.27649842 40.67702074 72.63 0 5
1 18.99030026 21.66396936 37.94030278 72.63 0 5
1 19.65206756 16.28813415 36.71075753 72.63 0 7
1 12.89456083 16.27178441 36.72597446 72.63 0 7
1 15.02403705 12.87801316 37.92866705 72.63 0 7
1 15.03925398 19.63551989 37.94501679 72.63 0 7
1 16.25829631 17.49082674 34.58128131 72.63 0 7
1 16.24194657 17.50604367 41.33878804 72.63 0 7
1 10.87324559 14.2234574 33.7829106 72.63 0 7
1 10.85792115 18.30778054 33.77751672 72.63 0 7
1 12.09619012 21.65683513 39.9933438 72.63 0 7
1 12.09079624 21.67215957 35.90902066 72.63 0 7
1 14.22230018 20.43928448 32.54464163 72.63 0 7
1 18.30662332 20.4338906 32.55996607 72.63 0 7
2 14.2846812 18.24539952 35.97140168 69.723 0 3
2 16.263415 18.95834698 32.5507441 69.723 0 2
2 10.86402362 16.26666572 35.25845422 69.723 0 2
2 13.57173374 21.6660571 37.95013548 69.723 0 2
2 12.92618654 16.25489234 39.25934316 69.723 0 4
2 19.6030004 16.27904847 39.30133813 69.723 0 4
2 17.61461765 12.92708032 37.93775273 69.723 0 4
2 17.57262268 19.60389418 37.96190886 69.723 0 4
2 16.25103225 14.91546307 41.28972088 69.723 0 4
2 16.27518838 14.95745804 34.61290702 69.723 0 4
2 10.87210718 14.1659173 42.0424637 69.723 0 4
2 21.69571277 18.33843028 42.08784653 69.723 0 4
2 20.40112605 10.83436795 35.87837092 69.723 0 4
2 20.35574322 21.65797354 40.0508839 69.723 0 4
2 14.19165044 12.12895467 43.38243325 69.723 0 4
2 18.36416342 12.1743375 32.55882766 69.723 0 4
0 16.28202351 16.24805721 48.81210423 137.327 0 0
0 21.68627815 10.84380257 54.21635887 137.327 0 0
0 10.85372049 18.95478589 48.8288735 137.327 0 1
0 21.62752345 13.56512616 48.88906125 137.327 0 1
0 16.35898053 10.90255727 51.49503528 137.327 0 1
0 16.29879278 21.67636023 46.10537555 137.327 0 1
0 18.96495456 16.17110019 54.15760417 137.327 0 1
0 13.57529483 16.23128794 43.38380121 137.327 0 1
1 14.2911965 18.28549495 50.779344 72.63 0 6
1 18.24926328 18.23888422 46.77466649 72.63 0 6
1 14.24458577 14.28081744 46.82127722 72.63 0 6
1 18.27980538 14.25027534 50.8098861 72.63 0 6
1 19.69481679 12.83526393 52.22489751 72.63 0 6
1 12.83335287 12.81684869 45.40404892 72.63 0 6
1 19.71323203 19.65611252 45.36343359 72.63 0 6
1 12.8739682 19.69672785 52.24331275 72.63 0 6
1 18.30803378 14.30438827 46.7885533 72.63 0 6
1 14.25847258 14.22204694 50.75577317 72.63 0 6
1 18.22569245 18.27160814 50.8381145 72.63 0 6
1 12.85143651 19.67864421 45.38151723 72.63 0 6
1 19.66333796 19.65816395 52.27585684 72.63 0 6
1 12.87191677 12.7843046 52.19341868 72.63 0 6
1 19.74577612 12.86674276 45.40199749 72.63 0 6
1 16.2558934 13.53746936 43.39850318 72.63 0 5
1 10.86842246 16.27418732 51.52269208 72.63 0 5
1 18.99261136 21.66165826 48.78597412 72.63 0 5
1 19.65437866 16.28582305 47.55642887 72.63 0 7
1 12.89687193 16.26947331 47.5716458 72.63 0 7
1 15.02634815 12.87570206 48.77433839 72.63 0 7
1 15.04156508 19.63320879 48.79068813 72.63 0 7
1 16.26060741 17.48851564 45.42695265 72.63 0 7
1 16.24425767 17.50373257 52.18445938 72.63 0 7
1 10.87555669 14.2211463 44.62858194 72.63 0 7
1 10.86023225 18.30546944 44.62318806 72.63 0 7
1 12.09850122 21.65452403 50.83901514 72.63 0 7
1 12.09310734 21.66984847 46.754692 72.63 0 7
1 14.22461128 20.43697338 43.39031297 72.63 0 7
1 18.30893442 20.4315795 43.40563741 72.63 0 7
2 14.2869923 18.24308842 46.81707302 69.723 0 3
2 16.2657261 18.95603588 43.39641544 69.723 0 2
2 10.86633472 16.26435462 46.10412556 69.723 0 2
2 13.57404484 21.663746 48.79580682 69.723 0 2
2 12.92849764 16.25258124 50.1050145 69.723 0 4
2 19.6053115 16.27673737 50.14700947 69.723 0 4
2 17.61692875 12.92476922 48.78342407 69.723 0 4
2 17.57493378 19.60158308 48.8075802 69.723 0 4
2 16.25334335 14.91315197 52.13539222 69.723 0 4
2 16.27749948 14.95514694 45.45857836 69.723 0 4
2 10.87441828 14.1636062 52.88813504 69.723 0 4
2 21.69802387 18.33611918 52.93351787 69.723 0 4
2 20.40343715 10.83205685 46.72404226 69.723 0 4
2 20.35805432 21.65566244 50.89655524 69.723 0 4
2 14.19396154 12.12664357 54.22810459 69.723 0 4
2 18.36647452 12.1720264 43.404499 69.723 0 4
0 16.28433461 16.24574611 59.65777557 137.327 0 0
0 21.68858925 10.84149147 65.06203021 137.327 0 0
0 10.85603159 18.95247479 59.67454484 137.327 0 1
0 21.62983455 13.56281506 59.73473259 137.327 0 1
0 16.36129163 10.90024617 62.34070662 137.327 0 1
0 16.30110388 21.67404913 56.95104689 137.327 0 1
0 18.96726566 16.16878909 65.00327551 137.327 0 1
0 13.57760593 16.22897684 54.22947255 137.327 0 1
1 14.2935076 18.28318385 61.62501534 72.63 0 6
1 18.25157438 18.23657312 57.62033783 72.63 0 6
1 14.24689687 14.27850634 57.66694856 72.63 0 6
1 18.28211648 14.24796424 61.65555744 72.63 0 6
1 19.69712789 12.83295283 63.07056885 72.63 0 6
1 12.83566397 12.81453759 56.24972026 72.63 0 6
1 19.71554313 19.65380142 56.20910493 72.63 0 6
1 12.8762793 19.69441675 63.08898409 72.63 0 6
1 18.31034488 14.30207717 57.63422464 72.63 0 6
1 14.26078368 14.21973584 61.60144451 72.63 0 6
1 18.22800355 18.26929704 61.68378584 72.63 0 6
1 12.85374761 19.67633311 56.22718857 72.63 0 6
1 19.66564906 19.65585285 63.12152818 72.63 0 6
1 12.87422787 12.7819935 63.03909002 72.63 0 6
1 19.74808722 12.86443166 56.24766883 72.63 0 6
1 16.2582045 13.53515826 54.24417452 72.63 0 5
1 10.87073356 16.27187622 62.36836342 72.63 0 5
1 18.99492246 21.65934716 59.63164546 72.63 0 5
1 19.65668976 16.28351195 58.40210021 72.63 0 7
1 12.89918303 16.26716221 58.41731714 72.63 0 7
1 15.02865925 12.87339096 59.62000973 72.63 0 7
1 15.04387618 19.63089769 59.63635947 72.63 0 7
1 16.26291851 17.48620454 56.27262399 72.63 0 7
1 16.24656877 17.50142147 63.03013072 72.63 0 7
1 10.87786779 14.2188352 55.47425328 72.63 0 7
1 10.86254335 18.30315834 55.4688594 72.63 0 7
1 12.10081232 21.65221293 61.68468648 72.63 0 7
1 12.09541844 21.66753737 57.60036334 72.63 0 7
1 14.22692238 20.43466228 54.23598431 72.63 0 7
1 18.31124552 20.4292684 54.25130875 72.63 0 7
2 14.2893034 18.24077732 57.66274436 69.723 0 3
2 16.2680372 18.95372478 54.24208678 69.723 0 2
2 10.86864582 16.26204352 56.9497969 69.723 0 2
2 13.57635594 21.6614349 59.64147816 69.723 0 2
2 12.93080874 16.25027014 60.95068584 69.723 0 4
2 19.6076226 16.27442627 60.99268081 69.723 0 4
2 17.61923985 12.92245812 59.62909541 69.723 0 4
2 17.57724488 19.59927198 59.65325154 69.723 0 4
2 16.25565445 14.91084087 62.98106356 69.723 0 4
2 16.27981058 14.95283584 56.3042497 69.723 0 4
2 10.87672938 14.1612951 63.73380638 69.723 0 4
2 21.70033497 18.33380808 63.77918921 69.723 0 4
2 20.40574825 10.82974575 57.5697136 69.723 0 4
2 20.36036542 21.65335134 61.74222658 69.723 0 4
2 14.19627264 12.12433247 65.07377593 69.723 0 4
2 18.36878562 12.1697153 54.25017034 69.723 0 4
0 16.27046801 27.10297295 5.42710777 137.327 0 0
0 21.67472265 21.69871831 10.83136241 137.327 0 0
0 10.84216499 29.80970163 5.44387704 137.327 0 1
0 21.61596795 24.4200419 5.50406479 137.327 0 1
0 16.34742503 21.75747301 8.11003882 137.327 0 1
0 16.28723728 32.53127597 2.72037909 137.327 0 1
0 18.95339906 27.02601593 10.77260771 137.327 0 1
0 13.56373933 27.08620368 -0.00119525 137.327 0 1
1 14.279641 29.14041069 7.39434754 72.63 0 6
1 18.23770778 29.09379996 3.38967003 72.63 0 6
1 14.23303027 25.13573318 3.43628076 72.63 0 6
1 18.26824988 25.10519108 7.42488964 72.63 0 6
1 19.68326129 23.69017967 8.83990105 72.63 0 6
1 12.82179737 23.67176443 2.01905246 72.63 0 6
1 19.70167653 30.51102826 1.97843713 72.63 0 6
1 12.8624127 30.55164359 8.85831629 72.63 0 6
1 18.29647828 25.15930401 3.40355684 72.63 0 6
1 14.24691708 25.07696268 7.37077671 72.63 0 6
1 18.21413695 29.12652388 7.45311804 72.63 0 6
1 12.83988101 30.53355995 1.99652077 72.63 0 6
1 19.65178246 30.51307969 8.89086038 72.63 0 6
1 12.86036127 23.63922034 8.80842222 72.63 0 6
1 19.73422062 23.7216585 2.01700103 72.63 0 6
1 16.2443379 24.3923851 0.01350672 72.63 0 5
1 10.85686696 27.12910306 8.13769562 72.63 0 5
1 18.98105586 32.516574 5.40097766 72.63 0 5
1 19.64282316 27.14073879 4.17143241 72.63 0 7
1 12.88531643 27.12438905 4.18664934 72.63 0 7
1 15.01479265 23.7306178 5.38934193 72.63 0 7
1 15.03000958 30.48812453 5.40569167 72.63 0 7
1 16.24905191 28.34343138 2.04195619 72.63 0 7
1 16.23270217 28.35864831 8.79946292 72.63 0 7
1 10.86400119 25.07606204 1.24358548 72.63 0 7
1 10.84867675 29.16038518 1.2381916 72.63 0 7
1 12.08694572 32.50943977 7.45401868 72.63 0 7
1 12.08155184 32.52476421 3.36969554 72.63 0 7
1 14.21305578 31.29188912 0.00531651 72.63 0 7
1 18.29737892 31.28649524 0.02064095 72.63 0 7
2 14.2754368 29.09800416 3.43207656 69.723 0 3
2 16.2541706 29.81095162 0.01141898 69.723 0 2
2 10.85477922 27.11927036 2.7191291 69.723 0 2
2 13.56248934 32.51866174 5.41081036 69.723 0 2
2 12.91694214 27.10749698 6.72001804 69.723 0 4
2 19.593756 27.13165311 6.76201301 69.723 0 4
2 17.60537325 23.77968496 5.39842761 69.723 0 4
2 17.56337828 30.45649882 5.42258374 69.723 0 4
2 16.24178785 25.76806771 8.75039576 69.723 0 4
2 16.26594398 25.81006268 2.0735819 69.723 0 4
2 10.86286278 25.01852194 9.50313858 69.723 0 4
2 21.68646837 29.19103492 9.54852141 69.723 0 4
2 20.39188165 21.68697259 3.3390458 69.723 0 4
2 20.34649882 32.51057818 7.51155878 69.723 0 4
2 14.18240604 22.98155931 10.84310813 69.723 0 4
2 18.35491902 23.02694214 0.01950254 69.723 0 4
0 16.27277911 27.10066185 16.27277911 137.327 0 0
0 21.67703375 21.69640721 21.67703375 137.327 0 0
0 10.84447609 29.80739053 16.28954838 137.327 0 1
0 21.61827905 24.4177308 16.34973613 137.327 0 1
0 16.34973613 21.75516191 18.95571016 137.327 0 1
0 16.28954838 32.52896487 13.56605043 137.327 0 1
0 18.95571016 27.02370483 21.61827905 137.327 0 1
0 13.56605043 27.08389258 10.84447609 137.327 0 1
1 14.2819521 29.13809959 18.24001888 72.63 0 6
1 18.24001888 29.09148886 14.23534137 72.63 0 6
1 14.23534137 25.13342208 14.2819521 72.63 0 6
1 18.27056098 25.10287998 18.27056098 72.63 0 6
1 19.68557239 23.68786857 19.68557239 72.63 0 6
1 12.82410847 23.66945333 12.8647238 72.63 0 6
1 19.70398763 30.50871716 12.82410847 72.63 0 6
1 12.8647238 30.54933249 19.70398763 72.63 0 6
1 18.29878938 25.15699291 14.24922818 72.63 0 6
1 14.24922818 25.07465158 18.21644805 72.63 0 6
1 18.21644805 29.12421278 18.29878938 72.63 0 6
1 12.84219211 30.53124885 12.84219211 72.63 0 6
1 19.65409356 30.51076859 19.73653172 72.63 0 6
1 12.86267237 23.63690924 19.65409356 72.63 0 6
1 19.73653172 23.7193474 12.86267237 72.63 0 6
1 16.246649 24.390074 10.85917806 72.63 0 5
1 10.85917806 27.12679196 18.98336696 72.63 0 5
1 18.98336696 32.5142629 16.246649 72.63 0 5
1 19.64513426 27.13842769 15.01710375 72.63 0 7
1 12.88762753 27.12207795 15.03232068 72.63 0 7
1 15.01710375 23.7283067 16.23501327 72.63 0 7
1 15.03232068 30.48581343 16.25136301 72.63 0 7
1 16.25136301 28.34112028 12.88762753 72.63 0 7
1 16.23501327 28.35633721 19.64513426 72.63 0 7
1 10.86631229 25.07375094 12.08925682 72.63 0 7
1 10.85098785 29.15807408 12.08386294 72.63 0 7
1 12.08925682 32.50712867 18.29969002 72.63 0 7
1 12.08386294 32.52245311 14.21536688 72.63 0 7
1 14.21536688 31.28957802 10.85098785 72.63 0 7
1 18.29969002 31.28418414 10.86631229 72.63 0 7
2 14.2777479 29.09569306 14.2777479 69.723 0 3
2 16.2564817 29.80864052 10.85709032 69.723 0 2
2 10.85709032 27.11695926 13.56480044 69.723 0 2
2 13.56480044 32.51635064 16.2564817 69.723 0 2
2 12.91925324 27.10518588 17.56568938 69.723 0 4
2 19.5960671 27.12934201 17.60768435 69.723 0 4
2 17.60768435 23.77737386 16.24409895 69.723 0 4
2 17.56568938 30.45418772 16.26825508 69.723 0 4
2 16.24409895 25.76575661 19.5960671 69.723 0 4
2 16.26825508 25.80775158 12.91925324 69.723 0 4
2 10.86517388 25.01621084 20.34880992 69.723 0 4
2 21.68877947 29.18872382 20.39419275 69.723 0 4
2 20.39419275 21.68466149 14.18471714 69.723 0 4
2 20.34880992 32.50826708 18.35723012 69.723 0 4
2 14.18471714 22.97924821 21.68877947 69.723 0 4
2 18.35723012 23.02463104 10.86517388 69.723 0 4
0 16.27509021 27.09835075 27.11845045 137.327 0 0
0 21.67934485 21.69409611 32.52270509 137.327 0 0
0 10.84678719 29.80507943 27.13521972 137.327 0 1
0 21.62059015 24.4154197 27.19540747 137.327 0 1
0 16.35204723 21.75285081 29.8013815 137.327 0 1
0 16.29185948 32.52665377 24.41172177 137.327 0 1
0 18.95802126 27.02139373 32.46395039 137.327 0 1
0 13.56836153 27.08158148 21.69014743 137.327 0 1
1 14.2842632 29.13578849 29.08569022 72.63 0 6
1 18.24232998 29.08917776 25.08101271 72.63 0 6
1 14.23765247 25.13111098 25.12762344 72.63 0 6
1 18.27287208 25.10056888 29.11623232 72.63 0 6
1 19.68788349 23.68555747 30.53124373 72.63 0 6
1 12.82641957 23.66714223 23.71039514 72.63 0 6
1 19.70629873 30.50640606 23.66977981 72.63 0 6
1 12.8670349 30.54702139 30.54965897 72.63 0 6
1 18.30110048 25.15468181 25.09489952 72.63 0 6
1 14.25153928 25.07234048 29.06211939 72.63 0 6
1 18.21875915 29.12190168 29.14446072 72.63 0 6
1 12.84450321 30.52893775 23.68786345 72.63 0 6
1 19.65640466 30.50845749 30.58220306 72.63 0 6
1 12.86498347 23.63459814 30.4997649 72.63 0 6
1 19.73884282 23.7170363 23.70834371 72.63 0 6
1 16.2489601 24.3877629 21.7048494 72.63 0 5
1 10.86148916 27.12448086 29.8290383 72.63 0 5
1 18.98567806 32.5119518 27.09232034 72.63 0 5
1 19.64744536 27.13611659 25.86277509 72.63 0 7
1 12.88993863 27.11976685 25.87799202 72.63 0 7
1 15.01941485 23.7259956 27.08068461 72.63 0 7
1 15.03463178 30.48350233 27.09703435 72.63 0 7
1 16.25367411 28.33880918 23.73329887 72.63 0 7
1 16.23732437 28.35402611 30.4908056 72.63 0 7
1 10.86862339 25.07143984 22.93492816 72.63 0 7
1 10.85329895 29.15576298 22.92953428 72.63 0 7
1 12.09156792 32.50481757 29.14536136 72.63 0 7
1 12.08617404 32.52014201 25.06103822 72.63 0 7
1 14.21767798 31.28726692 21.69665919 72.63 0 7
1 18.30200112 31.28187304 21.71198363 72.63 0 7
2 14.280059 29.09338196 25.12341924 69.723 0 3
2 16.2587928 29.80632942 21.70276166 69.723 0 2
2 10.85940142 27.11464816 24.41047178 69.723 0 2
2 13.56711154 32.51403954 27.10215304 69.723 0 2
2 12.92156434 27.10287478 28.41136072 69.723 0 4
2 19.5983782 27.12703091 28.45335569 69.723 0 4
2 17.60999545 23.77506276 27.08977029 69.723 0 4
2 17.56800048 30.45187662 27.11392642 69.723 0 4
2 16.24641005 25.76344551 30.44173844 69.723 0 4
2 16.27056618 25.80544048 23.76492458 69.723 0 4
2 10.86748498 25.01389974 31.19448126 69.723 0 4
2 21.69109057 29.18641272 31.23986409 69.723 0 4
2 20.39650385 21.68235039 25.03038848 69.723 0 4
2 20.35112102 32.50595598 29.20290146 69.723 0 4
2 14.18702824 22.97693711 32.53445081 69.723 0 4
2 18.35954122 23.02231994 21.71084522 69.723 0 4
0 16.27740131 27.09603965 37.96412179 137.327 0 0
0 21.68165595 21.69178501 43.36837643 137.327 0 0
0 10.84909829 29.80276833 37.98089106 137.327 0 1
0 21.62290125 24.4131086 38.04107881 137.327 0 1
0 16.35435833 21.75053971 40.64705284 137.327 0 1
0 16.29417058 32.52434267 35.25739311 137.327 0 1
0 18.96033236 27.01908263 43.30962173 137.327 0 1
0 13.57067263 27.07927038 32.53581877 137.327 0 1
1 14.2865743 29.13347739 39.93136156 72.63 0 6
1 18.24464108 29.08686666 35.92668405 72.63 0 6
1 14.23996357 25.12879988 35.97329478 72.63 0 6
1 18.27518318 25.09825778 39.96190366 72.63 0 6
1 19.69019459 23.68324637 41.37691507 72.63 0 6
1 12.82873067 23.66483113 34.55606648 72.63 0 6
1 19.70860983 30.50409496 34.51545115 72.63 0 6
1 12.869346 30.54471029 41.39533031 72.63 0 6
1 18.30341158 25.15237071 35.94057086 72.63 0 6
1 14.25385038 25.07002938 39.90779073 72.63 0 6
1 18.22107025 29.11959058 39.99013206 72.63 0 6
1 12.84681431 30.52662665 34.53353479 72.63 0 6
1 19.65871576 30.50614639 41.4278744 72.63 0 6
1 12.86729457 23.63228704 41.34543624 72.63 0 6
1 19.74115392 23.7147252 34.55401505 72.63 0 6
1 16.2512712 24.3854518 32.55052074 72.63 0 5
1 10.86380026 27.12216976 40.67470964 72.63 0 5
1 18.98798916 32.5096407 37.93799168 72.63 0 5
1 19.64975646 27.13380549 36.70844643 72.63 0 7
1 12.89224973 27.11745575 36.72366336 72.63 0 7
1 15.02172595 23.7236845 37.92635595 72.63 0 7
1 15.03694288 30.48119123 37.94270569 72.63 0 7
1 16.25598521 28.33649808 34.57897021 72.63 0 7
1 16.23963547 28.35171501 41.33647694 72.63 0 7
1 10.87093449 25.06912874 33.7805995 72.63 0 7
1 10.85561005 29.15345188 33.77520562 72.63 0 7
1 12.09387902 32.50250647 39.9910327 72.63 0 7
1 12.08848514 32.51783091 35.90670956 72.63 0 7
1 14.21998908 31.28495582 32.54233053 72.63 0 7
1 18.30431222 31.27956194 32.55765497 72.63 0 7
2 14.2823701 29.09107086 35.96909058 69.723 0 3
2 16.2611039 29.80401832 32.548433 69.723 0 2
2 10.86171252 27.11233706 35.25614312 69.723 0 2
2 13.56942264 32.51172844 37.94782438 69.723 0 2
2 12.92387544 27.10056368 39.25703206 69.723 0 4
2 19.6006893 27.12471981 39.29902703 69.723 0 4
2 17.61230655 23.77275166 37.93544163 69.723 0 4
2 17.57031158 30.44956552 37.95959776 69.723 0 4
2 16.24872115 25.76113441 41.28740978 69.723 0 4
2 16.27287728 25.80312938 34.61059592 69.723 0 4
2 10.86979608 25.01158864 42.0401526 69.723 0 4
2 21.69340167 29.18410162 42.08553543 69.723 0 4
2 20.39881495 21.68003929 35.87605982 69.723 0 4
2 20.35343212 32.50364488 40.0485728 69.723 0 4
2 14.18933934 22.97462601 43.38012215 69.723 0 4
2 18.36185232 23.02000884 32.55651656 69.723 0 4
0 16.27971241 27.09372855 48.80979313 137.327 0 0
0 21.68396705 21.68947391 54.21404777 137.327 0 0
0 10.85140939 29.80045723 48.8265624 137.327 0 1
0 21.62521235 24.4107975 48.88675015 137.327 0 1
0 16.35666943 21.74822861 51.49272418 137.327 0 1
0 16.29648168 32.52203157 46.10306445 137.327 0 1
0 18.96264346 27.01677153 54.15529307 137.327 0 1
0 13.57298373 27.07695928 43.38149011 137.327 0 1
1 14.2888854 29.13116629 50.7770329 72.63 0 6
1 18.24695218 29.08455556 46.77235539 72.63 0 6
1 14.24227467 25.12648878 46.81896612 72.63 0 6
1 18.27749428 25.09594668 50.807575 72.63 0 6
1 19.69250569 23.68093527 52.22258641 72.63 0 6
1 12.83104177 23.66252003 45.40173782 72.63 0 6
1 19.71092093 30.50178386 45.36112249 72.63 0 6
1 12.8716571 30.54239919 52.24100165 72.63 0 6
1 18.30572268 25.15005961 46.7862422 72.63 0 6
1 14.25616148 25.06771828 50.75346207 72.63 0 6
1 18.22338135 29.11727948 50.8358034 72.63 0 6
1 12.84912541 30.52431555 45.37920613 72.63 0 6
1 19.66102686 30.50383529 52.27354574 72.63 0 6
1 12.86960567 23.62997594 52.19110758 72.63 0 6
1 19.74346502 23.7124141 45.39968639 72.63 0 6
1 16.2535823 24.3831407 43.39619208 72.63 0 5
1 10.86611136 27.11985866 51.52038098 72.63 0 5
1 18.99030026 32.5073296 48.78366302 72.63 0 5
1 19.65206756 27.13149439 47.55411777 72.63 0 7
1 12.89456083 27.11514465 47.5693347 72.63 0 7
1 15.02403705 23.7213734 48.77202729 72.63 0 7
1 15.03925398 30.47888013 48.78837703 72.63 0 7
1 16.25829631 28.33418698 45.42464155 72.63 0 7
1 16.24194657 28.34940391 52.18214828 72.63 0 7
1 10.87324559 25.06681764 44.62627084 72.63 0 7
1 10.85792115 29.15114078 44.62087696 72.63 0 7
1 12.09619012 32.50019537 50.83670404 72.63 0 7
1 12.09079624 32.51551981 46.7523809 72.63 0 7
1 14.22230018 31.28264472 43.38800187 72.63 0 7
1 18.30662332 31.27725084 43.40332631 72.63 0 7
2 14.2846812 29.08875976 46.81476192 69.723 0 3
2 16.263415 29.80170722 43.39410434 69.723 0 2
2 10.86402362 27.11002596 46.10181446 69.723 0 2
2 13.57173374 32.50941734 48.79349572 69.723 0 2
2 12.92618654 27.09825258 50.1027034 69.723 0 4
2 19.6030004 27.12240871 50.14469837 69.723 0 4
2 17.61461765 23.77044056 48.78111297 69.723 0 4
2 17.57262268 30.44725442 48.8052691 69.723 0 4
2 16.25103225 25.75882331 52.13308112 69.723 0 4
2 16.27518838 25.80081828 45.45626726 69.723 0 4
2 10.87210718 25.00927754 52.88582394 69.723 0 4
2 21.69571277 29.18179052 52.93120677 69.723 0 4
2 20.40112605 21.67772819 46.72173116 69.723 0 4
2 20.35574322 32.50133378 50.89424414 69.723 0 4
2 14.19165044 22.97231491 54.22579349 69.723 0 4
2 18.36416342 23.01769774 43.4021879 69.723 0 4
0 16.28202351 27.09141745 59.65546447 137.327 0 0
0 21.68627815 21.68716281 65.05971911 137.327 0 0
0 10.85372049 29.79814613 59.67223374 137.327 0 1
0 21.62752345 24.4084864 59.73242149 137.327 0 1
0 16.35898053 21.74591751 62.33839552 137.327 0 1
0 16.29879278 32.51972047 56.94873579 137.327 0 1
0 18.96495456 27.01446043 65.00096441 137.327 0 1
0 13.57529483 27.07464818 54.22716145 137.327 0 1
1 14.2911965 29.12885519 61.62270424 72.63 0 6
1 18.24926328 29.08224446 57.61802673 72.63 0 6
1 14.24458577 25.12417768 57.66463746 72.63 0 6
1 18.27980538 25.09363558 61.65324634 72.63 0 6
1 19.69481679 23.67862417 63.06825775 72.63 0 6
1 12.83335287 23.66020893 56.24740916 72.63 0 6
1 19.71323203 30.49947276 56.20679383 72.63 0 6
1 12.8739682 30.54008809 63.08667299 72.63 0 6
1 18.30803378 25.14774851 57.63191354 72.63 0 6
1 14.25847258 25.06540718 61.59913341 72.63 0 6
1 18.22569245 29.11496838 61.68147474 72.63 0 6
1 12.85143651 30.52200445 56.22487747 72.63 0 6
1 19.66333796 30.50152419 63.11921708 72.63 0 6
1 12.87191677 23.62766484 63.03677892 72.63 0 6
1 19.74577612 23.710103 56.24535773 72.63 0 6
1 16.2558934 24.3808296 54.24186342 72.63 0 5
1 10.86842246 27.11754756 62.36605232 72.63 0 5
1 18.99261136 32.5050185 59.62933436 72.63 0 5
1 19.65437866 27.12918329 58.39978911 72.63 0 7
1 12.89687193 27.11283355 58.41500604 72.63 0 7
1 15.02634815 23.7190623 59.61769863 72.63 0 7
1 15.04156508 30.47656903 59.63404837 72.63 0 7
1 16.26060741 28.33187588 56.27031289 72.63 0 7
1 16.24425767 28.34709281 63.02781962 72.63 0 7
1 10.87555669 25.06450654 55.47194218 72.63 0 7
1 10.86023225 29.14882968 55.4665483 72.63 0 7
1 12.09850122 32.49788427 61.68237538 72.63 0 7
1 12.09310734 32.51320871 57.59805224 72.63 0 7
1 14.22461128 31.28033362 54.23367321 72.63 0 7
1 18.30893442 31.27493974 54.24899765 72.63 0 7
2 14.2869923 29.08644866 57.66043326 69.723 0 3
2 16.2657261 29.79939612 54.23977568 69.723 0 2
2 10.86633472 27.10771486 56.9474858 69.723 0 2
2 13.57404484 32.50710624 59.63916706 69.723 0 2
2 12.92849764 27.09594148 60.94837474 69.723 0 4
2 19.6053115 27.12009761 60.99036971 69.723 0 4
2 17.61692875 23.76812946 59.62678431 69.723 0 4
2 17.57493378 30.44494332 59.65094044 69.723 0 4
2 16.25334335 25.75651221 62.97875246 69.723 0 4
2 16.27749948 25.79850718 56.3019386 69.723 0 4
2 10.87441828 25.00696644 63.73149528 69.723 0 4
2 21.69802387 29.17947942 63.77687811 69.723 0 4
2 20.40343715 21.67541709 57.5674025 69.723 0 4
2 20.35805432 32.49902268 61.73991548 69.723 0 4
2 14.19396154 22.97000381 65.07146483 69.723 0 4
2 18.36647452 23.01538664 54.24785924 69.723 0 4
0 16.26815691 37.94864429 5.42479667 137.327 0 0
0 21.67241155 32.54438965 10.82905131 137.327 0 0
0 10.83985389 40.65537297 5.44156594 137.327 0 1
0 21.61365685 35.26571324 5.50175369 137.327 0 1
0 16.34511393 32.60314435 8.10772772 137.327 0 1
0 16.28492618 43.37694731 2.71806799 137.327 0 1
0 18.95108796 37.87168727 10.77029661 137.327 0 1
0 13.56142823 37.93187502 -0.00350635 137.327 0 1
1 14.2773299 39.98608203 7.39203644 72.63 0 6
1 18.23539668 39.9394713 3.38735893 72.63 0 6
1 14.23071917 35.98140452 3.43396966 72.63 0 6
1 18.26593878 35.95086242 7.42257854 72.63 0 6
1 19.68095019 34.53585101 8.83758995 72.63 0 6
1 12.81948627 34.51743577 2.01674136 72.63 0 6
1 19.69936543 41.3566996 1.97612603 72.63 0 6
1 12.8601016 41.39731493 8.85600519 72.63 0 6
1 18.29416718 36.00497535 3.40124574 72.63 0 6
1 14.24460598 35.92263402 7.36846561 72.63 0 6
1 18.21182585 39.97219522 7.45080694 72.63 0 6
1 12.83756991 41.37923129 1.99420967 72.63 0 6
1 19.64947136 41.35875103 8.88854928 72.63 0 6
1 12.85805017 34.48489168 8.80611112 72.63 0 6
1 19.73190952 34.56732984 2.01468993 72.63 0 6
1 16.2420268 35.23805644 0.01119562 72.63 0 5
1 10.85455586 37.9747744 8.13538452 72.63 0 5
1 18.97874476 43.36224534 5.39866656 72.63 0 5
1 19.64051206 37.98641013 4.16912131 72.63 0 7
1 12.88300533 37.97006039 4.18433824 72.63 0 7
1 15.01248155 34.57628914 5.38703083 72.63 0 7
1 15.02769848 41.33379587 5.40338057 72.63 0 7
1 16.24674081 39.18910272 2.03964509 72.63 0 7
1 16.23039107 39.20431965 8.79715182 72.63 0 7
1 10.86169009 35.92173338 1.24127438 72.63 0 7
1 10.84636565 40.00605652 1.2358805 72.63 0 7
1 12.08463462 43.35511111 7.45170758 72.63 0 7
1 12.07924074 43.37043555 3.36738444 72.63 0 7
1 14.21074468 42.13756046 0.00300541 72.63 0 7
1 18.29506782 42.13216658 0.01832985 72.63 0 7
2 14.2731257 39.9436755 3.42976546 69.723 0 3
2 16.2518595 40.65662296 0.00910788 69.723 0 2
2 10.85246812 37.9649417 2.716818 69.723 0 2
2 13.56017824 43.36433308 5.40849926 69.723 0 2
2 12.91463104 37.95316832 6.71770694 69.723 0 4
2 19.5914449 37.97732445 6.75970191 69.723 0 4
2 17.60306215 34.6253563 5.39611651 69.723 0 4
2 17.56106718 41.30217016 5.42027264 69.723 0 4
2 16.23947675 36.61373905 8.74808466 69.723 0 4
2 16.26363288 36.65573402 2.0712708 69.723 0 4
2 10.86055168 35.86419328 9.50082748 69.723 0 4
2 21.68415727 40.03670626 9.54621031 69.723 0 4
2 20.38957055 32.53264393 3.3367347 69.723 0 4
2 20.34418772 43.35624952 7.50924768 69.723 0 4
2 14.18009494 33.82723065 10.84079703 69.723 0 4
2 18.35260792 33.87261348 0.01719144 69.723 0 4
0 16.27046801 37.94633319 16.27046801 137.327 0 0
0 21.67472265 32.54207855 21.67472265 137.327 0 0
0 10.84216499 40.65306187 16.28723728 137.327 0 1
0 21.61596795 35.26340214 16.34742503 137.327 0 1
0 16.34742503 32.60083325 18.95339906 137.327 0 1
0 16.28723728 43.37463621 13.56373933 137.327 0 1
0 18.95339906 37.86937617 21.61596795 137.327 0 1
0 13.56373933 37.92956392 10.84216499 137.327 0 1
1 14.279641 39.98377093 18.23770778 72.63 0 6
1 18.23770778 39.9371602 14.23303027 72.63 0 6
1 14.23303027 35.97909342 14.279641 72.63 0 6
1 18.26824988 35.94855132 18.26824988 72.63 0 6
1 19.68326129 34.53353991 19.68326129 72.63 0 6
1 12.82179737 34.51512467 12.8624127 72.63 0 6
1 19.70167653 41.3543885 12.82179737 72.63 0 6
1 12.8624127 41.39500383 19.70167653 72.63 0 6
1 18.29647828 36.00266425 14.24691708 72.63 0 6
1 14.24691708 35.92032292 18.21413695 72.63 0 6
1 18.21413695 39.96988412 18.29647828 72.63 0 6
1 12.83988101 41.37692019 12.83988101 72.63 0 6
1 19.65178246 41.35643993 19.73422062 72.63 0 6
1 12.86036127 34.48258058 19.65178246 72.63 0 6
1 19.73422062 34.56501874 12.86036127 72.63 0 6
1 16.2443379 35.23574534 10.85686696 72.63 0 5
1 10.85686696 37.9724633 18.98105586 72.63 0 5
1 18.98105586 43.35993424 16.2443379 72.63 0 5
1 19.64282316 37.98409903 15.01479265 72.63 0 7
1 12.88531643 37.96774929 15.03000958 72.63 0 7
1 15.01479265 34.57397804 16.23270217 72.63 0 7
1 15.03000958 41.33148477 16.24905191 72.63 0 7
1 16.24905191 39.18679162 12.88531643 72.63 0 7
1 16.23270217 39.20200855 19.64282316 72.63 0 7
1 10.86400119 35.91942228 12.08694572 72.63 0 7
1 10.84867675 40.00374542 12.08155184 72.63 0 7
1 12.08694572 43.35280001 18.29737892 72.63 0 7
1 12.08155184 43.36812445 14.21305578 72.63 0 7
1 14.21305578 42.13524936 10.84867675 72.63 0 7
1 18.29737892 42.12985548 10.86400119 72.63 0 7
2 14.2754368 39.9413644 14.2754368 69.723 0 3
2 16.2541706 40.65431186 10.85477922 69.723 0 2
2 10.85477922 37.9626306 13.56248934 69.723 0 2
2 13.56248934 43.36202198 16.2541706 69.723 0 2
2 12.91694214 37.95085722 17.56337828 69.723 0 4
2 19.593756 37.97501335 17.60537325 69.723 0 4
2 17.60537325 34.6230452 16.24178785 69.723 0 4
2 17.56337828 41.29985906 16.26594398 69.723 0 4
2 16.24178785 36.61142795 19.593756 69.723 0 4
2 16.26594398 36.65342292 12.91694214 69.723 0 4
2 10.86286278 35.86188218 20.34649882 69.723 0 4
2 21.68646837 40.03439516 20.39188165 69.723 0 4
2 20.39188165 32.53033283 14.18240604 69.723 0 4
2 20.34649882 43.35393842 18.35491902 69.723 0 4
2 14.18240604 33.82491955 21.68646837 69.723 0 4
2 18.35491902 33.87030238 10.86286278 69.723 0 4
0 16.27277911 37.94402209 27.11613935 137.327 0 0
0 21.67703375 32.53976745 32.52039399 137.327 0 0
0 10.84447609 40.65075077 27.13290862 137.327 0 1
0 21.61827905 35.26109104 27.19309637 137.327 0 1
0 16.34973613 32.59852215 29.7990704 137.327 0 1
0 16.28954838 43.37232511 24.40941067 137.327 0 1
0 18.95571016 37.86706507 32.46163929 137.327 0 1
0 13.56605043 37.92725282 21.68783633 137.327 0 1
1 14.2819521 39.98145983 29.08337912 72.63 0 6
1 18.24001888 39.9348491 25.07870161 72.63 0 6
1 14.23534137 35.97678232 25.12531234 72.63 0 6
1 18.27056098 35.94624022 29.11392122 72.63 0 6
1 19.68557239 34.53122881 30.52893263 72.63 0 6
1 12.82410847 34.51281357 23.70808404 72.63 0 6
1 19.70398763 41.3520774 23.66746871 72.63 0 6
1 12.8647238 41.39269273 30.54734787 72.63 0 6
1 18.29878938 36.00035315 25.09258842 72.63 0 6
1 14.24922818 35.91801182 29.05980829 72.63 0 6
1 18.21644805 39.96757302 29.14214962 72.63 0 6
1 12.84219211 41.37460909 23.68555235 72.63 0 6
1 19.65409356 41.35412883 30.57989196 72.63 0 6
1 12.86267237 34.48026948 30.4974538 72.63 0 6
1 19.73653172 34.56270764 23.70603261 72.63 0 6
1 16.246649 35.23343424 21.7025383 72.63 0 5
1 10.85917806 37.9701522 29.8267272 72.63 0 5
1 18.98336696 43.35762314 27.09000924 72.63 0 5
1 19.64513426 37.98178793 25.86046399 72.63 0 7
1 12.88762753 37.96543819 25.87568092 72.63 0 7
1 15.01710375 34.57166694 27.07837351 72.63 0 7
1 15.03232068 41.32917367 27.09472325 72.63 0 7
1 16.25136301 39.18448052 23.73098777 72.63 0 7
1 16.23501327 39.19969745 30.4884945 72.63 0 7
1 10.86631229 35.91711118 22.93261706 72.63 0 7
1 10.85098785 40.00143432 22.92722318 72.63 0 7
1 12.08925682 43.35048891 29.14305026 72.63 0 7
1 12.08386294 43.36581335 25.05872712 72.63 0 7
1 14.21536688 42.13293826 21.69434809 72.63 0 7
1 18.29969002 42.12754438 21.70967253 72.63 0 7
2 14.2777479 39.9390533 25.12110814 69.723 0 3
2 16.2564817 40.65200076 21.70045056 69.723 0 2
2 10.85709032 37.9603195 24.40816068 69.723 0 2
2 13.56480044 43.35971088 27.09984194 69.723 0 2
2 12.91925324 37.94854612 28.40904962 69.723 0 4
2 19.5960671 37.97270225 28.45104459 69.723 0 4
2 17.60768435 34.6207341 27.08745919 69.723 0 4
2 17.56568938 41.29754796 27.11161532 69.723 0 4
2 16.24409895 36.60911685 30.43942734 69.723 0 4
2 16.26825508 36.65111182 23.76261348 69.723 0 4
2 10.86517388 35.85957108 31.19217016 69.723 0 4
2 21.68877947 40.03208406 31.23755299 69.723 0 4
2 20.39419275 32.52802173 25.02807738 69.723 0 4
2 20.34880992 43.35162732 29.20059036 69.723 0 4
2 14.18471714 33.82260845 32.53213971 69.723 0 4
2 18.35723012 33.86799128 21.70853412 69.723 0 4
0 16.27509021 37.94171099 37.96181069 137.327 0 0
0 21.67934485 32.53745635 43.36606533 137.327 0 0
0 10.84678719 40.64843967 37.97857996 137.327 0 1
0 21.62059015 35.25877994 38.03876771 137.327 0 1
0 16.35204723 32.59621105 40.64474174 137.327 0 1
0 16.29185948 43.37001401 35.25508201 137.327 0 1
0 18.95802126 37.86475397 43.30731063 137.327 0 1
0 13.56836153 37.92494172 32.53350767 137.327 0 1
1 14.2842632 39.97914873 39.92905046 72.63 0 6
1 18.24232998 39.932538 35.92437295 72.63 0 6
1 14.23765247 35.97447122 35.97098368 72.63 0 6
1 18.27287208 35.94392912 39.95959256 72.63 0 6
1 19.68788349 34.52891771 41.37460397 72.63 0 6
1 12.82641957 34.51050247 34.55375538 72.63 0 6
1 19.70629873 41.3497663 34.51314005 72.63 0 6
1 12.8670349 41.39038163 41.39301921 72.63 0 6
1 18.30110048 35.99804205 35.93825976 72.63 0 6
1 14.25153928 35.91570072 39.90547963 72.63 0 6
1 18.21875915 39.96526192 39.98782096 72.63 0 6
1 12.84450321 41.37229799 34.53122369 72.63 0 6
1 19.65640466 41.35181773 41.4255633 72.63 0 6
1 12.86498347 34.47795838 41.34312514 72.63 0 6
1 19.73884282 34.56039654 34.55170395 72.63 0 6
1 16.2489601 35.23112314 32.54820964 72.63 0 5
1 10.86148916 37.9678411 40.67239854 72.63 0 5
1 18.98567806 43.35531204 37.93568058 72.63 0 5
1 19.64744536 37.97947683 36.70613533 72.63 0 7
1 12.88993863 37.96312709 36.72135226 72.63 0 7
1 15.01941485 34.56935584 37.92404485 72.63 0 7
1 15.03463178 41.32686257 37.94039459 72.63 0 7
1 16.25367411 39.18216942 34.57665911 72.63 0 7
1 16.23732437 39.19738635 41.33416584 72.63 0 7
1 10.86862339 35.91480008 33.7782884 72.63 0 7
1 10.85329895 39.99912322 33.77289452 72.63 0 7
1 12.09156792 43.34817781 39.9887216 72.63 0 7
1 12.08617404 43.36350225 35.90439846 72.63 0 7
1 14.21767798 42.13062716 32.54001943 72.63 0 7
1 18.30200112 42.12523328 32.55534387 72.63 0 7
2 14.280059 39.9367422 35.96677948 69.723 0 3
2 16.2587928 40.64968966 32.5461219 69.723 0 2
2 10.85940142 37.9580084 35.25383202 69.723 0 2
2 13.56711154 43.35739978 37.94551328 69.723 0 2
2 12.92156434 37.94623502 39.25472096 69.723 0 4
2 19.5983782 37.97039115 39.29671593 69.723 0 4
2 17.60999545 34.618423 37.93313053 69.723 0 4
2 17.56800048 41.29523686 37.95728666 69.723 0 4
2 16.24641005 36.60680575 41.28509868 69.723 0 4
2 16.27056618 36.64880072 34.60828482 69.723 0 4
2 10.86748498 35.85725998 42.0378415 69.723 0 4
2 21.69109057 40.02977296 42.08322433 69.723 0 4
2 20.39650385 32.52571063 35.87374872 69.723 0 4
2 20.35112102 43.34931622 40.0462617 69.723 0 4
2 14.18702824 33.82029735 43.37781105 69.723 0 4
2 18.35954122 33.86568018 32.55420546 69.723 0 4
0 16.27740131 37.93939989 48.80748203 137.327 0 0
0 21.68165595 32.53514525 54.21173667 137.327 0 0
0 10.84909829 40.64612857 48.8242513 137.327 0 1
0 21.62290125 35.25646884 48.88443905 137.327 0 1
0 16.35435833 32.59389995 51.49041308 137.327 0 1
0 16.29417058 43.36770291 46.10075335 137.327 0 1
0 18.96033236 37.86244287 54.15298197 137.327 0 1
0 13.57067263 37.92263062 43.37917901 137.327 0 1
1 14.2865743 39.97683763 50.7747218 72.63 0 6
1 18.24464108 39.9302269 46.77004429 72.63 0 6
1 14.23996357 35.97216012 46.81665502 72.63 0 6
1 18.27518318 35.94161802 50.8052639 72.63 0 6
1 19.69019459 34.52660661 52.22027531 72.63 0 6
1 12.82873067 34.50819137 45.39942672 72.63 0 6
1 19.70860983 41.3474552 45.35881139 72.63 0 6
1 12.869346 41.38807053 52.23869055 72.63 0 6
1 18.30341158 35.99573095 46.7839311 72.63 0 6
1 14.25385038 35.91338962 50.75115097 72.63 0 6
1 18.22107025 39.96295082 50.8334923 72.63 0 6
1 12.84681431 41.36998689 45.37689503 72.63 0 6
1 19.65871576 41.34950663 52.27123464 72.63 0 6
1 12.86729457 34.47564728 52.18879648 72.63 0 6
1 19.74115392 34.55808544 45.39737529 72.63 0 6
1 16.2512712 35.22881204 43.39388098 72.63 0 5
1 10.86380026 37.96553 51.51806988 72.63 0 5
1 18.98798916 43.35300094 48.78135192 72.63 0 5
1 19.64975646 37.97716573 47.55180667 72.63 0 7
1 12.89224973 37.96081599 47.5670236 72.63 0 7
1 15.02172595 34.56704474 48.76971619 72.63 0 7
1 15.03694288 41.32455147 48.78606593 72.63 0 7
1 16.25598521 39.17985832 45.42233045 72.63 0 7
1 16.23963547 39.19507525 52.17983718 72.63 0 7
1 10.87093449 35.91248898 44.62395974 72.63 0 7
1 10.85561005 39.99681212 44.61856586 72.63 0 7
1 12.09387902 43.34586671 50.83439294 72.63 0 7
1 12.08848514 43.36119115 46.7500698 72.63 0 7
1 14.21998908 42.12831606 43.38569077 72.63 0 7
1 18.30431222 42.12292218 43.40101521 72.63 0 7
2 14.2823701 39.9344311 46.81245082 69.723 0 3
2 16.2611039 40.64737856 43.39179324 69.723 0 2
2 10.86171252 37.9556973 46.09950336 69.723 0 2
2 13.56942264 43.35508868 48.79118462 69.723 0 2
2 12.92387544 37.94392392 50.1003923 69.723 0 4
2 19.6006893 37.96808005 50.14238727 69.723 0 4
2 17.61230655 34.6161119 48.77880187 69.723 0 4
2 17.57031158 41.29292576 48.802958 69.723 0 4
2 16.24872115 36.60449465 52.13077002 69.723 0 4
2 16.27287728 36.64648962 45.45395616 69.723 0 4
2 10.86979608 35.85494888 52.88351284 69.723 0 4
2 21.69340167 40.02746186 52.92889567 69.723 0 4
2 20.39881495 32.52339953 46.71942006 69.723 0 4
2 20.35343212 43.34700512 50.89193304 69.723 0 4
2 14.18933934 33.81798625 54.22348239 69.723 0 4
2 18.36185232 33.86336908 43.3998768 69.723 0 4
0 16.27971241 37.93708879 59.65315337 137.327 0 0
0 21.68396705 32.53283415 65.05740801 137.327 0 0
0 10.85140939 40.64381747 59.66992264 137.327 0 1
0 21.62521235 35.25415774 59.73011039 137.327 0 1
0 16.35666943 32.59158885 62.33608442 137.327 0 1
0 16.29648168 43.36539181 56.94642469 137.327 0 1
0 18.96264346 37.86013177 64.99865331 137.327 0 1
0 13.57298373 37.92031952 54.22485035 137.327 0 1
1 14.2888854 39.97452653 61.62039314 72.63 0 6
1 18.24695218 39.9279158 57.61571563 72.63 0 6
1 14.24227467 35.96984902 57.66232636 72.63 0 6
1 18.27749428 35.93930692 61.65093524 72.63 0 6
1 19.69250569 34.52429551 63.06594665 72.63 0 6
1 12.83104177 34.50588027 56.24509806 72.63 0 6
1 19.71092093 41.3451441 56.20448273 72.63 0 6
1 12.8716571 41.38575943 63.08436189 72.63 0 6
1 18.30572268 35.99341985 57.62960244 72.63 0 6
1 14.25616148 35.91107852 61.59682231 72.63 0 6
1 18.22338135 39.96063972 61.67916364 72.63 0 6
1 12.84912541 41.36767579 56.22256637 72.63 0 6
1 19.66102686 41.34719553 63.11690598 72.63 0 6
1 12.86960567 34.47333618 63.03446782 72.63 0 6
1 19.74346502 34.55577434 56.24304663 72.63 0 6
1 16.2535823 35.22650094 54.23955232 72.63 0 5
1 10.86611136 37.9632189 62.36374122 72.63 0 5
1 18.99030026 43.35068984 59.62702326 72.63 0 5
1 19.65206756 37.97485463 58.39747801 72.63 0 7
1 12.89456083 37.95850489 58.41269494 72.63 0 7
1 15.02403705 34.56473364 59.61538753 72.63 0 7
1 15.03925398 41.32224037 59.63173727 72.63 0 7
1 16.25829631 39.17754722 56.26800179 72.63 0 7
1 16.24194657 39.19276415 63.02550852 72.63 0 7
1 10.87324559 35.91017788 55.46963108 72.63 0 7
1 10.85792115 39.99450102 55.4642372 72.63 0 7
1 12.09619012 43.34355561 61.68006428 72.63 0 7
1 12.09079624 43.35888005 57.59574114 72.63 0 7
1 14.22230018 42.12600496 54.23136211 72.63 0 7
1 18.30662332 42.12061108 54.24668655 72.63 0 7
2 14.2846812 39.93212 57.65812216 69.723 0 3
2 16.263415 40.64506746 54.23746458 69.723 0 2
2 10.86402362 37.9533862 56.9451747 69.723 0 2
2 13.57173374 43.35277758 59.63685596 69.723 0 2
2 12.92618654 37.94161282 60.94606364 69.723 0 4
2 19.6030004 37.96576895 60.98805861 69.723 0 4
2 17.61461765 34.6138008 59.62447321 69.723 0 4
2 17.57262268 41.29061466 59.64862934 69.723 0 4
2 16.25103225 36.60218355 62.97644136 69.723 0 4
2 16.27518838 36.64417852 56.2996275 69.723 0 4
2 10.87210718 35.85263778 63.72918418 69.723 0 4
2 21.69571277 40.02515076 63.77456701 69.723 0 4
2 20.40112605 32.52108843 57.5650914 69.723 0 4
2 20.35574322 43.34469402 61.73760438 69.723 0 4
2 14.19165044 33.81567515 65.06915373 69.723 0 4
2 18.36416342 33.86105798 54.24554814 69.723 0 4
0 16.26584581 48.79431563 5.42248557 137.327 0 0
0 21.67010045 43.39006099 10.82674021 137.327 0 0
0 10.83754279 51.50104431 5.43925484 137.327 0 1
0 21.61134575 46.11138458 5.49944259 137.327 0 1
0 16.34280283 43.44881569 8.10541662 137.327 0 1
0 16.28261508 54.22261865 2.71575689 137.327 0 1
0 18.94877686 48.71735861 10.76798551 137.327 0 1
0 13.55911713 48.77754636 -0.00581745 137.327 0 1
1 14.2750188 50.83175337 7.38972534 72.63 0 6
1 18.23308558 50.78514264 3.38504783 72.63 0 6
1 14.22840807 46.82707586 3.43165856 72.63 0 6
1 18.26362768 46.79653376 7.42026744 72.63 0 6
1 19.67863909 45.38152235 8.83527885 72.63 0 6
1 12.81717517 45.36310711 2.01443026 72.63 0 6
1 19.69705433 52.20237094 1.97381493 72.63 0 6
1 12.8577905 52.24298627 8.85369409 72.63 0 6
1 18.29185608 46.85064669 3.39893464 72.63 0 6
1 14.24229488 46.76830536 7.36615451 72.63 0 6
1 18.20951475 50.81786656 7.44849584 72.63 0 6
1 12.83525881 52.22490263 1.99189857 72.63 0 6
1 19.64716026 52.20442237 8.88623818 72.63 0 6
1 12.85573907 45.33056302 8.80380002 72.63 0 6
1 19.72959842 45.41300118 2.01237883 72.63 0 6
1 16.2397157 46.08372778 0.00888452 72.63 0 5
1 10.85224476 48.82044574 8.13307342 72.63 0 5
1 18.97643366 54.20791668 5.39635546 72.63 0 5
1 19.63820096 48.83208147 4.16681021 72.63 0 7
1 12.88069423 48.81573173 4.18202714 72.63 0 7
1 15.01017045 45.42196048 5.38471973 72.63 0 7
1 15.02538738 52.17946721 5.40106947 72.63 0 7
1 16.24442971 50.03477406 2.03733399 72.63 0 7
1 16.22807997 50.04999099 8.79484072 72.63 0 7
1 10.85937899 46.76740472 1.23896328 72.63 0 7
1 10.84405455 50.85172786 1.2335694 72.63 0 7
1 12.08232352 54.20078245 7.44939648 72.63 0 7
1 12.07692964 54.21610689 3.36507334 72.63 0 7
1 14.20843358 52.9832318 0.00069431 72.63 0 7
1 18.29275672 52.97783792 0.01601875 72.63 0 7
2 14.2708146 50.78934684 3.42745436 69.723 0 3
2 16.2495484 51.5022943 0.00679678 69.723 0 2
2 10.85015702 48.81061304 2.7145069 69.723 0 2
2 13.55786714 54.21000442 5.40618816 69.723 0 2
2 12.91231994 48.79883966 6.71539584 69.723 0 4
2 19.5891338 48.82299579 6.75739081 69.723 0 4
2 17.60075105 45.47102764 5.39380541 69.723 0 4
2 17.55875608 52.1478415 5.41796154 69.723 0 4
2 16.23716565 47.45941039 8.74577356 69.723 0 4
2 16.26132178 47.50140536 2.0689597 69.723 0 4
2 10.85824058 46.70986462 9.49851638 69.723 0 4
2 21.68184617 50.8823776 9.54389921 69.723 0 4
2 20.38725945 43.37831527 3.3344236 69.723 0 4
2 20.34187662 54.20192086 7.50693658 69.723 0 4
2 14.17778384 44.67290199 10.83848593 69.723 0 4
2 18.35029682 44.71828482 0.01488034 69.723 0 4
0 16.26815691 48.79200453 16.26815691 137.327 0 0
0 21.67241155 43.38774989 21.67241155 137.327 0 0
0 10.83985389 51.49873321 16.28492618 137.327 0 1
0 21.61365685 46.10907348 16.34511393 137.327 0 1
0 16.34511393 43.44650459 18.95108796 137.327 0 1
0 16.28492618 54.22030755 13.56142823 137.327 0 1
0 18.95108796 48.71504751 21.61365685 137.327 0 1
0 13.56142823 48.77523526 10.83985389 137.327 0 1
1 14.2773299 50.82944227 18.23539668 72.63 0 6
1 18.23539668 50.78283154 14.23071917 72.63 0 6
1 14.23071917 46.82476476 14.2773299 72.63 0 6
1 18.26593878 46.79422266 18.26593878 72.63 0 6
1 19.68095019 45.37921125 19.68095019 72.63 0 6
1 12.81948627 45.36079601 12.8601016 72.63 0 6
1 19.69936543 52.20005984 12.81948627 72.63 0 6
1 12.8601016 52.24067517 19.69936543 72.63 0 6
1 18.29416718 46.84833559 14.24460598 72.63 0 6
1 14.24460598 46.76599426 18.21182585 72.63 0 6
1 18.21182585 50.81555546 18.29416718 72.63 0 6
1 12.83756991 52.22259153 12.83756991 72.63 0 6
1 19.64947136 52.20211127 19.73190952 72.63 0 6
1 12.85805017 45.32825192 19.64947136 72.63 0 6
1 19.73190952 45.41069008 12.85805017 72.63 0 6
1 16.2420268 46.08141668 10.85455586 72.63 0 5
1 10.85455586 48.81813464 18.97874476 72.63 0 5
1 18.97874476 54.20560558 16.2420268 72.63 0 5
1 19.64051206 48.82977037 15.01248155 72.63 0 7
1 12.88300533 48.81342063 15.02769848 72.63 0 7
1 15.01248155 45.41964938 16.23039107 72.63 0 7
1 15.02769848 52.17715611 16.24674081 72.63 0 7
1 16.24674081 50.03246296 12.88300533 72.63 0 7
1 16.23039107 50.04767989 19.64051206 72.63 0 7
1 10.86169009 46.76509362 12.08463462 72.63 0 7
1 10.84636565 50.84941676 12.07924074 72.63 0 7
1 12.08463462 54.19847135 18.29506782 72.63 0 7
1 12.07924074 54.21379579 14.21074468 72.63 0 7
1 14.21074468 52.9809207 10.84636565 72.63 0 7
1 18.29506782 52.97552682 10.86169009 72.63 0 7
2 14.2731257 50.78703574 14.2731257 69.723 0 3
2 16.2518595 51.4999832 10.85246812 69.723 0 2
2 10.85246812 48.80830194 13.56017824 69.723 0 2
2 13.56017824 54.20769332 16.2518595 69.723 0 2
2 12.91463104 48.79652856 17.56106718 69.723 0 4
2 19.5914449 48.82068469 17.60306215 69.723 0 4
2 17.60306215 45.46871654 16.23947675 69.723 0 4
2 17.56106718 52.1455304 16.26363288 69.723 0 4
2 16.23947675 47.45709929 19.5914449 69.723 0 4
2 16.26363288 47.49909426 12.91463104 69.723 0 4
2 10.86055168 46.70755352 20.34418772 69.723 0 4
2 21.68415727 50.8800665 20.38957055 69.723 0 4
2 20.38957055 43.37600417 14.18009494 69.723 0 4
2 20.34418772 54.19960976 18.35260792 69.723 0 4
2 14.18009494 44.67059089 21.68415727 69.723 0 4
2 18.35260792 44.71597372 10.86055168 69.723 0 4
0 16.27046801 48.78969343 27.11382825 137.327 0 0
0 21.67472265 43.38543879 32.51808289 137.327 0 0
0 10.84216499 51.49642211 27.13059752 137.327 0 1
0 21.61596795 46.10676238 27.19078527 137.327 0 1
0 16.34742503 43.44419349 29.7967593 137.327 0 1
0 16.28723728 54.21799645 24.40709957 137.327 0 1
0 18.95339906 48.71273641 32.45932819 137.327 0 1
0 13.56373933 48.77292416 21.68552523 137.327 0 1
1 14.279641 50.82713117 29.08106802 72.63 0 6
1 18.23770778 50.78052044 25.07639051 72.63 0 6
1 14.23303027 46.82245366 25.12300124 72.63 0 6
1 18.26824988 46.79191156 29.11161012 72.63 0 6
1 19.68326129 45.37690015 30.52662153 72.63 0 6
1 12.82179737 45.35848491 23.70577294 72.63 0 6
1 19.70167653 52.19774874 23.66515761 72.63 0 6
1 12.8624127 52.23836407 30.54503677 72.63 0 6
1 18.29647828 46.84602449 25.09027732 72.63 0 6
1 14.24691708 46.76368316 29.05749719 72.63 0 6
1 18.21413695 50.81324436 29.13983852 72.63 0 6
1 12.83988101 52.22028043 23.68324125 72.63 0 6
1 19.65178246 52.19980017 30.57758086 72.63 0 6
1 12.86036127 45.32594082 30.4951427 72.63 0 6
1 19.73422062 45.40837898 23.70372151 72.63 0 6
1 16.2443379 46.07910558 21.7002272 72.63 0 5
1 10.85686696 48.81582354 29.8244161 72.63 0 5
1 18.98105586 54.20329448 27.08769814 72.63 0 5
1 19.64282316 48.82745927 25.85815289 72.63 0 7
1 12.88531643 48.81110953 25.87336982 72.63 0 7
1 15.01479265 45.41733828 27.07606241 72.63 0 7
1 15.03000958 52.17484501 27.09241215 72.63 0 7
1 16.24905191 50.03015186 23.72867667 72.63 0 7
1 16.23270217 50.04536879 30.4861834 72.63 0 7
1 10.86400119 46.76278252 22.93030596 72.63 0 7
1 10.84867675 50.84710566 22.92491208 72.63 0 7
1 12.08694572 54.19616025 29.14073916 72.63 0 7
1 12.08155184 54.21148469 25.05641602 72.63 0 7
1 14.21305578 52.9786096 21.69203699 72.63 0 7
1 18.29737892 52.97321572 21.70736143 72.63 0 7
2 14.2754368 50.78472464 25.11879704 69.723 0 3
2 16.2541706 51.4976721 21.69813946 69.723 0 2
2 10.85477922 48.80599084 24.40584958 69.723 0 2
2 13.56248934 54.20538222 27.09753084 69.723 0 2
2 12.91694214 48.79421746 28.40673852 69.723 0 4
2 19.593756 48.81837359 28.44873349 69.723 0 4
2 17.60537325 45.46640544 27.08514809 69.723 0 4
2 17.56337828 52.1432193 27.10930422 69.723 0 4
2 16.24178785 47.45478819 30.43711624 69.723 0 4
2 16.26594398 47.49678316 23.76030238 69.723 0 4
2 10.86286278 46.70524242 31.18985906 69.723 0 4
2 21.68646837 50.8777554 31.23524189 69.723 0 4
2 20.39188165 43.37369307 25.02576628 69.723 0 4
2 20.34649882 54.19729866 29.19827926 69.723 0 4
2 14.18240604 44.66827979 32.52982861 69.723 0 4
2 18.35491902 44.71366262 21.70622302 69.723 0 4
0 16.27277911 48.78738233 37.95949959 137.327 0 0
0 21.67703375 43.38312769 43.36375423 137.327 0 0
0 10.84447609 51.49411101 37.97626886 137.327 0 1
0 21.61827905 46.10445128 38.03645661 137.327 0 1
0 16.34973613 43.44188239 40.64243064 137.327 0 1
0 16.28954838 54.21568535 35.25277091 137.327 0 1
0 18.95571016 48.71042531 43.30499953 137.327 0 1
0 13.56605043 48.77061306 32.53119657 137.327 0 1
1 14.2819521 50.82482007 39.92673936 72.63 0 6
1 18.24001888 50.77820934 35.92206185 72.63 0 6
1 14.23534137 46.82014256 35.96867258 72.63 0 6
1 18.27056098 46.78960046 39.95728146 72.63 0 6
1 19.68557239 45.37458905 41.37229287 72.63 0 6
1 12.82410847 45.35617381 34.55144428 72.63 0 6
1 19.70398763 52.19543764 34.51082895 72.63 0 6
1 12.8647238 52.23605297 41.39070811 72.63 0 6
1 18.29878938 46.84371339 35.93594866 72.63 0 6
1 14.24922818 46.76137206 39.90316853 72.63 0 6
1 18.21644805 50.81093326 39.98550986 72.63 0 6
1 12.84219211 52.21796933 34.52891259 72.63 0 6
1 19.65409356 52.19748907 41.4232522 72.63 0 6
1 12.86267237 45.32362972 41.34081404 72.63 0 6
1 19.73653172 45.40606788 34.54939285 72.63 0 6
1 16.246649 46.07679448 32.54589854 72.63 0 5
1 10.85917806 48.81351244 40.67008744 72.63 0 5
1 18.98336696 54.20098338 37.93336948 72.63 0 5
1 19.64513426 48.82514817 36.70382423 72.63 0 7
1 12.88762753 48.80879843 36.71904116 72.63 0 7
1 15.01710375 45.41502718 37.92173375 72.63 0 7
1 15.03232068 52.17253391 37.93808349 72.63 0 7
1 16.25136301 50.02784076 34.57434801 72.63 0 7
1 16.23501327 50.04305769 41.33185474 72.63 0 7
1 10.86631229 46.76047142 33.7759773 72.63 0 7
1 10.85098785 50.84479456 33.77058342 72.63 0 7
1 12.08925682 54.19384915 39.9864105 72.63 0 7
1 12.08386294 54.20917359 35.90208736 72.63 0 7
1 14.21536688 52.9762985 32.53770833 72.63 0 7
1 18.29969002 52.97090462 32.55303277 72.63 0 7
2 14.2777479 50.78241354 35.96446838 69.723 0 3
2 16.2564817 51.495361 32.5438108 69.723 0 2
2 10.85709032 48.80367974 35.25152092 69.723 0 2
2 13.56480044 54.20307112 37.94320218 69.723 0 2
2 12.91925324 48.79190636 39.25240986 69.723 0 4
2 19.5960671 48.81606249 39.29440483 69.723 0 4
2 17.60768435 45.46409434 37.93081943 69.723 0 4
2 17.56568938 52.1409082 37.95497556 69.723 0 4
2 16.24409895 47.45247709 41.28278758 69.723 0 4
2 16.26825508 47.49447206 34.60597372 69.723 0 4
2 10.86517388 46.70293132 42.0355304 69.723 0 4
2 21.68877947 50.8754443 42.08091323 69.723 0 4
2 20.39419275 43.37138197 35.87143762 69.723 0 4
2 20.34880992 54.19498756 40.0439506 69.723 0 4
2 14.18471714 44.66596869 43.37549995 69.723 0 4
2 18.35723012 44.71135152 32.55189436 69.723 0 4
0 16.27509021 48.78507123 48.80517093 137.327 0 0
0 21.67934485 43.38081659 54.20942557 137.327 0 0
0 10.84678719 51.49179991 48.8219402 137.327 0 1
0 21.62059015 46.10214018 48.88212795 137.327 0 1
0 16.35204723 43.43957129 51.48810198 137.327 0 1
0 16.29185948 54.21337425 46.09844225 137.327 0 1
0 18.95802126 48.70811421 54.15067087 137.327 0 1
0 13.56836153 48.76830196 43.37686791 137.327 0 1
1 14.2842632 50.82250897 50.7724107 72.63 0 6
1 18.24232998 50.77589824 46.76773319 72.63 0 6
1 14.23765247 46.81783146 46.81434392 72.63 0 6
1 18.27287208 46.78728936 50.8029528 72.63 0 6
1 19.68788349 45.37227795 52.21796421 72.63 0 6
1 12.82641957 45.35386271 45.39711562 72.63 0 6
1 19.70629873 52.19312654 45.35650029 72.63 0 6
1 12.8670349 52.23374187 52.23637945 72.63 0 6
1 18.30110048 46.84140229 46.78162 72.63 0 6
1 14.25153928 46.75906096 50.74883987 72.63 0 6
1 18.21875915 50.80862216 50.8311812 72.63 0 6
1 12.84450321 52.21565823 45.37458393 72.63 0 6
1 19.65640466 52.19517797 52.26892354 72.63 0 6
1 12.86498347 45.32131862 52.18648538 72.63 0 6
1 19.73884282 45.40375678 45.39506419 72.63 0 6
1 16.2489601 46.07448338 43.39156988 72.63 0 5
1 10.86148916 48.81120134 51.51575878 72.63 0 5
1 18.98567806 54.19867228 48.77904082 72.63 0 5
1 19.64744536 48.82283707 47.54949557 72.63 0 7
1 12.88993863 48.80648733 47.5647125 72.63 0 7
1 15.01941485 45.41271608 48.76740509 72.63 0 7
1 15.03463178 52.17022281 48.78375483 72.63 0 7
1 16.25367411 50.02552966 45.42001935 72.63 0 7
1 16.23732437 50.04074659 52.17752608 72.63 0 7
1 10.86862339 46.75816032 44.62164864 72.63 0 7
1 10.85329895 50.84248346 44.61625476 72.63 0 7
1 12.09156792 54.19153805 50.83208184 72.63 0 7
1 12.08617404 54.20686249 46.7477587 72.63 0 7
1 14.21767798 52.9739874 43.38337967 72.63 0 7
1 18.30200112 52.96859352 43.39870411 72.63 0 7
2 14.280059 50.78010244 46.81013972 69.723 0 3
2 16.2587928 51.4930499 43.38948214 69.723 0 2
2 10.85940142 48.80136864 46.09719226 69.723 0 2
2 13.56711154 54.20076002 48.78887352 69.723 0 2
2 12.92156434 48.78959526 50.0980812 69.723 0 4
2 19.5983782 48.81375139 50.14007617 69.723 0 4
2 17.60999545 45.46178324 48.77649077 69.723 0 4
2 17.56800048 52.1385971 48.8006469 69.723 0 4
2 16.24641005 47.45016599 52.12845892 69.723 0 4
2 16.27056618 47.49216096 45.45164506 69.723 0 4
2 10.86748498 46.70062022 52.88120174 69.723 0 4
2 21.69109057 50.8731332 52.92658457 69.723 0 4
2 20.39650385 43.36907087 46.71710896 69.723 0 4
2 20.35112102 54.19267646 50.88962194 69.723 0 4
2 14.18702824 44.66365759 54.22117129 69.723 0 4
2 18.35954122 44.70904042 43.3975657 69.723 0 4
0 16.27740131 48.78276013 59.65084227 137.327 0 0
0 21.68165595 43.37850549 65.05509691 137.327 0 0
0 10.84909829 51.48948881 59.66761154 137.327 0 1
0 21.62290125 46.09982908 59.72779929 137.327 0 1
0 16.35435833 43.43726019 62.33377332 137.327 0 1
0 16.29417058 54.21106315 56.94411359 137.327 0 1
0 18.96033236 48.70580311 64.99634221 137.327 0 1
0 13.57067263 48.76599086 54.22253925 137.327 0 1
1 14.2865743 50.82019787 61.61808204 72.63 0 6
1 18.24464108 50.77358714 57.61340453 72.63 0 6
1 14.23996357 46.81552036 57.66001526 72.63 0 6
1 18.27518318 46.78497826 61.64862414 72.63 0 6
1 19.69019459 45.36996685 63.06363555 72.63 0 6
1 12.82873067 45.35155161 56.24278696 72.63 0 6
1 19.70860983 52.19081544 56.20217163 72.63 0 6
1 12.869346 52.23143077 63.08205079 72.63 0 6
1 18.30341158 46.83909119 57.62729134 72.63 0 6
1 14.25385038 46.75674986 61.59451121 72.63 0 6
1 18.22107025 50.80631106 61.67685254 72.63 0 6
1 12.84681431 52.21334713 56.22025527 72.63 0 6
1 19.65871576 52.19286687 63.11459488 72.63 0 6
1 12.86729457 45.31900752 63.03215672 72.63 0 6
1 19.74115392 45.40144568 56.24073553 72.63 0 6
1 16.2512712 46.07217228 54.23724122 72.63 0 5
1 10.86380026 48.80889024 62.36143012 72.63 0 5
1 18.98798916 54.19636118 59.62471216 72.63 0 5
1 19.64975646 48.82052597 58.39516691 72.63 0 7
1 12.89224973 48.80417623 58.41038384 72.63 0 7
1 15.02172595 45.41040498 59.61307643 72.63 0 7
1 15.03694288 52.16791171 59.62942617 72.63 0 7
1 16.25598521 50.02321856 56.26569069 72.63 0 7
1 16.23963547 50.03843549 63.02319742 72.63 0 7
1 10.87093449 46.75584922 55.46731998 72.63 0 7
1 10.85561005 50.84017236 55.4619261 72.63 0 7
1 12.09387902 54.18922695 61.67775318 72.63 0 7
1 12.08848514 54.20455139 57.59343004 72.63 0 7
1 14.21998908 52.9716763 54.22905101 72.63 0 7
1 18.30431222 52.96628242 54.24437545 72.63 0 7
2 14.2823701 50.77779134 57.65581106 69.723 0 3
2 16.2611039 51.4907388 54.23515348 69.723 0 2
2 10.86171252 48.79905754 56.9428636 69.723 0 2
2 13.56942264 54.19844892 59.63454486 69.723 0 2
2 12.92387544 48.78728416 60.94375254 69.723 0 4
2 19.6006893 48.81144029 60.98574751 69.723 0 4
2 17.61230655 45.45947214 59.62216211 69.723 0 4
2 17.57031158 52.136286 59.64631824 69.723 0 4
2 16.24872115 47.44785489 62.97413026 69.723 0 4
2 16.27287728 47.48984986 56.2973164 69.723 0 4
2 10.86979608 46.69830912 63.72687308 69.723 0 4
2 21.69340167 50.8708221 63.77225591 69.723 0 4
2 20.39881495 43.36675977 57.5627803 69.723 0 4
2 20.35343212 54.19036536 61.73529328 69.723 0 4
2 14.18933934 44.66134649 65.06684263 69.723 0 4
2 18.36185232 44.70672932 54.24323704 69.723 0 4
0 16.26353471 59.63998697 5.42017447 137.327 0 0
0 21.66778935 54.23573233 10.82442911 137.327 0 0
0 10.83523169 62.34671565 5.43694374 137.327 0 1
0 21.60903465 56.95705592 5.49713149 137.327 0 1
0 16.34049173 54.29448703 8.10310552 137.327 0 1
0 16.28030398 65.06828999 2.71344579 137.327 0 1
0 18.94646576 59.56302995 10.76567441 137.327 0 1
0 13.55680603 59.6232177 -0.00812855 137.327 0 1
1 14.2727077 61.67742471 7.38741424 72.63 0 6
1 18.23077448 61.63081398 3.38273673 72.63 0 6
1 14.22609697 57.6727472 3.42934746 72.63 0 6
1 18.26131658 57.6422051 7.41795634 72.63 0 6
1 19.67632799 56.22719369 8.83296775 72.63 0 6
1 12.81486407 56.20877845 2.01211916 72.63 0 6
1 19.69474323 63.04804228 1.97150383 72.63 0 6
1 12.8554794 63.08865761 8.85138299 72.63 0 6
1 18.28954498 57.69631803 3.39662354 72.63 0 6
1 14.23998378 57.6139767 7.36384341 72.63 0 6
1 18.20720365 61.6635379 7.44618474 72.63 0 6
1 12.83294771 63.07057397 1.98958747 72.63 0 6
1 19.64484916 63.05009371 8.88392708 72.63 0 6
1 12.85342797 56.17623436 8.80148892 72.63 0 6
1 19.72728732 56.25867252 2.01006773 72.63 0 6
1 16.2374046 56.92939912 0.00657342 72.63 0 5
1 10.84993366 59.66611708 8.13076232 72.63 0 5
1 18.97412256 65.05358802 5.39404436 72.63 0 5
1 19.63588986 59.67775281 4.16449911 72.63 0 7
1 12.87838313 59.66140307 4.17971604 72.63 0 7
1 15.00785935 56.26763182 5.38240863 72.63 0 7
1 15.02307628 63.02513855 5.39875837 72.63 0 7
1 16.24211861 60.8804454 2.03502289 72.63 0 7
1 16.22576887 60.89566233 8.79252962 72.63 0 7
1 10.85706789 57.61307606 1.23665218 72.63 0 7
1 10.84174345 61.6973992 1.2312583 72.63 0 7
1 12.08001242 65.04645379 7.44708538 72.63 0 7
1 12.07461854 65.06177823 3.36276224 72.63 0 7
1 14.20612248 63.82890314 -0.00161679 72.63 0 7
1 18.29044562 63.82350926 0.01370765 72.63 0 7
2 14.2685035 61.63501818 3.42514326 69.723 0 3
2 16.2472373 62.34796564 0.00448568 69.723 0 2
2 10.84784592 59.65628438 2.7121958 69.723 0 2
2 13.55555604 65.05567576 5.40387706 69.723 0 2
2 12.91000884 59.644511 6.71308474 69.723 0 4
2 19.5868227 59.66866713 6.75507971 69.723 0 4
2 17.59843995 56.31669898 5.39149431 69.723 0 4
2 17.55644498 62.99351284 5.41565044 69.723 0 4
2 16.23485455 58.30508173 8.74346246 69.723 0 4
2 16.25901068 58.3470767 2.0666486 69.723 0 4
2 10.85592948 57.55553596 9.49620528 69.723 0 4
2 21.67953507 61.72804894 9.54158811 69.723 0 4
2 20.38494835 54.22398661 3.3321125 69.723 0 4
2 20.33956552 65.0475922 7.50462548 69.723 0 4
2 14.17547274 55.51857333 10.83617483 69.723 0 4
2 18.34798572 55.56395616 0.01256924 69.723 0 4
0 16.26584581 59.63767587 16.26584581 137.327 0 0
0 21.67010045 54.23342123 21.67010045 137.327 0 0
0 10.83754279 62.34440455 16.28261508 137.327 0 1
0 21.61134575 56.95474482 16.34280283 137.327 0 1
0 16.34280283 54.29217593 18.94877686 137.327 0 1
0 16.28261508 65.06597889 13.55911713 137.327 0 1
0 18.94877686 59.56071885 21.61134575 137.327 0 1
0 13.55911713 59.6209066 10.83754279 137.327 0 1
1 14.2750188 61.67511361 18.23308558 72.63 0 6
1 18.23308558 61.62850288 14.22840807 72.63 0 6
1 14.22840807 57.6704361 14.2750188 72.63 0 6
1 18.26362768 57.639894 18.26362768 72.63 0 6
1 19.67863909 56.22488259 19.67863909 72.63 0 6
1 12.81717517 56.20646735 12.8577905 72.63 0 6
1 19.69705433 63.04573118 12.81717517 72.63 0 6
1 12.8577905 63.08634651 19.69705433 72.63 0 6
1 18.29185608 57.69400693 14.24229488 72.63 0 6
1 14.24229488 57.6116656 18.20951475 72.63 0 6
1 18.20951475 61.6612268 18.29185608 72.63 0 6
1 12.83525881 63.06826287 12.83525881 72.63 0 6
1 19.64716026 63.04778261 19.72959842 72.63 0 6
1 12.85573907 56.17392326 19.64716026 72.63 0 6
1 19.72959842 56.25636142 12.85573907 72.63 0 6
1 16.2397157 56.92708802 10.85224476 72.63 0 5
1 10.85224476 59.66380598 18.97643366 72.63 0 5
1 18.97643366 65.05127692 16.2397157 72.63 0 5
1 19.63820096 59.67544171 15.01017045 72.63 0 7
1 12.88069423 59.65909197 15.02538738 72.63 0 7
1 15.01017045 56.26532072 16.22807997 72.63 0 7
1 15.02538738 63.02282745 16.24442971 72.63 0 7
1 16.24442971 60.8781343 12.88069423 72.63 0 7
1 16.22807997 60.89335123 19.63820096 72.63 0 7
1 10.85937899 57.61076496 12.08232352 72.63 0 7
1 10.84405455 61.6950881 12.07692964 72.63 0 7
1 12.08232352 65.04414269 18.29275672 72.63 0 7
1 12.07692964 65.05946713 14.20843358 72.63 0 7
1 14.20843358 63.82659204 10.84405455 72.63 0 7
1 18.29275672 63.82119816 10.85937899 72.63 0 7
2 14.2708146 61.63270708 14.2708146 69.723 0 3
2 16.2495484 62.34565454 10.85015702 69.723 0 2
2 10.85015702 59.65397328 13.55786714 69.723 0 2
2 13.55786714 65.05336466 16.2495484 69.723 0 2
2 12.91231994 59.6421999 17.55875608 69.723 0 4
2 19.5891338 59.66635603 17.60075105 69.723 0 4
2 17.60075105 56.31438788 16.23716565 69.723 0 4
2 17.55875608 62.99120174 16.26132178 69.723 0 4
2 16.23716565 58.30277063 19.5891338 69.723 0 4
2 16.26132178 58.3447656 12.91231994 69.723 0 4
2 10.85824058 57.55322486 20.34187662 69.723 0 4
2 21.68184617 61.72573784 20.38725945 69.723 0 4
2 20.38725945 54.22167551 14.17778384 69.723 0 4
2 20.34187662 65.0452811 18.35029682 69.723 0 4
2 14.17778384 55.51626223 21.68184617 69.723 0 4
2 18.35029682 55.56164506 10.85824058 69.723 0 4
0 16.26815691 59.63536477 27.11151715 137.327 0 0
0 21.67241155 54.23111013 32.51577179 137.327 0 0
0 10.83985389 62.34209345 27.12828642 137.327 0 1
0 21.61365685 56.95243372 27.18847417 137.327 0 1
0 16.34511393 54.28986483 29.7944482 137.327 0 1
0 16.28492618 65.06366779 24.40478847 137.327 0 1
0 18.95108796 59.55840775 32.45701709 137.327 0 1
0 13.56142823 59.6185955 21.68321413 137.327 0 1
1 14.2773299 61.67280251 29.07875692 72.63 0 6
1 18.23539668 61.62619178 25.07407941 72.63 0 6
1 14.23071917 57.668125 25.12069014 72.63 0 6
1 18.26593878 57.6375829 29.10929902 72.63 0 6
1 19.68095019 56.22257149 30.52431043 72.63 0 6
1 12.81948627 56.20415625 23.70346184 72.63 0 6
1 19.69936543 63.04342008 23.66284651 72.63 0 6
1 12.8601016 63.08403541 30.54272567 72.63 0 6
1 18.29416718 57.69169583 25.08796622 72.63 0 6
1 14.24460598 57.6093545 29.05518609 72.63 0 6
1 18.21182585 61.6589157 29.13752742 72.63 0 6
1 12.83756991 63.06595177 23.68093015 72.63 0 6
1 19.64947136 63.04547151 30.57526976 72.63 0 6
1 12.85805017 56.17161216 30.4928316 72.63 0 6
1 19.73190952 56.25405032 23.70141041 72.63 0 6
1 16.2420268 56.92477692 21.6979161 72.63 0 5
1 10.85455586 59.66149488 29.822105 72.63 0 5
1 18.97874476 65.04896582 27.08538704 72.63 0 5
1 19.64051206 59.67313061 25.85584179 72.63 0 7
1 12.88300533 59.65678087 25.87105872 72.63 0 7
1 15.01248155 56.26300962 27.07375131 72.63 0 7
1 15.02769848 63.02051635 27.09010105 72.63 0 7
1 16.24674081 60.8758232 23.72636557 72.63 0 7
1 16.23039107 60.89104013 30.4838723 72.63 0 7
1 10.86169009 57.60845386 22.92799486 72.63 0 7
1 10.84636565 61.692777 22.92260098 72.63 0 7
1 12.08463462 65.04183159 29.13842806 72.63 0 7
1 12.07924074 65.05715603 25.05410492 72.63 0 7
1 14.21074468 63.82428094 21.68972589 72.63 0 7
1 18.29506782 63.81888706 21.70505033 72.63 0 7
2 14.2731257 61.63039598 25.11648594 69.723 0 3
2 16.2518595 62.34334344 21.69582836 69.723 0 2
2 10.85246812 59.65166218 24.40353848 69.723 0 2
2 13.56017824 65.05105356 27.09521974 69.723 0 2
2 12.91463104 59.6398888 28.40442742 69.723 0 4
2 19.5914449 59.66404493 28.44642239 69.723 0 4
2 17.60306215 56.31207678 27.08283699 69.723 0 4
2 17.56106718 62.98889064 27.10699312 69.723 0 4
2 16.23947675 58.30045953 30.43480514 69.723 0 4
2 16.26363288 58.3424545 23.75799128 69.723 0 4
2 10.86055168 57.55091376 31.18754796 69.723 0 4
2 21.68415727 61.72342674 31.23293079 69.723 0 4
2 20.38957055 54.21936441 25.02345518 69.723 0 4
2 20.34418772 65.04297 29.19596816 69.723 0 4
2 14.18009494 55.51395113 32.52751751 69.723 0 4
2 18.35260792 55.55933396 21.70391192 69.723 0 4
0 16.27046801 59.63305367 37.95718849 137.327 0 0
0 21.67472265 54.22879903 43.36144313 137.327 0 0
0 10.84216499 62.33978235 37.97395776 137.327 0 1
0 21.61596795 56.95012262 38.03414551 137.327 0 1
0 16.34742503 54.28755373 40.64011954 137.327 0 1
0 16.28723728 65.06135669 35.25045981 137.327 0 1
0 18.95339906 59.55609665 43.30268843 137.327 0 1
0 13.56373933 59.6162844 32.52888547 137.327 0 1
1 14.279641 61.67049141 39.92442826 72.63 0 6
1 18.23770778 61.62388068 35.91975075 72.63 0 6
1 14.23303027 57.6658139 35.96636148 72.63 0 6
1 18.26824988 57.6352718 39.95497036 72.63 0 6
1 19.68326129 56.22026039 41.36998177 72.63 0 6
1 12.82179737 56.20184515 34.54913318 72.63 0 6
1 19.70167653 63.04110898 34.50851785 72.63 0 6
1 12.8624127 63.08172431 41.38839701 72.63 0 6
1 18.29647828 57.68938473 35.93363756 72.63 0 6
1 14.24691708 57.6070434 39.90085743 72.63 0 6
1 18.21413695 61.6566046 39.98319876 72.63 0 6
1 12.83988101 63.06364067 34.52660149 72.63 0 6
1 19.65178246 63.04316041 41.4209411 72.63 0 6
1 12.86036127 56.16930106 41.33850294 72.63 0 6
1 19.73422062 56.25173922 34.54708175 72.63 0 6
1 16.2443379 56.92246582 32.54358744 72.63 0 5
1 10.85686696 59.65918378 40.66777634 72.63 0 5
1 18.98105586 65.04665472 37.93105838 72.63 0 5
1 19.64282316 59.67081951 36.70151313 72.63 0 7
1 12.88531643 59.65446977 36.71673006 72.63 0 7
1 15.01479265 56.26069852 37.91942265 72.63 0 7
1 15.03000958 63.01820525 37.93577239 72.63 0 7
1 16.24905191 60.8735121 34.57203691 72.63 0 7
1 16.23270217 60.88872903 41.32954364 72.63 0 7
1 10.86400119 57.60614276 33.7736662 72.63 0 7
1 10.84867675 61.6904659 33.76827232 72.63 0 7
1 12.08694572 65.03952049 39.9840994 72.63 0 7
1 12.08155184 65.05484493 35.89977626 72.63 0 7
1 14.21305578 63.82196984 32.53539723 72.63 0 7
1 18.29737892 63.81657596 32.55072167 72.63 0 7
2 14.2754368 61.62808488 35.96215728 69.723 0 3
2 16.2541706 62.34103234 32.5414997 69.723 0 2
2 10.85477922 59.64935108 35.24920982 69.723 0 2
2 13.56248934 65.04874246 37.94089108 69.723 0 2
2 12.91694214 59.6375777 39.25009876 69.723 0 4
2 19.593756 59.66173383 39.29209373 69.723 0 4
2 17.60537325 56.30976568 37.92850833 69.723 0 4
2 17.56337828 62.98657954 37.95266446 69.723 0 4
2 16.24178785 58.29814843 41.28047648 69.723 0 4
2 16.26594398 58.3401434 34.60366262 69.723 0 4
2 10.86286278 57.54860266 42.0332193 69.723 0 4
2 21.68646837 61.72111564 42.07860213 69.723 0 4
2 20.39188165 54.21705331 35.86912652 69.723 0 4
2 20.34649882 65.0406589 40.0416395 69.723 0 4
2 14.18240604 55.51164003 43.37318885 69.723 0 4
2 18.35491902 55.55702286 32.54958326 69.723 0 4
0 16.27277911 59.63074257 48.80285983 137.327 0 0
0 21.67703375 54.22648793 54.20711447 137.327 0 0
0 10.84447609 62.33747125 48.8196291 137.327 0 1
0 21.61827905 56.94781152 48.87981685 137.327 0 1
0 16.34973613 54.28524263 51.48579088 137.327 0 1
0 16.28954838 65.05904559 46.09613115 137.327 0 1
0 18.95571016 59.55378555 54.14835977 137.327 0 1
0 13.56605043 59.6139733 43.37455681 137.327 0 1
1 14.2819521 61.66818031 50.7700996 72.63 0 6
1 18.24001888 61.62156958 46.76542209 72.63 0 6
1 14.23534137 57.6635028 46.81203282 72.63 0 6
1 18.27056098 57.6329607 50.8006417 72.63 0 6
1 19.68557239 56.21794929 52.21565311 72.63 0 6
1 12.82410847 56.19953405 45.39480452 72.63 0 6
1 19.70398763 63.03879788 45.35418919 72.63 0 6
1 12.8647238 63.07941321 52.23406835 72.63 0 6
1 18.29878938 57.68707363 46.7793089 72.63 0 6
1 14.24922818 57.6047323 50.74652877 72.63 0 6
1 18.21644805 61.6542935 50.8288701 72.63 0 6
1 12.84219211 63.06132957 45.37227283 72.63 0 6
1 19.65409356 63.04084931 52.26661244 72.63 0 6
1 12.86267237 56.16698996 52.18417428 72.63 0 6
1 19.73653172 56.24942812 45.39275309 72.63 0 6
1 16.246649 56.92015472 43.38925878 72.63 0 5
1 10.85917806 59.65687268 51.51344768 72.63 0 5
1 18.98336696 65.04434362 48.77672972 72.63 0 5
1 19.64513426 59.66850841 47.54718447 72.63 0 7
1 12.88762753 59.65215867 47.5624014 72.63 0 7
1 15.01710375 56.25838742 48.76509399 72.63 0 7
1 15.03232068 63.01589415 48.78144373 72.63 0 7
1 16.25136301 60.871201 45.41770825 72.63 0 7
1 16.23501327 60.88641793 52.17521498 72.63 0 7
1 10.86631229 57.60383166 44.61933754 72.63 0 7
1 10.85098785 61.6881548 44.61394366 72.63 0 7
1 12.08925682 65.03720939 50.82977074 72.63 0 7
1 12.08386294 65.05253383 46.7454476 72.63 0 7
1 14.21536688 63.81965874 43.38106857 72.63 0 7
1 18.29969002 63.81426486 43.39639301 72.63 0 7
2 14.2777479 61.62577378 46.80782862 69.723 0 3
2 16.2564817 62.33872124 43.38717104 69.723 0 2
2 10.85709032 59.64703998 46.09488116 69.723 0 2
2 13.56480044 65.04643136 48.78656242 69.723 0 2
2 12.91925324 59.6352666 50.0957701 69.723 0 4
2 19.5960671 59.65942273 50.13776507 69.723 0 4
2 17.60768435 56.30745458 48.77417967 69.723 0 4
2 17.56568938 62.98426844 48.7983358 69.723 0 4
2 16.24409895 58.29583733 52.12614782 69.723 0 4
2 16.26825508 58.3378323 45.44933396 69.723 0 4
2 10.86517388 57.54629156 52.87889064 69.723 0 4
2 21.68877947 61.71880454 52.92427347 69.723 0 4
2 20.39419275 54.21474221 46.71479786 69.723 0 4
2 20.34880992 65.0383478 50.88731084 69.723 0 4
2 14.18471714 55.50932893 54.21886019 69.723 0 4
2 18.35723012 55.55471176 43.3952546 69.723 0 4
0 16.27509021 59.62843147 59.64853117 137.327 0 0
0 21.67934485 54.22417683 65.05278581 137.327 0 0
0 10.84678719 62.33516015 59.66530044 137.327 0 1
0 21.62059015 56.94550042 59.72548819 137.327 0 1
0 16.35204723 54.28293153 62.33146222 137.327 0 1
0 16.29185948 65.05673449 56.94180249 137.327 0 1
0 18.95802126 59.55147445 64.99403111 137.327 0 1
0 13.56836153 59.6116622 54.22022815 137.327 0 1
1 14.2842632 61.66586921 61.61577094 72.63 0 6
1 18.24232998 61.61925848 57.61109343 72.63 0 6
1 14.23765247 57.6611917 57.65770416 72.63 0 6
1 18.27287208 57.6306496 61.64631304 72.63 0 6
1 19.68788349 56.21563819 63.06132445 72.63 0 6
1 12.82641957 56.19722295 56.24047586 72.63 0 6
1 19.70629873 63.03648678 56.19986053 72.63 0 6
1 12.8670349 63.07710211 63.07973969 72.63 0 6
1 18.30110048 57.68476253 57.62498024 72.63 0 6
1 14.25153928 57.6024212 61.59220011 72.63 0 6
1 18.21875915 61.6519824 61.67454144 72.63 0 6
1 12.84450321 63.05901847 56.21794417 72.63 0 6
1 19.65640466 63.03853821 63.11228378 72.63 0 6
1 12.86498347 56.16467886 63.02984562 72.63 0 6
1 19.73884282 56.24711702 56.23842443 72.63 0 6
1 16.2489601 56.91784362 54.23493012 72.63 0 5
1 10.86148916 59.65456158 62.35911902 72.63 0 5
1 18.98567806 65.04203252 59.62240106 72.63 0 5
1 19.64744536 59.66619731 58.39285581 72.63 0 7
1 12.88993863 59.64984757 58.40807274 72.63 0 7
1 15.01941485 56.25607632 59.61076533 72.63 0 7
1 15.03463178 63.01358305 59.62711507 72.63 0 7
1 16.25367411 60.8688899 56.26337959 72.63 0 7
1 16.23732437 60.88410683 63.02088632 72.63 0 7
1 10.86862339 57.60152056 55.46500888 72.63 0 7
1 10.85329895 61.6858437 55.459615 72.63 0 7
1 12.09156792 65.03489829 61.67544208 72.63 0 7
1 12.08617404 65.05022273 57.59111894 72.63 0 7
1 14.21767798 63.81734764 54.22673991 72.63 0 7
1 18.30200112 63.81195376 54.24206435 72.63 0 7
2 14.280059 61.62346268 57.65349996 69.723 0 3
2 16.2587928 62.33641014 54.23284238 69.723 0 2
2 10.85940142 59.64472888 56.9405525 69.723 0 2
2 13.56711154 65.04412026 59.63223376 69.723 0 2
2 12.92156434 59.6329555 60.94144144 69.723 0 4
2 19.5983782 59.65711163 60.98343641 69.723 0 4
2 17.60999545 56.30514348 59.61985101 69.723 0 4
2 17.56800048 62.98195734 59.64400714 69.723 0 4
2 16.24641005 58.29352623 62.97181916 69.723 0 4
2 16.27056618 58.3355212 56.2950053 69.723 0 4
2 10.86748498 57.54398046 63.72456198 69.723 0 4
2 21.69109057 61.71649344 63.76994481 69.723 0 4
2 20.39650385 54.21243111 57.5604692 69.723 0 4
2 20.35112102 65.0360367 61.73298218 69.723 0 4
2 14.18702824 55.50701783 65.06453153 69.723 0 4
2 18.35954122 55.55240066 54.24092594 69.723 0 4
0 27.12076155 5.40931917 5.43404107 137.327 0 0
0 32.52501619 0.00506453 10.83829571 137.327 0 0
0 21.69245853 8.11604785 5.45081034 137.327 0 1
0 32.46626149 2.72638812 5.51099809 137.327 0 1
0 27.19771857 0.06381923 8.11697212 137.327 0 1
0 27.13753082 10.83762219 2.72731239 137.327 0 1
0 29.8036926 5.33236215 10.77954101 137.327 0 1
0 24.41403287 5.3925499 0.00573805 137.327 0 1
1 25.12993454 7.44675691 7.40128084 72.63 0 6
1 29.08800132 7.40014618 3.39660333 72.63 0 6
1 25.08332381 3.4420794 3.44321406 72.63 0 6
1 29.11854342 3.4115373 7.43182294 72.63 0 6
1 30.53355483 1.99652589 8.84683435 72.63 0 6
1 23.67209091 1.97811065 2.02598576 72.63 0 6
1 30.55197007 8.81737448 1.98537043 72.63 0 6
1 23.71270624 8.85798981 8.86524959 72.63 0 6
1 29.14677182 3.46565023 3.41049014 72.63 0 6
1 25.09721062 3.3833089 7.37771001 72.63 0 6
1 29.06443049 7.4328701 7.46005134 72.63 0 6
1 23.69017455 8.83990617 2.00345407 72.63 0 6
1 30.502076 8.81942591 8.89779368 72.63 0 6
1 23.71065481 1.94556656 8.81535552 72.63 0 6
1 30.58451416 2.02800472 2.02393433 72.63 0 6
1 27.09463144 2.69873132 0.02044002 72.63 0 5
1 21.7071605 5.43544928 8.14462892 72.63 0 5
1 29.8313494 10.82292022 5.40791096 72.63 0 5
1 30.4931167 5.44708501 4.17836571 72.63 0 7
1 23.73560997 5.43073527 4.19358264 72.63 0 7
1 25.86508619 2.03696402 5.39627523 72.63 0 7
1 25.88030312 8.79447075 5.41262497 72.63 0 7
1 27.09934545 6.6497776 2.04888949 72.63 0 7
1 27.08299571 6.66499453 8.80639622 72.63 0 7
1 21.71429473 3.38240826 1.25051878 72.63 0 7
1 21.69897029 7.4667314 1.2451249 72.63 0 7
1 22.93723926 10.81578599 7.46095198 72.63 0 7
1 22.93184538 10.83111043 3.37662884 72.63 0 7
1 25.06334932 9.59823534 0.01224981 72.63 0 7
1 29.14767246 9.59284146 0.02757425 72.63 0 7
2 25.12573034 7.40435038 3.43900986 69.723 0 3
2 27.10446414 8.11729784 0.01835228 69.723 0 2
2 21.70507276 5.42561658 2.7260624 69.723 0 2
2 24.41278288 10.82500796 5.41774366 69.723 0 2
2 23.76723568 5.4138432 6.72695134 69.723 0 4
2 30.44404954 5.43799933 6.76894631 69.723 0 4
2 28.45566679 2.08603118 5.40536091 69.723 0 4
2 28.41367182 8.76284504 5.42951704 69.723 0 4
2 27.09208139 4.07441393 8.75732906 69.723 0 4
2 27.11623752 4.1164089 2.0805152 69.723 0 4
2 21.71315632 3.32486816 9.51007188 69.723 0 4
2 32.53676191 7.49738114 9.55545471 69.723 0 4
2 31.24217519 -0.00668119 3.3459791 69.723 0 4
2 31.19679236 10.8169244 7.51849208 69.723 0 4
2 25.03269958 1.28790553 10.85004143 69.723 0 4
2 29.20521256 1.33328836 0.02643584 69.723 0 4
0 27.12307265 5.40700807 16.27971241 137.327 0 0
0 32.52732729 0.00275343 21.68396705 137.327 0 0
0 21.69476963 8.11373675 16.29648168 137.327 0 1
0 32.46857259 2.72407702 16.35666943 137.327 0 1
0 27.20002967 0.06150813 18.96264346 137.327 0 1
0 27.13984192 10.83531109 13.57298373 137.327 0 1
0 29.8060037 5.33005105 21.62521235 137.327 0 1
0 24.41634397 5.3902388 10.85140939 137.327 0 1
1 25.13224564 7.44444581 18.24695218 72.63 0 6
1 29.09031242 7.39783508 14.24227467 72.63 0 6
1 25.08563491 3.4397683 14.2888854 72.63 0 6
1 29.12085452 3.4092262 18.27749428 72.63 0 6
1 30.53586593 1.99421479 19.69250569 72.63 0 6
1 23.67440201 1.97579955 12.8716571 72.63 0 6
1 30.55428117 8.81506338 12.83104177 72.63 0 6
1 23.71501734 8.85567871 19.71092093 72.63 0 6
1 29.14908292 3.46333913 14.25616148 72.63 0 6
1 25.09952172 3.3809978 18.22338135 72.63 0 6
1 29.06674159 7.430559 18.30572268 72.63 0 6
1 23.69248565 8.83759507 12.84912541 72.63 0 6
1 30.5043871 8.81711481 19.74346502 72.63 0 6
1 23.71296591 1.94325546 19.66102686 72.63 0 6
1 30.58682526 2.02569362 12.86960567 72.63 0 6
1 27.09694254 2.69642022 10.86611136 72.63 0 5
1 21.7094716 5.43313818 18.99030026 72.63 0 5
1 29.8336605 10.82060912 16.2535823 72.63 0 5
1 30.4954278 5.44477391 15.02403705 72.63 0 7
1 23.73792107 5.42842417 15.03925398 72.63 0 7
1 25.86739729 2.03465292 16.24194657 72.63 0 7
1 25.88261422 8.79215965 16.25829631 72.63 0 7
1 27.10165655 6.6474665 12.89456083 72.63 0 7
1 27.08530681 6.66268343 19.65206756 72.63 0 7
1 21.71660583 3.38009716 12.09619012 72.63 0 7
1 21.70128139 7.4644203 12.09079624 72.63 0 7
1 22.93955036 10.81347489 18.30662332 72.63 0 7
1 22.93415648 10.82879933 14.22230018 72.63 0 7
1 25.06566042 9.59592424 10.85792115 72.63 0 7
1 29.14998356 9.59053036 10.87324559 72.63 0 7
2 25.12804144 7.40203928 14.2846812 69.723 0 3
2 27.10677524 8.11498674 10.86402362 69.723 0 2
2 21.70738386 5.42330548 13.57173374 69.723 0 2
2 24.41509398 10.82269686 16.263415 69.723 0 2
2 23.76954678 5.4115321 17.57262268 69.723 0 4
2 30.44636064 5.43568823 17.61461765 69.723 0 4
2 28.45797789 2.08372008 16.25103225 69.723 0 4
2 28.41598292 8.76053394 16.27518838 69.723 0 4
2 27.09439249 4.07210283 19.6030004 69.723 0 4
2 27.11854862 4.1140978 12.92618654 69.723 0 4
2 21.71546742 3.32255706 20.35574322 69.723 0 4
2 32.53907301 7.49507004 20.40112605 69.723 0 4
2 31.24448629 -0.00899229 14.19165044 69.723 0 4
2 31.19910346 10.8146133 18.36416342 69.723 0 4
2 25.03501068 1.28559443 21.69571277 69.723 0 4
2 29.20752366 1.33097726 10.87210718 69.723 0 4
0 27.12538375 5.40469697 27.12538375 137.327 0 0
0 32.52963839 0.00044233 32.52963839 137.327 0 0
0 21.69708073 8.11142565 27.14215302 137.327 0 1
0 32.47088369 2.72176592 27.20234077 137.327 0 1
0 27.20234077 0.05919703 29.8083148 137.327 0 1
0 27.14215302 10.83299999 24.41865507 137.327 0 1
0 29.8083148 5.32773995 32.47088369 137.327 0 1
0 24.41865507 5.3879277 21.69708073 137.327 0 1
1 25.13455674 7.44213471 29.09262352 72.63 0 6
1 29.09262352 7.39552398 25.08794601 72.63 0 6
1 25.08794601 3.4374572 25.13455674 72.63 0 6
1 29.12316562 3.4069151 29.12316562 72.63 0 6
1 30.53817703 1.99190369 30.53817703 72.63 0 6
1 23.67671311 1.97348845 23.71732844 72.63 0 6
1 30.55659227 8.81275228 23.67671311 72.63 0 6
1 23.71732844 8.85336761 30.55659227 72.63 0 6
1 29.15139402 3.46102803 25.10183282 72.63 0 6
1 25.10183282 3.3786867 29.06905269 72.63 0 6
1 29.06905269 7.4282479 29.15139402 72.63 0 6
1 23.69479675 8.83528397 23.69479675 72.63 0 6
1 30.5066982 8.81480371 30.58913636 72.63 0 6
1 23.71527701 1.94094436 30.5066982 72.63 0 6
1 30.58913636 2.02338252 23.71527701 72.63 0 6
1 27.09925364 2.69410912 21.7117827 72.63 0 5
1 21.7117827 5.43082708 29.8359716 72.63 0 5
1 29.8359716 10.81829802 27.09925364 72.63 0 5
1 30.4977389 5.44246281 25.86970839 72.63 0 7
1 23.74023217 5.42611307 25.88492532 72.63 0 7
1 25.86970839 2.03234182 27.08761791 72.63 0 7
1 25.88492532 8.78984855 27.10396765 72.63 0 7
1 27.10396765 6.6451554 23.74023217 72.63 0 7
1 27.08761791 6.66037233 30.4977389 72.63 0 7
1 21.71891693 3.37778606 22.94186146 72.63 0 7
1 21.70359249 7.4621092 22.93646758 72.63 0 7
1 22.94186146 10.81116379 29.15229466 72.63 0 7
1 22.93646758 10.82648823 25.06797152 72.63 0 7
1 25.06797152 9.59361314 21.70359249 72.63 0 7
1 29.15229466 9.58821926 21.71891693 72.63 0 7
2 25.13035254 7.39972818 25.13035254 69.723 0 3
2 27.10908634 8.11267564 21.70969496 69.723 0 2
2 21.70969496 5.42099438 24.41740508 69.723 0 2
2 24.41740508 10.82038576 27.10908634 69.723 0 2
2 23.77185788 5.409221 28.41829402 69.723 0 4
2 30.44867174 5.43337713 28.46028899 69.723 0 4
2 28.46028899 2.08140898 27.09670359 69.723 0 4
2 28.41829402 8.75822284 27.12085972 69.723 0 4
2 27.09670359 4.06979173 30.44867174 69.723 0 4
2 27.12085972 4.1117867 23.77185788 69.723 0 4
2 21.71777852 3.32024596 31.20141456 69.723 0 4
2 32.54138411 7.49275894 31.24679739 69.723 0 4
2 31.24679739 -0.01130339 25.03732178 69.723 0 4
2 31.20141456 10.8123022 29.20983476 69.723 0 4
2 25.03732178 1.28328333 32.54138411 69.723 0 4
2 29.20983476 1.32866616 21.71777852 69.723 0 4
0 27.12769485 5.40238587 37.97105509 137.327 0 0
0 32.53194949 -0.00186877 43.37530973 137.327 0 0
0 21.69939183 8.10911455 37.98782436 137.327 0 1
0 32.47319479 2.71945482 38.04801211 137.327 0 1
0 27.20465187 0.05688593 40.65398614 137.327 0 1
0 27.14446412 10.83068889 35.26432641 137.327 0 1
0 29.8106259 5.32542885 43.31655503 137.327 0 1
0 24.42096617 5.3856166 32.54275207 137.327 0 1
1 25.13686784 7.43982361 39.93829486 72.63 0 6
1 29.09493462 7.39321288 35.93361735 72.63 0 6
1 25.09025711 3.4351461 35.98022808 72.63 0 6
1 29.12547672 3.404604 39.96883696 72.63 0 6
1 30.54048813 1.98959259 41.38384837 72.63 0 6
1 23.67902421 1.97117735 34.56299978 72.63 0 6
1 30.55890337 8.81044118 34.52238445 72.63 0 6
1 23.71963954 8.85105651 41.40226361 72.63 0 6
1 29.15370512 3.45871693 35.94750416 72.63 0 6
1 25.10414392 3.3763756 39.91472403 72.63 0 6
1 29.07136379 7.4259368 39.99706536 72.63 0 6
1 23.69710785 8.83297287 34.54046809 72.63 0 6
1 30.5090093 8.81249261 41.4348077 72.63 0 6
1 23.71758811 1.93863326 41.35236954 72.63 0 6
1 30.59144746 2.02107142 34.56094835 72.63 0 6
1 27.10156474 2.69179802 32.55745404 72.63 0 5
1 21.7140938 5.42851598 40.68164294 72.63 0 5
1 29.8382827 10.81598692 37.94492498 72.63 0 5
1 30.50005 5.44015171 36.71537973 72.63 0 7
1 23.74254327 5.42380197 36.73059666 72.63 0 7
1 25.87201949 2.03003072 37.93328925 72.63 0 7
1 25.88723642 8.78753745 37.94963899 72.63 0 7
1 27.10627875 6.6428443 34.58590351 72.63 0 7
1 27.08992901 6.65806123 41.34341024 72.63 0 7
1 21.72122803 3.37547496 33.7875328 72.63 0 7
1 21.70590359 7.4597981 33.78213892 72.63 0 7
1 22.94417256 10.80885269 39.997966 72.63 0 7
1 22.93877868 10.82417713 35.91364286 72.63 0 7
1 25.07028262 9.59130204 32.54926383 72.63 0 7
1 29.15460576 9.58590816 32.56458827 72.63 0 7
2 25.13266364 7.39741708 35.97602388 69.723 0 3
2 27.11139744 8.11036454 32.5553663 69.723 0 2
2 21.71200606 5.41868328 35.26307642 69.723 0 2
2 24.41971618 10.81807466 37.95475768 69.723 0 2
2 23.77416898 5.4069099 39.26396536 69.723 0 4
2 30.45098284 5.43106603 39.30596033 69.723 0 4
2 28.46260009 2.07909788 37.94237493 69.723 0 4
2 28.42060512 8.75591174 37.96653106 69.723 0 4
2 27.09901469 4.06748063 41.29434308 69.723 0 4
2 27.12317082 4.1094756 34.61752922 69.723 0 4
2 21.72008962 3.31793486 42.0470859 69.723 0 4
2 32.54369521 7.49044784 42.09246873 69.723 0 4
2 31.24910849 -0.01361449 35.88299312 69.723 0 4
2 31.20372566 10.8099911 40.0555061 69.723 0 4
2 25.03963288 1.28097223 43.38705545 69.723 0 4
2 29.21214586 1.32635506 32.56344986 69.723 0 4
0 27.13000595 5.40007477 48.81672643 137.327 0 0
0 32.53426059 -0.00417987 54.22098107 137.327 0 0
0 21.70170293 8.10680345 48.8334957 137.327 0 1
0 32.47550589 2.71714372 48.89368345 137.327 0 1
0 27.20696297 0.05457483 51.49965748 137.327 0 1
0 27.14677522 10.82837779 46.10999775 137.327 0 1
0 29.812937 5.32311775 54.16222637 137.327 0 1
0 24.42327727 5.3833055 43.38842341 137.327 0 1
1 25.13917894 7.43751251 50.7839662 72.63 0 6
1 29.09724572 7.39090178 46.77928869 72.63 0 6
1 25.09256821 3.432835 46.82589942 72.63 0 6
1 29.12778782 3.4022929 50.8145083 72.63 0 6
1 30.54279923 1.98728149 52.22951971 72.63 0 6
1 23.68133531 1.96886625 45.40867112 72.63 0 6
1 30.56121447 8.80813008 45.36805579 72.63 0 6
1 23.72195064 8.84874541 52.24793495 72.63 0 6
1 29.15601622 3.45640583 46.7931755 72.63 0 6
1 25.10645502 3.3740645 50.76039537 72.63 0 6
1 29.07367489 7.4236257 50.8427367 72.63 0 6
1 23.69941895 8.83066177 45.38613943 72.63 0 6
1 30.5113204 8.81018151 52.28047904 72.63 0 6
1 23.71989921 1.93632216 52.19804088 72.63 0 6
1 30.59375856 2.01876032 45.40661969 72.63 0 6
1 27.10387584 2.68948692 43.40312538 72.63 0 5
1 21.7164049 5.42620488 51.52731428 72.63 0 5
1 29.8405938 10.81367582 48.79059632 72.63 0 5
1 30.5023611 5.43784061 47.56105107 72.63 0 7
1 23.74485437 5.42149087 47.576268 72.63 0 7
1 25.87433059 2.02771962 48.77896059 72.63 0 7
1 25.88954752 8.78522635 48.79531033 72.63 0 7
1 27.10858985 6.6405332 45.43157485 72.63 0 7
1 27.09224011 6.65575013 52.18908158 72.63 0 7
1 21.72353913 3.37316386 44.63320414 72.63 0 7
1 21.70821469 7.457487 44.62781026 72.63 0 7
1 22.94648366 10.80654159 50.84363734 72.63 0 7
1 22.94108978 10.82186603 46.7593142 72.63 0 7
1 25.07259372 9.58899094 43.39493517 72.63 0 7
1 29.15691686 9.58359706 43.41025961 72.63 0 7
2 25.13497474 7.39510598 46.82169522 69.723 0 3
2 27.11370854 8.10805344 43.40103764 69.723 0 2
2 21.71431716 5.41637218 46.10874776 69.723 0 2
2 24.42202728 10.81576356 48.80042902 69.723 0 2
2 23.77648008 5.4045988 50.1096367 69.723 0 4
2 30.45329394 5.42875493 50.15163167 69.723 0 4
2 28.46491119 2.07678678 48.78804627 69.723 0 4
2 28.42291622 8.75360064 48.8122024 69.723 0 4
2 27.10132579 4.06516953 52.14001442 69.723 0 4
2 27.12548192 4.1071645 45.46320056 69.723 0 4
2 21.72240072 3.31562376 52.89275724 69.723 0 4
2 32.54600631 7.48813674 52.93814007 69.723 0 4
2 31.25141959 -0.01592559 46.72866446 69.723 0 4
2 31.20603676 10.80768 50.90117744 69.723 0 4
2 25.04194398 1.27866113 54.23272679 69.723 0 4
2 29.21445696 1.32404396 43.4091212 69.723 0 4
0 27.13231705 5.39776367 59.66239777 137.327 0 0
0 32.53657169 -0.00649097 65.06665241 137.327 0 0
0 21.70401403 8.10449235 59.67916704 137.327 0 1
0 32.47781699 2.71483262 59.73935479 137.327 0 1
0 27.20927407 0.05226373 62.34532882 137.327 0 1
0 27.14908632 10.82606669 56.95566909 137.327 0 1
0 29.8152481 5.32080665 65.00789771 137.327 0 1
0 24.42558837 5.3809944 54.23409475 137.327 0 1
1 25.14149004 7.43520141 61.62963754 72.63 0 6
1 29.09955682 7.38859068 57.62496003 72.63 0 6
1 25.09487931 3.4305239 57.67157076 72.63 0 6
1 29.13009892 3.3999818 61.66017964 72.63 0 6
1 30.54511033 1.98497039 63.07519105 72.63 0 6
1 23.68364641 1.96655515 56.25434246 72.63 0 6
1 30.56352557 8.80581898 56.21372713 72.63 0 6
1 23.72426174 8.84643431 63.09360629 72.63 0 6
1 29.15832732 3.45409473 57.63884684 72.63 0 6
1 25.10876612 3.3717534 61.60606671 72.63 0 6
1 29.07598599 7.4213146 61.68840804 72.63 0 6
1 23.70173005 8.82835067 56.23181077 72.63 0 6
1 30.5136315 8.80787041 63.12615038 72.63 0 6
1 23.72221031 1.93401106 63.04371222 72.63 0 6
1 30.59606966 2.01644922 56.25229103 72.63 0 6
1 27.10618694 2.68717582 54.24879672 72.63 0 5
1 21.718716 5.42389378 62.37298562 72.63 0 5
1 29.8429049 10.81136472 59.63626766 72.63 0 5
1 30.5046722 5.43552951 58.40672241 72.63 0 7
1 23.74716547 5.41917977 58.42193934 72.63 0 7
1 25.87664169 2.02540852 59.62463193 72.63 0 7
1 25.89185862 8.78291525 59.64098167 72.63 0 7
1 27.11090095 6.6382221 56.27724619 72.63 0 7
1 27.09455121 6.65343903 63.03475292 72.63 0 7
1 21.72585023 3.37085276 55.47887548 72.63 0 7
1 21.71052579 7.4551759 55.4734816 72.63 0 7
1 22.94879476 10.80423049 61.68930868 72.63 0 7
1 22.94340088 10.81955493 57.60498554 72.63 0 7
1 25.07490482 9.58667984 54.24060651 72.63 0 7
1 29.15922796 9.58128596 54.25593095 72.63 0 7
2 25.13728584 7.39279488 57.66736656 69.723 0 3
2 27.11601964 8.10574234 54.24670898 69.723 0 2
2 21.71662826 5.41406108 56.9544191 69.723 0 2
2 24.42433838 10.81345246 59.64610036 69.723 0 2
2 23.77879118 5.4022877 60.95530804 69.723 0 4
2 30.45560504 5.42644383 60.99730301 69.723 0 4
2 28.46722229 2.07447568 59.63371761 69.723 0 4
2 28.42522732 8.75128954 59.65787374 69.723 0 4
2 27.10363689 4.06285843 62.98568576 69.723 0 4
2 27.12779302 4.1048534 56.3088719 69.723 0 4
2 21.72471182 3.31331266 63.73842858 69.723 0 4
2 32.54831741 7.48582564 63.78381141 69.723 0 4
2 31.25373069 -0.01823669 57.5743358 69.723 0 4
2 31.20834786 10.8053689 61.74684878 69.723 0 4
2 25.04425508 1.27635003 65.07839813 69.723 0 4
2 29.21676806 1.32173286 54.25479254 69.723 0 4
0 27.11845045 16.25499051 5.43172997 137.327 0 0
0 32.52270509 10.85073587 10.83598461 137.327 0 0
0 21.69014743 18.96171919 5.44849924 137.327 0 1
0 32.46395039 13.57205946 5.50868699 137.327 0 1
0 27.19540747 10.90949057 8.11466102 137.327 0 1
0 27.13521972 21.68329353 2.72500129 137.327 0 1
0 29.8013815 16.17803349 10.77722991 137.327 0 1
0 24.41172177 16.23822124 0.00342695 137.327 0 1
1 25.12762344 18.29242825 7.39896974 72.63 0 6
1 29.08569022 18.24581752 3.39429223 72.63 0 6
1 25.08101271 14.28775074 3.44090296 72.63 0 6
1 29.11623232 14.25720864 7.42951184 72.63 0 6
1 30.53124373 12.84219723 8.84452325 72.63 0 6
1 23.66977981 12.82378199 2.02367466 72.63 0 6
1 30.54965897 19.66304582 1.98305933 72.63 0 6
1 23.71039514 19.70366115 8.86293849 72.63 0 6
1 29.14446072 14.31132157 3.40817904 72.63 0 6
1 25.09489952 14.22898024 7.37539891 72.63 0 6
1 29.06211939 18.27854144 7.45774024 72.63 0 6
1 23.68786345 19.68557751 2.00114297 72.63 0 6
1 30.4997649 19.66509725 8.89548258 72.63 0 6
1 23.70834371 12.7912379 8.81304442 72.63 0 6
1 30.58220306 12.87367606 2.02162323 72.63 0 6
1 27.09232034 13.54440266 0.01812892 72.63 0 5
1 21.7048494 16.28112062 8.14231782 72.63 0 5
1 29.8290383 21.66859156 5.40559986 72.63 0 5
1 30.4908056 16.29275635 4.17605461 72.63 0 7
1 23.73329887 16.27640661 4.19127154 72.63 0 7
1 25.86277509 12.88263536 5.39396413 72.63 0 7
1 25.87799202 19.64014209 5.41031387 72.63 0 7
1 27.09703435 17.49544894 2.04657839 72.63 0 7
1 27.08068461 17.51066587 8.80408512 72.63 0 7
1 21.71198363 14.2280796 1.24820768 72.63 0 7
1 21.69665919 18.31240274 1.2428138 72.63 0 7
1 22.93492816 21.66145733 7.45864088 72.63 0 7
1 22.92953428 21.67678177 3.37431774 72.63 0 7
1 25.06103822 20.44390668 0.00993871 72.63 0 7
1 29.14536136 20.4385128 0.02526315 72.63 0 7
2 25.12341924 18.25002172 3.43669876 69.723 0 3
2 27.10215304 18.96296918 0.01604118 69.723 0 2
2 21.70276166 16.27128792 2.7237513 69.723 0 2
2 24.41047178 21.6706793 5.41543256 69.723 0 2
2 23.76492458 16.25951454 6.72464024 69.723 0 4
2 30.44173844 16.28367067 6.76663521 69.723 0 4
2 28.45335569 12.93170252 5.40304981 69.723 0 4
2 28.41136072 19.60851638 5.42720594 69.723 0 4
2 27.08977029 14.92008527 8.75501796 69.723 0 4
2 27.11392642 14.96208024 2.0782041 69.723 0 4
2 21.71084522 14.1705395 9.50776078 69.723 0 4
2 32.53445081 18.34305248 9.55314361 69.723 0 4
2 31.23986409 10.83899015 3.343668 69.723 0 4
2 31.19448126 21.66259574 7.51618098 69.723 0 4
2 25.03038848 12.13357687 10.84773033 69.723 0 4
2 29.20290146 12.1789597 0.02412474 69.723 0 4
0 27.12076155 16.25267941 16.27740131 137.327 0 0
0 32.52501619 10.84842477 21.68165595 137.327 0 0
0 21.69245853 18.95940809 16.29417058 137.327 0 1
0 32.46626149 13.56974836 16.35435833 137.327 0 1
0 27.19771857 10.90717947 18.96033236 137.327 0 1
0 27.13753082 21.68098243 13.57067263 137.327 0 1
0 29.8036926 16.17572239 21.62290125 137.327 0 1
0 24.41403287 16.23591014 10.84909829 137.327 0 1
1 25.12993454 18.29011715 18.24464108 72.63 0 6
1 29.08800132 18.24350642 14.23996357 72.63 0 6
1 25.08332381 14.28543964 14.2865743 72.63 0 6
1 29.11854342 14.25489754 18.27518318 72.63 0 6
1 30.53355483 12.83988613 19.69019459 72.63 0 6
1 23.67209091 12.82147089 12.869346 72.63 0 6
1 30.55197007 19.66073472 12.82873067 72.63 0 6
1 23.71270624 19.70135005 19.70860983 72.63 0 6
1 29.14677182 14.30901047 14.25385038 72.63 0 6
1 25.09721062 14.22666914 18.22107025 72.63 0 6
1 29.06443049 18.27623034 18.30341158 72.63 0 6
1 23.69017455 19.68326641 12.84681431 72.63 0 6
1 30.502076 19.66278615 19.74115392 72.63 0 6
1 23.71065481 12.7889268 19.65871576 72.63 0 6
1 30.58451416 12.87136496 12.86729457 72.63 0 6
1 27.09463144 13.54209156 10.86380026 72.63 0 5
1 21.7071605 16.27880952 18.98798916 72.63 0 5
1 29.8313494 21.66628046 16.2512712 72.63 0 5
1 30.4931167 16.29044525 15.02172595 72.63 0 7
1 23.73560997 16.27409551 15.03694288 72.63 0 7
1 25.86508619 12.88032426 16.23963547 72.63 0 7
1 25.88030312 19.63783099 16.25598521 72.63 0 7
1 27.09934545 17.49313784 12.89224973 72.63 0 7
1 27.08299571 17.50835477 19.64975646 72.63 0 7
1 21.71429473 14.2257685 12.09387902 72.63 0 7
1 21.69897029 18.31009164 12.08848514 72.63 0 7
1 22.93723926 21.65914623 18.30431222 72.63 0 7
1 22.93184538 21.67447067 14.21998908 72.63 0 7
1 25.06334932 20.44159558 10.85561005 72.63 0 7
1 29.14767246 20.4362017 10.87093449 72.63 0 7
2 25.12573034 18.24771062 14.2823701 69.723 0 3
2 27.10446414 18.96065808 10.86171252 69.723 0 2
2 21.70507276 16.26897682 13.56942264 69.723 0 2
2 24.41278288 21.6683682 16.2611039 69.723 0 2
2 23.76723568 16.25720344 17.57031158 69.723 0 4
2 30.44404954 16.28135957 17.61230655 69.723 0 4
2 28.45566679 12.92939142 16.24872115 69.723 0 4
2 28.41367182 19.60620528 16.27287728 69.723 0 4
2 27.09208139 14.91777417 19.6006893 69.723 0 4
2 27.11623752 14.95976914 12.92387544 69.723 0 4
2 21.71315632 14.1682284 20.35343212 69.723 0 4
2 32.53676191 18.34074138 20.39881495 69.723 0 4
2 31.24217519 10.83667905 14.18933934 69.723 0 4
2 31.19679236 21.66028464 18.36185232 69.723 0 4
2 25.03269958 12.13126577 21.69340167 69.723 0 4
2 29.20521256 12.1766486 10.86979608 69.723 0 4
0 27.12307265 16.25036831 27.12307265 137.327 0 0
0 32.52732729 10.84611367 32.52732729 137.327 0 0
0 21.69476963 18.95709699 27.13984192 137.327 0 1
0 32.46857259 13.56743726 27.20002967 137.327 0 1
0 27.20002967 10.90486837 29.8060037 137.327 0 1
0 27.13984192 21.67867133 24.41634397 137.327 0 1
0 29.8060037 16.17341129 32.46857259 137.327 0 1
0 24.41634397 16.23359904 21.69476963 137.327 0 1
1 25.13224564 18.28780605 29.09031242 72.63 0 6
1 29.09031242 18.24119532 25.08563491 72.63 0 6
1 25.08563491 14.28312854 25.13224564 72.63 0 6
1 29.12085452 14.25258644 29.12085452 72.63 0 6
1 30.53586593 12.83757503 30.53586593 72.63 0 6
1 23.67440201 12.81915979 23.71501734 72.63 0 6
1 30.55428117 19.65842362 23.67440201 72.63 0 6
1 23.71501734 19.69903895 30.55428117 72.63 0 6
1 29.14908292 14.30669937 25.09952172 72.63 0 6
1 25.09952172 14.22435804 29.06674159 72.63 0 6
1 29.06674159 18.27391924 29.14908292 72.63 0 6
1 23.69248565 19.68095531 23.69248565 72.63 0 6
1 30.5043871 19.66047505 30.58682526 72.63 0 6
1 23.71296591 12.7866157 30.5043871 72.63 0 6
1 30.58682526 12.86905386 23.71296591 72.63 0 6
1 27.09694254 13.53978046 21.7094716 72.63 0 5
1 21.7094716 16.27649842 29.8336605 72.63 0 5
1 29.8336605 21.66396936 27.09694254 72.63 0 5
1 30.4954278 16.28813415 25.86739729 72.63 0 7
1 23.73792107 16.27178441 25.88261422 72.63 0 7
1 25.86739729 12.87801316 27.08530681 72.63 0 7
1 25.88261422 19.63551989 27.10165655 72.63 0 7
1 27.10165655 17.49082674 23.73792107 72.63 0 7
1 27.08530681 17.50604367 30.4954278 72.63 0 7
1 21.71660583 14.2234574 22.93955036 72.63 0 7
1 21.70128139 18.30778054 22.93415648 72.63 0 7
1 22.93955036 21.65683513 29.14998356 72.63 0 7
1 22.93415648 21.67215957 25.06566042 72.63 0 7
1 25.06566042 20.43928448 21.70128139 72.63 0 7
1 29.14998356 20.4338906 21.71660583 72.63 0 7
2 25.12804144 18.24539952 25.12804144 69.723 0 3
2 27.10677524 18.95834698 21.70738386 69.723 0 2
2 21.70738386 16.26666572 24.41509398 69.723 0 2
2 24.41509398 21.6660571 27.10677524 69.723 0 2
2 23.76954678 16.25489234 28.41598292 69.723 0 4
2 30.44636064 16.27904847 28.45797789 69.723 0 4
2 28.45797789 12.92708032 27.09439249 69.723 0 4
2 28.41598292 19.60389418 27.11854862 69.723 0 4
2 27.09439249 14.91546307 30.44636064 69.723 0 4
2 27.11854862 14.95745804 23.76954678 69.723 0 4
2 21.71546742 14.1659173 31.19910346 69.723 0 4
2 32.53907301 18.33843028 31.24448629 69.723 0 4
2 31.24448629 10.83436795 25.03501068 69.723 0 4
2 31.19910346 21.65797354 29.20752366 69.723 0 4
2 25.03501068 12.12895467 32.53907301 69.723 0 4
2 29.20752366 12.1743375 21.71546742 69.723 0 4
0 27.12538375 16.24805721 37.96874399 137.327 0 0
0 32.52963839 10.84380257 43.37299863 137.327 0 0
0 21.69708073 18.95478589 37.98551326 137.327 0 1
0 32.47088369 13.56512616 38.04570101 137.327 0 1
0 27.20234077 10.90255727 40.65167504 137.327 0 1
0 27.14215302 21.67636023 35.26201531 137.327 0 1
0 29.8083148 16.17110019 43.31424393 137.327 0 1
0 24.41865507 16.23128794 32.54044097 137.327 0 1
1 25.13455674 18.28549495 39.93598376 72.63 0 6
1 29.09262352 18.23888422 35.93130625 72.63 0 6
1 25.08794601 14.28081744 35.97791698 72.63 0 6
1 29.12316562 14.25027534 39.96652586 72.63 0 6
1 30.53817703 12.83526393 41.38153727 72.63 0 6
1 23.67671311 12.81684869 34.56068868 72.63 0 6
1 30.55659227 19.65611252 34.52007335 72.63 0 6
1 23.71732844 19.69672785 41.39995251 72.63 0 6
1 29.15139402 14.30438827 35.94519306 72.63 0 6
1 25.10183282 14.22204694 39.91241293 72.63 0 6
1 29.06905269 18.27160814 39.99475426 72.63 0 6
1 23.69479675 19.67864421 34.53815699 72.63 0 6
1 30.5066982 19.65816395 41.4324966 72.63 0 6
1 23.71527701 12.7843046 41.35005844 72.63 0 6
1 30.58913636 12.86674276 34.55863725 72.63 0 6
1 27.09925364 13.53746936 32.55514294 72.63 0 5
1 21.7117827 16.27418732 40.67933184 72.63 0 5
1 29.8359716 21.66165826 37.94261388 72.63 0 5
1 30.4977389 16.28582305 36.71306863 72.63 0 7
1 23.74023217 16.26947331 36.72828556 72.63 0 7
1 25.86970839 12.87570206 37.93097815 72.63 0 7
1 25.88492532 19.63320879 37.94732789 72.63 0 7
1 27.10396765 17.48851564 34.58359241 72.63 0 7
1 27.08761791 17.50373257 41.34109914 72.63 0 7
1 21.71891693 14.2211463 33.7852217 72.63 0 7
1 21.70359249 18.30546944 33.77982782 72.63 0 7
1 22.94186146 21.65452403 39.9956549 72.63 0 7
1 22.93646758 21.66984847 35.91133176 72.63 0 7
1 25.06797152 20.43697338 32.54695273 72.63 0 7
1 29.15229466 20.4315795 32.56227717 72.63 0 7
2 25.13035254 18.24308842 35.97371278 69.723 0 3
2 27.10908634 18.95603588 32.5530552 69.723 0 2
2 21.70969496 16.26435462 35.26076532 69.723 0 2
2 24.41740508 21.663746 37.95244658 69.723 0 2
2 23.77185788 16.25258124 39.26165426 69.723 0 4
2 30.44867174 16.27673737 39.30364923 69.723 0 4
2 28.46028899 12.92476922 37.94006383 69.723 0 4
2 28.41829402 19.60158308 37.96421996 69.723 0 4
2 27.09670359 14.91315197 41.29203198 69.723 0 4
2 27.12085972 14.95514694 34.61521812 69.723 0 4
2 21.71777852 14.1636062 42.0447748 69.723 0 4
2 32.54138411 18.33611918 42.09015763 69.723 0 4
2 31.24679739 10.83205685 35.88068202 69.723 0 4
2 31.20141456 21.65566244 40.053195 69.723 0 4
2 25.03732178 12.12664357 43.38474435 69.723 0 4
2 29.20983476 12.1720264 32.56113876 69.723 0 4
0 27.12769485 16.24574611 48.81441533 137.327 0 0
0 32.53194949 10.84149147 54.21866997 137.327 0 0
0 21.69939183 18.95247479 48.8311846 137.327 0 1
0 32.47319479 13.56281506 48.89137235 137.327 0 1
0 27.20465187 10.90024617 51.49734638 137.327 0 1
0 27.14446412 21.67404913 46.10768665 137.327 0 1
0 29.8106259 16.16878909 54.15991527 137.327 0 1
0 24.42096617 16.22897684 43.38611231 137.327 0 1
1 25.13686784 18.28318385 50.7816551 72.63 0 6
1 29.09493462 18.23657312 46.77697759 72.63 0 6
1 25.09025711 14.27850634 46.82358832 72.63 0 6
1 29.12547672 14.24796424 50.8121972 72.63 0 6
1 30.54048813 12.83295283 52.22720861 72.63 0 6
1 23.67902421 12.81453759 45.40636002 72.63 0 6
1 30.55890337 19.65380142 45.36574469 72.63 0 6
1 23.71963954 19.69441675 52.24562385 72.63 0 6
1 29.15370512 14.30207717 46.7908644 72.63 0 6
1 25.10414392 14.21973584 50.75808427 72.63 0 6
1 29.07136379 18.26929704 50.8404256 72.63 0 6
1 23.69710785 19.67633311 45.38382833 72.63 0 6
1 30.5090093 19.65585285 52.27816794 72.63 0 6
1 23.71758811 12.7819935 52.19572978 72.63 0 6
1 30.59144746 12.86443166 45.40430859 72.63 0 6
1 27.10156474 13.53515826 43.40081428 72.63 0 5
1 21.7140938 16.27187622 51.52500318 72.63 0 5
1 29.8382827 21.65934716 48.78828522 72.63 0 5
1 30.50005 16.28351195 47.55873997 72.63 0 7
1 23.74254327 16.26716221 47.5739569 72.63 0 7
1 25.87201949 12.87339096 48.77664949 72.63 0 7
1 25.88723642 19.63089769 48.79299923 72.63 0 7
1 27.10627875 17.48620454 45.42926375 72.63 0 7
1 27.08992901 17.50142147 52.18677048 72.63 0 7
1 21.72122803 14.2188352 44.63089304 72.63 0 7
1 21.70590359 18.30315834 44.62549916 72.63 0 7
1 22.94417256 21.65221293 50.84132624 72.63 0 7
1 22.93877868 21.66753737 46.7570031 72.63 0 7
1 25.07028262 20.43466228 43.39262407 72.63 0 7
1 29.15460576 20.4292684 43.40794851 72.63 0 7
2 25.13266364 18.24077732 46.81938412 69.723 0 3
2 27.11139744 18.95372478 43.39872654 69.723 0 2
2 21.71200606 16.26204352 46.10643666 69.723 0 2
2 24.41971618 21.6614349 48.79811792 69.723 0 2
2 23.77416898 16.25027014 50.1073256 69.723 0 4
2 30.45098284 16.27442627 50.14932057 69.723 0 4
2 28.46260009 12.92245812 48.78573517 69.723 0 4
2 28.42060512 19.59927198 48.8098913 69.723 0 4
2 27.09901469 14.91084087 52.13770332 69.723 0 4
2 27.12317082 14.95283584 45.46088946 69.723 0 4
2 21.72008962 14.1612951 52.89044614 69.723 0 4
2 32.54369521 18.33380808 52.93582897 69.723 0 4
2 31.24910849 10.82974575 46.72635336 69.723 0 4
2 31.20372566 21.65335134 50.89886634 69.723 0 4
2 25.03963288 12.12433247 54.23041569 69.723 0 4
2 29.21214586 12.1697153 43.4068101 69.723 0 4
0 27.13000595 16.24343501 59.66008667 137.327 0 0
0 32.53426059 10.83918037 65.06434131 137.327 0 0
0 21.70170293 18.95016369 59.67685594 137.327 0 1
0 32.47550589 13.56050396 59.73704369 137.327 0 1
0 27.20696297 10.89793507 62.34301772 137.327 0 1
0 27.14677522 21.67173803 56.95335799 137.327 0 1
0 29.812937 16.16647799 65.00558661 137.327 0 1
0 24.42327727 16.22666574 54.23178365 137.327 0 1
1 25.13917894 18.28087275 61.62732644 72.63 0 6
1 29.09724572 18.23426202 57.62264893 72.63 0 6
1 25.09256821 14.27619524 57.66925966 72.63 0 6
1 29.12778782 14.24565314 61.65786854 72.63 0 6
1 30.54279923 12.83064173 63.07287995 72.63 0 6
1 23.68133531 12.81222649 56.25203136 72.63 0 6
1 30.56121447 19.65149032 56.21141603 72.63 0 6
1 23.72195064 19.69210565 63.09129519 72.63 0 6
1 29.15601622 14.29976607 57.63653574 72.63 0 6
1 25.10645502 14.21742474 61.60375561 72.63 0 6
1 29.07367489 18.26698594 61.68609694 72.63 0 6
1 23.69941895 19.67402201 56.22949967 72.63 0 6
1 30.5113204 19.65354175 63.12383928 72.63 0 6
1 23.71989921 12.7796824 63.04140112 72.63 0 6
1 30.59375856 12.86212056 56.24997993 72.63 0 6
1 27.10387584 13.53284716 54.24648562 72.63 0 5
1 21.7164049 16.26956512 62.37067452 72.63 0 5
1 29.8405938 21.65703606 59.63395656 72.63 0 5
1 30.5023611 16.28120085 58.40441131 72.63 0 7
1 23.74485437 16.26485111 58.41962824 72.63 0 7
1 25.87433059 12.87107986 59.62232083 72.63 0 7
1 25.88954752 19.62858659 59.63867057 72.63 0 7
1 27.10858985 17.48389344 56.27493509 72.63 0 7
1 27.09224011 17.49911037 63.03244182 72.63 0 7
1 21.72353913 14.2165241 55.47656438 72.63 0 7
1 21.70821469 18.30084724 55.4711705 72.63 0 7
1 22.94648366 21.64990183 61.68699758 72.63 0 7
1 22.94108978 21.66522627 57.60267444 72.63 0 7
1 25.07259372 20.43235118 54.23829541 72.63 0 7
1 29.15691686 20.4269573 54.25361985 72.63 0 7
2 25.13497474 18.23846622 57.66505546 69.723 0 3
2 27.11370854 18.95141368 54.24439788 69.723 0 2
2 21.71431716 16.25973242 56.952108 69.723 0 2
2 24.42202728 21.6591238 59.64378926 69.723 0 2
2 23.77648008 16.24795904 60.95299694 69.723 0 4
2 30.45329394 16.27211517 60.99499191 69.723 0 4
2 28.46491119 12.92014702 59.63140651 69.723 0 4
2 28.42291622 19.59696088 59.65556264 69.723 0 4
2 27.10132579 14.90852977 62.98337466 69.723 0 4
2 27.12548192 14.95052474 56.3065608 69.723 0 4
2 21.72240072 14.158984 63.73611748 69.723 0 4
2 32.54600631 18.33149698 63.78150031 69.723 0 4
2 31.25141959 10.82743465 57.5720247 69.723 0 4
2 31.20603676 21.65104024 61.74453768 69.723 0 4
2 25.04194398 12.12202137 65.07608703 69.723 0 4
2 29.21445696 12.1674042 54.25248144 69.723 0 4
0 27.11613935 27.10066185 5.42941887 137.327 0 0
0 32.52039399 21.69640721 10.83367351 137.327 0 0
0 21.68783633 29.80739053 5.44618814 137.327 0 1
0 32.46163929 24.4177308 5.50637589 137.327 0 1
0 27.19309637 21.75516191 8.11234992 137.327 0 1
0 27.13290862 32.52896487 2.72269019 137.327 0 1
0 29.7990704 27.02370483 10.77491881 137.327 0 1
0 24.40941067 27.08389258 0.00111585 137.327 0 1
1 25.12531234 29.13809959 7.39665864 72.63 0 6
1 29.08337912 29.09148886 3.39198113 72.63 0 6
1 25.07870161 25.13342208 3.43859186 72.63 0 6
1 29.11392122 25.10287998 7.42720074 72.63 0 6
1 30.52893263 23.68786857 8.84221215 72.63 0 6
1 23.66746871 23.66945333 2.02136356 72.63 0 6
1 30.54734787 30.50871716 1.98074823 72.63 0 6
1 23.70808404 30.54933249 8.86062739 72.63 0 6
1 29.14214962 25.15699291 3.40586794 72.63 0 6
1 25.09258842 25.07465158 7.37308781 72.63 0 6
1 29.05980829 29.12421278 7.45542914 72.63 0 6
1 23.68555235 30.53124885 1.99883187 72.63 0 6
1 30.4974538 30.51076859 8.89317148 72.63 0 6
1 23.70603261 23.63690924 8.81073332 72.63 0 6
1 30.57989196 23.7193474 2.01931213 72.63 0 6
1 27.09000924 24.390074 0.01581782 72.63 0 5
1 21.7025383 27.12679196 8.14000672 72.63 0 5
1 29.8267272 32.5142629 5.40328876 72.63 0 5
1 30.4884945 27.13842769 4.17374351 72.63 0 7
1 23.73098777 27.12207795 4.18896044 72.63 0 7
1 25.86046399 23.7283067 5.39165303 72.63 0 7
1 25.87568092 30.48581343 5.40800277 72.63 0 7
1 27.09472325 28.34112028 2.04426729 72.63 0 7
1 27.07837351 28.35633721 8.80177402 72.63 0 7
1 21.70967253 25.07375094 1.24589658 72.63 0 7
1 21.69434809 29.15807408 1.2405027 72.63 0 7
1 22.93261706 32.50712867 7.45632978 72.63 0 7
1 22.92722318 32.52245311 3.37200664 72.63 0 7
1 25.05872712 31.28957802 0.00762761 72.63 0 7
1 29.14305026 31.28418414 0.02295205 72.63 0 7
2 25.12110814 29.09569306 3.43438766 69.723 0 3
2 27.09984194 29.80864052 0.01373008 69.723 0 2
2 21.70045056 27.11695926 2.7214402 69.723 0 2
2 24.40816068 32.51635064 5.41312146 69.723 0 2
2 23.76261348 27.10518588 6.72232914 69.723 0 4
2 30.43942734 27.12934201 6.76432411 69.723 0 4
2 28.45104459 23.77737386 5.40073871 69.723 0 4
2 28.40904962 30.45418772 5.42489484 69.723 0 4
2 27.08745919 25.76575661 8.75270686 69.723 0 4
2 27.11161532 25.80775158 2.075893 69.723 0 4
2 21.70853412 25.01621084 9.50544968 69.723 0 4
2 32.53213971 29.18872382 9.55083251 69.723 0 4
2 31.23755299 21.68466149 3.3413569 69.723 0 4
2 31.19217016 32.50826708 7.51386988 69.723 0 4
2 25.02807738 22.97924821 10.84541923 69.723 0 4
2 29.20059036 23.02463104 0.02181364 69.723 0 4
0 27.11845045 27.09835075 16.27509021 137.327 0 0
0 32.52270509 21.69409611 21.67934485 137.327 0 0
0 21.69014743 29.80507943 16.29185948 137.327 0 1
0 32.46395039 24.4154197 16.35204723 137.327 0 1
0 27.19540747 21.75285081 18.95802126 137.327 0 1
0 27.13521972 32.52665377 13.56836153 137.327 0 1
0 29.8013815 27.02139373 21.62059015 137.327 0 1
0 24.41172177 27.08158148 10.84678719 137.327 0 1
1 25.12762344 29.13578849 18.24232998 72.63 0 6
1 29.08569022 29.08917776 14.23765247 72.63 0 6
1 25.08101271 25.13111098 14.2842632 72.63 0 6
1 29.11623232 25.10056888 18.27287208 72.63 0 6
1 30.53124373 23.68555747 19.68788349 72.63 0 6
1 23.66977981 23.66714223 12.8670349 72.63 0 6
1 30.54965897 30.50640606 12.82641957 72.63 0 6
1 23.71039514 30.54702139 19.70629873 72.63 0 6
1 29.14446072 25.15468181 14.25153928 72.63 0 6
1 25.09489952 25.07234048 18.21875915 72.63 0 6
1 29.06211939 29.12190168 18.30110048 72.63 0 6
1 23.68786345 30.52893775 12.84450321 72.63 0 6
1 30.4997649 30.50845749 19.73884282 72.63 0 6
1 23.70834371 23.63459814 19.65640466 72.63 0 6
1 30.58220306 23.7170363 12.86498347 72.63 0 6
1 27.09232034 24.3877629 10.86148916 72.63 0 5
1 21.7048494 27.12448086 18.98567806 72.63 0 5
1 29.8290383 32.5119518 16.2489601 72.63 0 5
1 30.4908056 27.13611659 15.01941485 72.63 0 7
1 23.73329887 27.11976685 15.03463178 72.63 0 7
1 25.86277509 23.7259956 16.23732437 72.63 0 7
1 25.87799202 30.48350233 16.25367411 72.63 0 7
1 27.09703435 28.33880918 12.88993863 72.63 0 7
1 27.08068461 28.35402611 19.64744536 72.63 0 7
1 21.71198363 25.07143984 12.09156792 72.63 0 7
1 21.69665919 29.15576298 12.08617404 72.63 0 7
1 22.93492816 32.50481757 18.30200112 72.63 0 7
1 22.92953428 32.52014201 14.21767798 72.63 0 7
1 25.06103822 31.28726692 10.85329895 72.63 0 7
1 29.14536136 31.28187304 10.86862339 72.63 0 7
2 25.12341924 29.09338196 14.280059 69.723 0 3
2 27.10215304 29.80632942 10.85940142 69.723 0 2
2 21.70276166 27.11464816 13.56711154 69.723 0 2
2 24.41047178 32.51403954 16.2587928 69.723 0 2
2 23.76492458 27.10287478 17.56800048 69.723 0 4
2 30.44173844 27.12703091 17.60999545 69.723 0 4
2 28.45335569 23.77506276 16.24641005 69.723 0 4
2 28.41136072 30.45187662 16.27056618 69.723 0 4
2 27.08977029 25.76344551 19.5983782 69.723 0 4
2 27.11392642 25.80544048 12.92156434 69.723 0 4
2 21.71084522 25.01389974 20.35112102 69.723 0 4
2 32.53445081 29.18641272 20.39650385 69.723 0 4
2 31.23986409 21.68235039 14.18702824 69.723 0 4
2 31.19448126 32.50595598 18.35954122 69.723 0 4
2 25.03038848 22.97693711 21.69109057 69.723 0 4
2 29.20290146 23.02231994 10.86748498 69.723 0 4
0 27.12076155 27.09603965 27.12076155 137.327 0 0
0 32.52501619 21.69178501 32.52501619 137.327 0 0
0 21.69245853 29.80276833 27.13753082 137.327 0 1
0 32.46626149 24.4131086 27.19771857 137.327 0 1
0 27.19771857 21.75053971 29.8036926 137.327 0 1
0 27.13753082 32.52434267 24.41403287 137.327 0 1
0 29.8036926 27.01908263 32.46626149 137.327 0 1
0 24.41403287 27.07927038 21.69245853 137.327 0 1
1 25.12993454 29.13347739 29.08800132 72.63 0 6
1 29.08800132 29.08686666 25.08332381 72.63 0 6
1 25.08332381 25.12879988 25.12993454 72.63 0 6
1 29.11854342 25.09825778 29.11854342 72.63 0 6
1 30.53355483 23.68324637 30.53355483 72.63 0 6
1 23.67209091 23.66483113 23.71270624 72.63 0 6
1 30.55197007 30.50409496 23.67209091 72.63 0 6
1 23.71270624 30.54471029 30.55197007 72.63 0 6
1 29.14677182 25.15237071 25.09721062 72.63 0 6
1 25.09721062 25.07002938 29.06443049 72.63 0 6
1 29.06443049 29.11959058 29.14677182 72.63 0 6
1 23.69017455 30.52662665 23.69017455 72.63 0 6
1 30.502076 30.50614639 30.58451416 72.63 0 6
1 23.71065481 23.63228704 30.502076 72.63 0 6
1 30.58451416 23.7147252 23.71065481 72.63 0 6
1 27.09463144 24.3854518 21.7071605 72.63 0 5
1 21.7071605 27.12216976 29.8313494 72.63 0 5
1 29.8313494 32.5096407 27.09463144 72.63 0 5
1 30.4931167 27.13380549 25.86508619 72.63 0 7
1 23.73560997 27.11745575 25.88030312 72.63 0 7
1 25.86508619 23.7236845 27.08299571 72.63 0 7
1 25.88030312 30.48119123 27.09934545 72.63 0 7
1 27.09934545 28.33649808 23.73560997 72.63 0 7
1 27.08299571 28.35171501 30.4931167 72.63 0 7
1 21.71429473 25.06912874 22.93723926 72.63 0 7
1 21.69897029 29.15345188 22.93184538 72.63 0 7
1 22.93723926 32.50250647 29.14767246 72.63 0 7
1 22.93184538 32.51783091 25.06334932 72.63 0 7
1 25.06334932 31.28495582 21.69897029 72.63 0 7
1 29.14767246 31.27956194 21.71429473 72.63 0 7
2 25.12573034 29.09107086 25.12573034 69.723 0 3
2 27.10446414 29.80401832 21.70507276 69.723 0 2
2 21.70507276 27.11233706 24.41278288 69.723 0 2
2 24.41278288 32.51172844 27.10446414 69.723 0 2
2 23.76723568 27.10056368 28.41367182 69.723 0 4
2 30.44404954 27.12471981 28.45566679 69.723 0 4
2 28.45566679 23.77275166 27.09208139 69.723 0 4
2 28.41367182 30.44956552 27.11623752 69.723 0 4
2 27.09208139 25.76113441 30.44404954 69.723 0 4
2 27.11623752 25.80312938 23.76723568 69.723 0 4
2 21.71315632 25.01158864 31.19679236 69.723 0 4
2 32.53676191 29.18410162 31.24217519 69.723 0 4
2 31.24217519 21.68003929 25.03269958 69.723 0 4
2 31.19679236 32.50364488 29.20521256 69.723 0 4
2 25.03269958 22.97462601 32.53676191 69.723 0 4
2 29.20521256 23.02000884 21.71315632 69.723 0 4
0 27.12307265 27.09372855 37.96643289 137.327 0 0
0 32.52732729 21.68947391 43.37068753 137.327 0 0
0 21.69476963 29.80045723 37.98320216 137.327 0 1
0 32.46857259 24.4107975 38.04338991 137.327 0 1
0 27.20002967 21.74822861 40.64936394 137.327 0 1
0 27.13984192 32.52203157 35.25970421 137.327 0 1
0 29.8060037 27.01677153 43.31193283 137.327 0 1
0 24.41634397 27.07695928 32.53812987 137.327 0 1
1 25.13224564 29.13116629 39.93367266 72.63 0 6
1 29.09031242 29.08455556 35.92899515 72.63 0 6
1 25.08563491 25.12648878 35.97560588 72.63 0 6
1 29.12085452 25.09594668 39.96421476 72.63 0 6
1 30.53586593 23.68093527 41.37922617 72.63 0 6
1 23.67440201 23.66252003 34.55837758 72.63 0 6
1 30.55428117 30.50178386 34.51776225 72.63 0 6
1 23.71501734 30.54239919 41.39764141 72.63 0 6
1 29.14908292 25.15005961 35.94288196 72.63 0 6
1 25.09952172 25.06771828 39.91010183 72.63 0 6
1 29.06674159 29.11727948 39.99244316 72.63 0 6
1 23.69248565 30.52431555 34.53584589 72.63 0 6
1 30.5043871 30.50383529 41.4301855 72.63 0 6
1 23.71296591 23.62997594 41.34774734 72.63 0 6
1 30.58682526 23.7124141 34.55632615 72.63 0 6
1 27.09694254 24.3831407 32.55283184 72.63 0 5
1 21.7094716 27.11985866 40.67702074 72.63 0 5
1 29.8336605 32.5073296 37.94030278 72.63 0 5
1 30.4954278 27.13149439 36.71075753 72.63 0 7
1 23.73792107 27.11514465 36.72597446 72.63 0 7
1 25.86739729 23.7213734 37.92866705 72.63 0 7
1 25.88261422 30.47888013 37.94501679 72.63 0 7
1 27.10165655 28.33418698 34.58128131 72.63 0 7
1 27.08530681 28.34940391 41.33878804 72.63 0 7
1 21.71660583 25.06681764 33.7829106 72.63 0 7
1 21.70128139 29.15114078 33.77751672 72.63 0 7
1 22.93955036 32.50019537 39.9933438 72.63 0 7
1 22.93415648 32.51551981 35.90902066 72.63 0 7
1 25.06566042 31.28264472 32.54464163 72.63 0 7
1 29.14998356 31.27725084 32.55996607 72.63 0 7
2 25.12804144 29.08875976 35.97140168 69.723 0 3
2 27.10677524 29.80170722 32.5507441 69.723 0 2
2 21.70738386 27.11002596 35.25845422 69.723 0 2
2 24.41509398 32.50941734 37.95013548 69.723 0 2
2 23.76954678 27.09825258 39.25934316 69.723 0 4
2 30.44636064 27.12240871 39.30133813 69.723 0 4
2 28.45797789 23.77044056 37.93775273 69.723 0 4
2 28.41598292 30.44725442 37.96190886 69.723 0 4
2 27.09439249 25.75882331 41.28972088 69.723 0 4
2 27.11854862 25.80081828 34.61290702 69.723 0 4
2 21.71546742 25.00927754 42.0424637 69.723 0 4
2 32.53907301 29.18179052 42.08784653 69.723 0 4
2 31.24448629 21.67772819 35.87837092 69.723 0 4
2 31.19910346 32.50133378 40.0508839 69.723 0 4
2 25.03501068 22.97231491 43.38243325 69.723 0 4
2 29.20752366 23.01769774 32.55882766 69.723 0 4
0 27.12538375 27.09141745 48.81210423 137.327 0 0
0 32.52963839 21.68716281 54.21635887 137.327 0 0
0 21.69708073 29.79814613 48.8288735 137.327 0 1
0 32.47088369 24.4084864 48.88906125 137.327 0 1
0 27.20234077 21.74591751 51.49503528 137.327 0 1
0 27.14215302 32.51972047 46.10537555 137.327 0 1
0 29.8083148 27.01446043 54.15760417 137.327 0 1
0 24.41865507 27.07464818 43.38380121 137.327 0 1
1 25.13455674 29.12885519 50.779344 72.63 0 6
1 29.09262352 29.08224446 46.77466649 72.63 0 6
1 25.08794601 25.12417768 46.82127722 72.63 0 6
1 29.12316562 25.09363558 50.8098861 72.63 0 6
1 30.53817703 23.67862417 52.22489751 72.63 0 6
1 23.67671311 23.66020893 45.40404892 72.63 0 6
1 30.55659227 30.49947276 45.36343359 72.63 0 6
1 23.71732844 30.54008809 52.24331275 72.63 0 6
1 29.15139402 25.14774851 46.7885533 72.63 0 6
1 25.10183282 25.06540718 50.75577317 72.63 0 6
1 29.06905269 29.11496838 50.8381145 72.63 0 6
1 23.69479675 30.52200445 45.38151723 72.63 0 6
1 30.5066982 30.50152419 52.27585684 72.63 0 6
1 23.71527701 23.62766484 52.19341868 72.63 0 6
1 30.58913636 23.710103 45.40199749 72.63 0 6
1 27.09925364 24.3808296 43.39850318 72.63 0 5
1 21.7117827 27.11754756 51.52269208 72.63 0 5
1 29.8359716 32.5050185 48.78597412 72.63 0 5
1 30.4977389 27.12918329 47.55642887 72.63 0 7
1 23.74023217 27.11283355 47.5716458 72.63 0 7
1 25.86970839 23.7190623 48.77433839 72.63 0 7
1 25.88492532 30.47656903 48.79068813 72.63 0 7
1 27.10396765 28.33187588 45.42695265 72.63 0 7
1 27.08761791 28.34709281 52.18445938 72.63 0 7
1 21.71891693 25.06450654 44.62858194 72.63 0 7
1 21.70359249 29.14882968 44.62318806 72.63 0 7
1 22.94186146 32.49788427 50.83901514 72.63 0 7
1 22.93646758 32.51320871 46.754692 72.63 0 7
1 25.06797152 31.28033362 43.39031297 72.63 0 7
1 29.15229466 31.27493974 43.40563741 72.63 0 7
2 25.13035254 29.08644866 46.81707302 69.723 0 3
2 27.10908634 29.79939612 43.39641544 69.723 0 2
2 21.70969496 27.10771486 46.10412556 69.723 0 2
2 24.41740508 32.50710624 48.79580682 69.723 0 2
2 23.77185788 27.09594148 50.1050145 69.723 0 4
2 30.44867174 27.12009761 50.14700947 69.723 0 4
2 28.46028899 23.76812946 48.78342407 69.723 0 4
2 28.41829402 30.44494332 48.8075802 69.723 0 4
2 27.09670359 25.75651221 52.13539222 69.723 0 4
2 27.12085972 25.79850718 45.45857836 69.723 0 4
2 21.71777852 25.00696644 52.88813504 69.723 0 4
2 32.54138411 29.17947942 52.93351787 69.723 0 4
2 31.24679739 21.67541709 46.72404226 69.723 0 4
2 31.20141456 32.49902268 50.89655524 69.723 0 4
2 25.03732178 22.97000381 54.22810459 69.723 0 4
2 29.20983476 23.01538664 43.404499 69.723 0 4
0 27.12769485 27.08910635 59.65777557 137.327 0 0
0 32.53194949 21.68485171 65.06203021 137.327 0 0
0 21.69939183 29.79583503 59.67454484 137.327 0 1
0 32.47319479 24.4061753 59.73473259 137.327 0 1
0 27.20465187 21.74360641 62.34070662 137.327 0 1
0 27.14446412 32.51740937 56.95104689 137.327 0 1
0 29.8106259 27.01214933 65.00327551 137.327 0 1
0 24.42096617 27.07233708 54.22947255 137.327 0 1
1 25.13686784 29.12654409 61.62501534 72.63 0 6
1 29.09493462 29.07993336 57.62033783 72.63 0 6
1 25.09025711 25.12186658 57.66694856 72.63 0 6
1 29.12547672 25.09132448 61.65555744 72.63 0 6
1 30.54048813 23.67631307 63.07056885 72.63 0 6
1 23.67902421 23.65789783 56.24972026 72.63 0 6
1 30.55890337 30.49716166 56.20910493 72.63 0 6
1 23.71963954 30.53777699 63.08898409 72.63 0 6
1 29.15370512 25.14543741 57.63422464 72.63 0 6
1 25.10414392 25.06309608 61.60144451 72.63 0 6
1 29.07136379 29.11265728 61.68378584 72.63 0 6
1 23.69710785 30.51969335 56.22718857 72.63 0 6
1 30.5090093 30.49921309 63.12152818 72.63 0 6
1 23.71758811 23.62535374 63.03909002 72.63 0 6
1 30.59144746 23.7077919 56.24766883 72.63 0 6
1 27.10156474 24.3785185 54.24417452 72.63 0 5
1 21.7140938 27.11523646 62.36836342 72.63 0 5
1 29.8382827 32.5027074 59.63164546 72.63 0 5
1 30.50005 27.12687219 58.40210021 72.63 0 7
1 23.74254327 27.11052245 58.41731714 72.63 0 7
1 25.87201949 23.7167512 59.62000973 72.63 0 7
1 25.88723642 30.47425793 59.63635947 72.63 0 7
1 27.10627875 28.32956478 56.27262399 72.63 0 7
1 27.08992901 28.34478171 63.03013072 72.63 0 7
1 21.72122803 25.06219544 55.47425328 72.63 0 7
1 21.70590359 29.14651858 55.4688594 72.63 0 7
1 22.94417256 32.49557317 61.68468648 72.63 0 7
1 22.93877868 32.51089761 57.60036334 72.63 0 7
1 25.07028262 31.27802252 54.23598431 72.63 0 7
1 29.15460576 31.27262864 54.25130875 72.63 0 7
2 25.13266364 29.08413756 57.66274436 69.723 0 3
2 27.11139744 29.79708502 54.24208678 69.723 0 2
2 21.71200606 27.10540376 56.9497969 69.723 0 2
2 24.41971618 32.50479514 59.64147816 69.723 0 2
2 23.77416898 27.09363038 60.95068584 69.723 0 4
2 30.45098284 27.11778651 60.99268081 69.723 0 4
2 28.46260009 23.76581836 59.62909541 69.723 0 4
2 28.42060512 30.44263222 59.65325154 69.723 0 4
2 27.09901469 25.75420111 62.98106356 69.723 0 4
2 27.12317082 25.79619608 56.3042497 69.723 0 4
2 21.72008962 25.00465534 63.73380638 69.723 0 4
2 32.54369521 29.17716832 63.77918921 69.723 0 4
2 31.24910849 21.67310599 57.5697136 69.723 0 4
2 31.20372566 32.49671158 61.74222658 69.723 0 4
2 25.03963288 22.96769271 65.07377593 69.723 0 4
2 29.21214586 23.01307554 54.25017034 69.723 0 4
0 27.11382825 37.94633319 5.42710777 137.327 0 0
0 32.51808289 32.54207855 10.83136241 137.327 0 0
0 21.68552523 40.65306187 5.44387704 137.327 0 1
0 32.45932819 35.26340214 5.50406479 137.327 0 1
0 27.19078527 32.60083325 8.11003882 137.327 0 1
0 27.13059752 43.37463621 2.72037909 137.327 0 1
0 29.7967593 37.86937617 10.77260771 137.327 0 1
0 24.40709957 37.92956392 -0.00119525 137.327 0 1
1 25.12300124 39.98377093 7.39434754 72.63 0 6
1 29.08106802 39.9371602 3.38967003 72.63 0 6
1 25.07639051 35.97909342 3.43628076 72.63 0 6
1 29.11161012 35.94855132 7.42488964 72.63 0 6
1 30.52662153 34.53353991 8.83990105 72.63 0 6
1 23.66515761 34.51512467 2.01905246 72.63 0 6
1 30.54503677 41.3543885 1.97843713 72.63 0 6
1 23.70577294 41.39500383 8.85831629 72.63 0 6
1 29.13983852 36.00266425 3.40355684 72.63 0 6
1 25.09027732 35.92032292 7.37077671 72.63 0 6
1 29.05749719 39.96988412 7.45311804 72.63 0 6
1 23.68324125 41.37692019 1.99652077 72.63 0 6
1 30.4951427 41.35643993 8.89086038 72.63 0 6
1 23.70372151 34.48258058 8.80842222 72.63 0 6
1 30.57758086 34.56501874 2.01700103 72.63 0 6
1 27.08769814 35.23574534 0.01350672 72.63 0 5
1 21.7002272 37.9724633 8.13769562 72.63 0 5
1 29.8244161 43.35993424 5.40097766 72.63 0 5
1 30.4861834 37.98409903 4.17143241 72.63 0 7
1 23.72867667 37.96774929 4.18664934 72.63 0 7
1 25.85815289 34.57397804 5.38934193 72.63 0 7
1 25.87336982 41.33148477 5.40569167 72.63 0 7
1 27.09241215 39.18679162 2.04195619 72.63 0 7
1 27.07606241 39.20200855 8.79946292 72.63 0 7
1 21.70736143 35.91942228 1.24358548 72.63 0 7
1 21.69203699 40.00374542 1.2381916 72.63 0 7
1 22.93030596 43.35280001 7.45401868 72.63 0 7
1 22.92491208 43.36812445 3.36969554 72.63 0 7
1 25.05641602 42.13524936 0.00531651 72.63 0 7
1 29.14073916 42.12985548 0.02064095 72.63 0 7
2 25.11879704 39.9413644 3.43207656 69.723 0 3
2 27.09753084 40.65431186 0.01141898 69.723 0 2
2 21.69813946 37.9626306 2.7191291 69.723 0 2
2 24.40584958 43.36202198 5.41081036 69.723 0 2
2 23.76030238 37.95085722 6.72001804 69.723 0 4
2 30.43711624 37.97501335 6.76201301 69.723 0 4
2 28.44873349 34.6230452 5.39842761 69.723 0 4
2 28.40673852 41.29985906 5.42258374 69.723 0 4
2 27.08514809 36.61142795 8.75039576 69.723 0 4
2 27.10930422 36.65342292 2.0735819 69.723 0 4
2 21.70622302 35.86188218 9.50313858 69.723 0 4
2 32.52982861 40.03439516 9.54852141 69.723 0 4
2 31.23524189 32.53033283 3.3390458 69.723 0 4
2 31.18985906 43.35393842 7.51155878 69.723 0 4
2 25.02576628 33.82491955 10.84310813 69.723 0 4
2 29.19827926 33.87030238 0.01950254 69.723 0 4
0 27.11613935 37.94402209 16.27277911 137.327 0 0
0 32.52039399 32.53976745 21.67703375 137.327 0 0
0 21.68783633 40.65075077 16.28954838 137.327 0 1
0 32.46163929 35.26109104 16.34973613 137.327 0 1
0 27.19309637 32.59852215 18.95571016 137.327 0 1
0 27.13290862 43.37232511 13.56605043 137.327 0 1
0 29.7990704 37.86706507 21.61827905 137.327 0 1
0 24.40941067 37.92725282 10.84447609 137.327 0 1
1 25.12531234 39.98145983 18.24001888 72.63 0 6
1 29.08337912 39.9348491 14.23534137 72.63 0 6
1 25.07870161 35.97678232 14.2819521 72.63 0 6
1 29.11392122 35.94624022 18.27056098 72.63 0 6
1 30.52893263 34.53122881 19.68557239 72.63 0 6
1 23.66746871 34.51281357 12.8647238 72.63 0 6
1 30.54734787 41.3520774 12.82410847 72.63 0 6
1 23.70808404 41.39269273 19.70398763 72.63 0 6
1 29.14214962 36.00035315 14.24922818 72.63 0 6
1 25.09258842 35.91801182 18.21644805 72.63 0 6
1 29.05980829 39.96757302 18.29878938 72.63 0 6
1 23.68555235 41.37460909 12.84219211 72.63 0 6
1 30.4974538 41.35412883 19.73653172 72.63 0 6
1 23.70603261 34.48026948 19.65409356 72.63 0 6
1 30.57989196 34.56270764 12.86267237 72.63 0 6
1 27.09000924 35.23343424 10.85917806 72.63 0 5
1 21.7025383 37.9701522 18.98336696 72.63 0 5
1 29.8267272 43.35762314 16.246649 72.63 0 5
1 30.4884945 37.98178793 15.01710375 72.63 0 7
1 23.73098777 37.96543819 15.03232068 72.63 0 7
1 25.86046399 34.57166694 16.23501327 72.63 0 7
1 25.87568092 41.32917367 16.25136301 72.63 0 7
1 27.09472325 39.18448052 12.88762753 72.63 0 7
1 27.07837351 39.19969745 19.64513426 72.63 0 7
1 21.70967253 35.91711118 12.08925682 72.63 0 7
1 21.69434809 40.00143432 12.08386294 72.63 0 7
1 22.93261706 43.35048891 18.29969002 72.63 0 7
1 22.92722318 43.36581335 14.21536688 72.63 0 7
1 25.05872712 42.13293826 10.85098785 72.63 0 7
1 29.14305026 42.12754438 10.86631229 72.63 0 7
2 25.12110814 39.9390533 14.2777479 69.723 0 3
2 27.09984194 40.65200076 10.85709032 69.723 0 2
2 21.70045056 37.9603195 13.56480044 69.723 0 2
2 24.40816068 43.35971088 16.2564817 69.723 0 2
2 23.76261348 37.94854612 17.56568938 69.723 0 4
2 30.43942734 37.97270225 17.60768435 69.723 0 4
2 28.45104459 34.6207341 16.24409895 69.723 0 4
2 28.40904962 41.29754796 16.26825508 69.723 0 4
2 27.08745919 36.60911685 19.5960671 69.723 0 4
2 27.11161532 36.65111182 12.91925324 69.723 0 4
2 21.70853412 35.85957108 20.34880992 69.723 0 4
2 32.53213971 40.03208406 20.39419275 69.723 0 4
2 31.23755299 32.52802173 14.18471714 69.723 0 4
2 31.19217016 43.35162732 18.35723012 69.723 0 4
2 25.02807738 33.82260845 21.68877947 69.723 0 4
2 29.20059036 33.86799128 10.86517388 69.723 0 4
0 27.11845045 37.94171099 27.11845045 137.327 0 0
0 32.52270509 32.53745635 32.52270509 137.327 0 0
0 21.69014743 40.64843967 27.13521972 137.327 0 1
0 32.46395039 35.25877994 27.19540747 137.327 0 1
0 27.19540747 32.59621105 29.8013815 137.327 0 1
0 27.13521972 43.37001401 24.41172177 137.327 0 1
0 29.8013815 37.86475397 32.46395039 137.327 0 1
0 24.41172177 37.92494172 21.69014743 137.327 0 1
1 25.12762344 39.97914873 29.08569022 72.63 0 6
1 29.08569022 39.932538 25.08101271 72.63 0 6
1 25.08101271 35.97447122 25.12762344 72.63 0 6
1 29.11623232 35.94392912 29.11623232 72.63 0 6
1 30.53124373 34.52891771 30.53124373 72.63 0 6
1 23.66977981 34.51050247 23.71039514 72.63 0 6
1 30.54965897 41.3497663 23.66977981 72.63 0 6
1 23.71039514 41.39038163 30.54965897 72.63 0 6
1 29.14446072 35.99804205 25.09489952 72.63 0 6
1 25.09489952 35.91570072 29.06211939 72.63 0 6
1 29.06211939 39.96526192 29.14446072 72.63 0 6
1 23.68786345 41.37229799 23.68786345 72.63 0 6
1 30.4997649 41.35181773 30.58220306 72.63 0 6
1 23.70834371 34.47795838 30.4997649 72.63 0 6
1 30.58220306 34.56039654 23.70834371 72.63 0 6
1 27.09232034 35.23112314 21.7048494 72.63 0 5
1 21.7048494 37.9678411 29.8290383 72.63 0 5
1 29.8290383 43.35531204 27.09232034 72.63 0 5
1 30.4908056 37.97947683 25.86277509 72.63 0 7
1 23.73329887 37.96312709 25.87799202 72.63 0 7
1 25.86277509 34.56935584 27.08068461 72.63 0 7
1 25.87799202 41.32686257 27.09703435 72.63 0 7
1 27.09703435 39.18216942 23.73329887 72.63 0 7
1 27.08068461 39.19738635 30.4908056 72.63 0 7
1 21.71198363 35.91480008 22.93492816 72.63 0 7
1 21.69665919 39.99912322 22.92953428 72.63 0 7
1 22.93492816 43.34817781 29.14536136 72.63 0 7
1 22.92953428 43.36350225 25.06103822 72.63 0 7
1 25.06103822 42.13062716 21.69665919 72.63 0 7
1 29.14536136 42.12523328 21.71198363 72.63 0 7
2 25.12341924 39.9367422 25.12341924 69.723 0 3
2 27.10215304 40.64968966 21.70276166 69.723 0 2
2 21.70276166 37.9580084 24.41047178 69.723 0 2
2 24.41047178 43.35739978 27.10215304 69.723 0 2
2 23.76492458 37.94623502 28.41136072 69.723 0 4
2 30.44173844 37.97039115 28.45335569 69.723 0 4
2 28.45335569 34.618423 27.08977029 69.723 0 4
2 28.41136072 41.29523686 27.11392642 69.723 0 4
2 27.08977029 36.60680575 30.44173844 69.723 0 4
2 27.11392642 36.64880072 23.76492458 69.723 0 4
2 21.71084522 35.85725998 31.19448126 69.723 0 4
2 32.53445081 40.02977296 31.23986409 69.723 0 4
2 31.23986409 32.52571063 25.03038848 69.723 0 4
2 31.19448126 43.34931622 29.20290146 69.723 0 4
2 25.03038848 33.82029735 32.53445081 69.723 0 4
2 29.20290146 33.86568018 21.71084522 69.723 0 4
0 27.12076155 37.93939989 37.96412179 137.327 0 0
0 32.52501619 32.53514525 43.36837643 137.327 0 0
0 21.69245853 40.64612857 37.98089106 137.327 0 1
0 32.46626149 35.25646884 38.04107881 137.327 0 1
0 27.19771857 32.59389995 40.64705284 137.327 0 1
0 27.13753082 43.36770291 35.25739311 137.327 0 1
0 29.8036926 37.86244287 43.30962173 137.327 0 1
0 24.41403287 37.92263062 32.53581877 137.327 0 1
1 25.12993454 39.97683763 39.93136156 72.63 0 6
1 29.08800132 39.9302269 35.92668405 72.63 0 6
1 25.08332381 35.97216012 35.97329478 72.63 0 6
1 29.11854342 35.94161802 39.96190366 72.63 0 6
1 30.53355483 34.52660661 41.37691507 72.63 0 6
1 23.67209091 34.50819137 34.55606648 72.63 0 6
1 30.55197007 41.3474552 34.51545115 72.63 0 6
1 23.71270624 41.38807053 41.39533031 72.63 0 6
1 29.14677182 35.99573095 35.94057086 72.63 0 6
1 25.09721062 35.91338962 39.90779073 72.63 0 6
1 29.06443049 39.96295082 39.99013206 72.63 0 6
1 23.69017455 41.36998689 34.53353479 72.63 0 6
1 30.502076 41.34950663 41.4278744 72.63 0 6
1 23.71065481 34.47564728 41.34543624 72.63 0 6
1 30.58451416 34.55808544 34.55401505 72.63 0 6
1 27.09463144 35.22881204 32.55052074 72.63 0 5
1 21.7071605 37.96553 40.67470964 72.63 0 5
1 29.8313494 43.35300094 37.93799168 72.63 0 5
1 30.4931167 37.97716573 36.70844643 72.63 0 7
1 23.73560997 37.96081599 36.72366336 72.63 0 7
1 25.86508619 34.56704474 37.92635595 72.63 0 7
1 25.88030312 41.32455147 37.94270569 72.63 0 7
1 27.09934545 39.17985832 34.57897021 72.63 0 7
1 27.08299571 39.19507525 41.33647694 72.63 0 7
1 21.71429473 35.91248898 33.7805995 72.63 0 7
1 21.69897029 39.99681212 33.77520562 72.63 0 7
1 22.93723926 43.34586671 39.9910327 72.63 0 7
1 22.93184538 43.36119115 35.90670956 72.63 0 7
1 25.06334932 42.12831606 32.54233053 72.63 0 7
1 29.14767246 42.12292218 32.55765497 72.63 0 7
2 25.12573034 39.9344311 35.96909058 69.723 0 3
2 27.10446414 40.64737856 32.548433 69.723 0 2
2 21.70507276 37.9556973 35.25614312 69.723 0 2
2 24.41278288 43.35508868 37.94782438 69.723 0 2
2 23.76723568 37.94392392 39.25703206 69.723 0 4
2 30.44404954 37.96808005 39.29902703 69.723 0 4
2 28.45566679 34.6161119 37.93544163 69.723 0 4
2 28.41367182 41.29292576 37.95959776 69.723 0 4
2 27.09208139 36.60449465 41.28740978 69.723 0 4
2 27.11623752 36.64648962 34.61059592 69.723 0 4
2 21.71315632 35.85494888 42.0401526 69.723 0 4
2 32.53676191 40.02746186 42.08553543 69.723 0 4
2 31.24217519 32.52339953 35.87605982 69.723 0 4
2 31.19679236 43.34700512 40.0485728 69.723 0 4
2 25.03269958 33.81798625 43.38012215 69.723 0 4
2 29.20521256 33.86336908 32.55651656 69.723 0 4
0 27.12307265 37.93708879 48.80979313 137.327 0 0
0 32.52732729 32.53283415 54.21404777 137.327 0 0
0 21.69476963 40.64381747 48.8265624 137.327 0 1
0 32.46857259 35.25415774 48.88675015 137.327 0 1
0 27.20002967 32.59158885 51.49272418 137.327 0 1
0 27.13984192 43.36539181 46.10306445 137.327 0 1
0 29.8060037 37.86013177 54.15529307 137.327 0 1
0 24.41634397 37.92031952 43.38149011 137.327 0 1
1 25.13224564 39.97452653 50.7770329 72.63 0 6
1 29.09031242 39.9279158 46.77235539 72.63 0 6
1 25.08563491 35.96984902 46.81896612 72.63 0 6
1 29.12085452 35.93930692 50.807575 72.63 0 6
1 30.53586593 34.52429551 52.22258641 72.63 0 6
1 23.67440201 34.50588027 45.40173782 72.63 0 6
1 30.55428117 41.3451441 45.36112249 72.63 0 6
1 23.71501734 41.38575943 52.24100165 72.63 0 6
1 29.14908292 35.99341985 46.7862422 72.63 0 6
1 25.09952172 35.91107852 50.75346207 72.63 0 6
1 29.06674159 39.96063972 50.8358034 72.63 0 6
1 23.69248565 41.36767579 45.37920613 72.63 0 6
1 30.5043871 41.34719553 52.27354574 72.63 0 6
1 23.71296591 34.47333618 52.19110758 72.63 0 6
1 30.58682526 34.55577434 45.39968639 72.63 0 6
1 27.09694254 35.22650094 43.39619208 72.63 0 5
1 21.7094716 37.9632189 51.52038098 72.63 0 5
1 29.8336605 43.35068984 48.78366302 72.63 0 5
1 30.4954278 37.97485463 47.55411777 72.63 0 7
1 23.73792107 37.95850489 47.5693347 72.63 0 7
1 25.86739729 34.56473364 48.77202729 72.63 0 7
1 25.88261422 41.32224037 48.78837703 72.63 0 7
1 27.10165655 39.17754722 45.42464155 72.63 0 7
1 27.08530681 39.19276415 52.18214828 72.63 0 7
1 21.71660583 35.91017788 44.62627084 72.63 0 7
1 21.70128139 39.99450102 44.62087696 72.63 0 7
1 22.93955036 43.34355561 50.83670404 72.63 0 7
1 22.93415648 43.35888005 46.7523809 72.63 0 7
1 25.06566042 42.12600496 43.38800187 72.63 0 7
1 29.14998356 42.12061108 43.40332631 72.63 0 7
2 25.12804144 39.93212 46.81476192 69.723 0 3
2 27.10677524 40.64506746 43.39410434 69.723 0 2
2 21.70738386 37.9533862 46.10181446 69.723 0 2
2 24.41509398 43.35277758 48.79349572 69.723 0 2
2 23.76954678 37.94161282 50.1027034 69.723 0 4
2 30.44636064 37.96576895 50.14469837 69.723 0 4
2 28.45797789 34.6138008 48.78111297 69.723 0 4
2 28.41598292 41.29061466 48.8052691 69.723 0 4
2 27.09439249 36.60218355 52.13308112 69.723 0 4
2 27.11854862 36.64417852 45.45626726 69.723 0 4
2 21.71546742 35.85263778 52.88582394 69.723 0 4
2 32.53907301 40.02515076 52.93120677 69.723 0 4
2 31.24448629 32.52108843 46.72173116 69.723 0 4
2 31.19910346 43.34469402 50.89424414 69.723 0 4
2 25.03501068 33.81567515 54.22579349 69.723 0 4
2 29.20752366 33.86105798 43.4021879 69.723 0 4
0 27.12538375 37.93477769 59.65546447 137.327 0 0
0 32.52963839 32.53052305 65.05971911 137.327 0 0
0 21.69708073 40.64150637 59.67223374 137.327 0 1
0 32.47088369 35.25184664 59.73242149 137.327 0 1
0 27.20234077 32.58927775 62.33839552 137.327 0 1
0 27.14215302 43.36308071 56.94873579 137.327 0 1
0 29.8083148 37.85782067 65.00096441 137.327 0 1
0 24.41865507 37.91800842 54.22716145 137.327 0 1
1 25.13455674 39.97221543 61.62270424 72.63 0 6
1 29.09262352 39.9256047 57.61802673 72.63 0 6
1 25.08794601 35.96753792 57.66463746 72.63 0 6
1 29.12316562 35.93699582 61.65324634 72.63 0 6
1 30.53817703 34.52198441 63.06825775 72.63 0 6
1 23.67671311 34.50356917 56.24740916 72.63 0 6
1 30.55659227 41.342833 56.20679383 72.63 0 6
1 23.71732844 41.38344833 63.08667299 72.63 0 6
1 29.15139402 35.99110875 57.63191354 72.63 0 6
1 25.10183282 35.90876742 61.59913341 72.63 0 6
1 29.06905269 39.95832862 61.68147474 72.63 0 6
1 23.69479675 41.36536469 56.22487747 72.63 0 6
1 30.5066982 41.34488443 63.11921708 72.63 0 6
1 23.71527701 34.47102508 63.03677892 72.63 0 6
1 30.58913636 34.55346324 56.24535773 72.63 0 6
1 27.09925364 35.22418984 54.24186342 72.63 0 5
1 21.7117827 37.9609078 62.36605232 72.63 0 5
1 29.8359716 43.34837874 59.62933436 72.63 0 5
1 30.4977389 37.97254353 58.39978911 72.63 0 7
1 23.74023217 37.95619379 58.41500604 72.63 0 7
1 25.86970839 34.56242254 59.61769863 72.63 0 7
1 25.88492532 41.31992927 59.63404837 72.63 0 7
1 27.10396765 39.17523612 56.27031289 72.63 0 7
1 27.08761791 39.19045305 63.02781962 72.63 0 7
1 21.71891693 35.90786678 55.47194218 72.63 0 7
1 21.70359249 39.99218992 55.4665483 72.63 0 7
1 22.94186146 43.34124451 61.68237538 72.63 0 7
1 22.93646758 43.35656895 57.59805224 72.63 0 7
1 25.06797152 42.12369386 54.23367321 72.63 0 7
1 29.15229466 42.11829998 54.24899765 72.63 0 7
2 25.13035254 39.9298089 57.66043326 69.723 0 3
2 27.10908634 40.64275636 54.23977568 69.723 0 2
2 21.70969496 37.9510751 56.9474858 69.723 0 2
2 24.41740508 43.35046648 59.63916706 69.723 0 2
2 23.77185788 37.93930172 60.94837474 69.723 0 4
2 30.44867174 37.96345785 60.99036971 69.723 0 4
2 28.46028899 34.6114897 59.62678431 69.723 0 4
2 28.41829402 41.28830356 59.65094044 69.723 0 4
2 27.09670359 36.59987245 62.97875246 69.723 0 4
2 27.12085972 36.64186742 56.3019386 69.723 0 4
2 21.71777852 35.85032668 63.73149528 69.723 0 4
2 32.54138411 40.02283966 63.77687811 69.723 0 4
2 31.24679739 32.51877733 57.5674025 69.723 0 4
2 31.20141456 43.34238292 61.73991548 69.723 0 4
2 25.03732178 33.81336405 65.07146483 69.723 0 4
2 29.20983476 33.85874688 54.24785924 69.723 0 4
0 27.11151715 48.79200453 5.42479667 137.327 0 0
0 32.51577179 43.38774989 10.82905131 137.327 0 0
0 21.68321413 51.49873321 5.44156594 137.327 0 1
0 32.45701709 46.10907348 5.50175369 137.327 0 1
0 27.18847417 43.44650459 8.10772772 137.327 0 1
0 27.12828642 54.22030755 2.71806799 137.327 0 1
0 29.7944482 48.71504751 10.77029661 137.327 0 1
0 24.40478847 48.77523526 -0.00350635 137.327 0 1
1 25.12069014 50.82944227 7.39203644 72.63 0 6
1 29.07875692 50.78283154 3.38735893 72.63 0 6
1 25.07407941 46.82476476 3.43396966 72.63 0 6
1 29.10929902 46.79422266 7.42257854 72.63 0 6
1 30.52431043 45.37921125 8.83758995 72.63 0 6
1 23.66284651 45.36079601 2.01674136 72.63 0 6
1 30.54272567 52.20005984 1.97612603 72.63 0 6
1 23.70346184 52.24067517 8.85600519 72.63 0 6
1 29.13752742 46.84833559 3.40124574 72.63 0 6
1 25.08796622 46.76599426 7.36846561 72.63 0 6
1 29.05518609 50.81555546 7.45080694 72.63 0 6
1 23.68093015 52.22259153 1.99420967 72.63 0 6
1 30.4928316 52.20211127 8.88854928 72.63 0 6
1 23.70141041 45.32825192 8.80611112 72.63 0 6
1 30.57526976 45.41069008 2.01468993 72.63 0 6
1 27.08538704 46.08141668 0.01119562 72.63 0 5
1 21.6979161 48.81813464 8.13538452 72.63 0 5
1 29.822105 54.20560558 5.39866656 72.63 0 5
1 30.4838723 48.82977037 4.16912131 72.63 0 7
1 23.72636557 48.81342063 4.18433824 72.63 0 7
1 25.85584179 45.41964938 5.38703083 72.63 0 7
1 25.87105872 52.17715611 5.40338057 72.63 0 7
1 27.09010105 50.03246296 2.03964509 72.63 0 7
1 27.07375131 50.04767989 8.79715182 72.63 0 7
1 21.70505033 46.76509362 1.24127438 72.63 0 7
1 21.68972589 50.84941676 1.2358805 72.63 0 7
1 22.92799486 54.19847135 7.45170758 72.63 0 7
1 22.92260098 54.21379579 3.36738444 72.63 0 7
1 25.05410492 52.9809207 0.00300541 72.63 0 7
1 29.13842806 52.97552682 0.01832985 72.63 0 7
2 25.11648594 50.78703574 3.42976546 69.723 0 3
2 27.09521974 51.4999832 0.00910788 69.723 0 2
2 21.69582836 48.80830194 2.716818 69.723 0 2
2 24.40353848 54.20769332 5.40849926 69.723 0 2
2 23.75799128 48.79652856 6.71770694 69.723 0 4
2 30.43480514 48.82068469 6.75970191 69.723 0 4
2 28.44642239 45.46871654 5.39611651 69.723 0 4
2 28.40442742 52.1455304 5.42027264 69.723 0 4
2 27.08283699 47.45709929 8.74808466 69.723 0 4
2 27.10699312 47.49909426 2.0712708 69.723 0 4
2 21.70391192 46.70755352 9.50082748 69.723 0 4
2 32.52751751 50.8800665 9.54621031 69.723 0 4
2 31.23293079 43.37600417 3.3367347 69.723 0 4
2 31.18754796 54.19960976 7.50924768 69.723 0 4
2 25.02345518 44.67059089 10.84079703 69.723 0 4
2 29.19596816 44.71597372 0.01719144 69.723 0 4
0 27.11382825 48.78969343 16.27046801 137.327 0 0
0 32.51808289 43.38543879 21.67472265 137.327 0 0
0 21.68552523 51.49642211 16.28723728 137.327 0 1
0 32.45932819 46.10676238 16.34742503 137.327 0 1
0 27.19078527 43.44419349 18.95339906 137.327 0 1
0 27.13059752 54.21799645 13.56373933 137.327 0 1
0 29.7967593 48.71273641 21.61596795 137.327 0 1
0 24.40709957 48.77292416 10.84216499 137.327 0 1
1 25.12300124 50.82713117 18.23770778 72.63 0 6
1 29.08106802 50.78052044 14.23303027 72.63 0 6
1 25.07639051 46.82245366 14.279641 72.63 0 6
1 29.11161012 46.79191156 18.26824988 72.63 0 6
1 30.52662153 45.37690015 19.68326129 72.63 0 6
1 23.66515761 45.35848491 12.8624127 72.63 0 6
1 30.54503677 52.19774874 12.82179737 72.63 0 6
1 23.70577294 52.23836407 19.70167653 72.63 0 6
1 29.13983852 46.84602449 14.24691708 72.63 0 6
1 25.09027732 46.76368316 18.21413695 72.63 0 6
1 29.05749719 50.81324436 18.29647828 72.63 0 6
1 23.68324125 52.22028043 12.83988101 72.63 0 6
1 30.4951427 52.19980017 19.73422062 72.63 0 6
1 23.70372151 45.32594082 19.65178246 72.63 0 6
1 30.57758086 45.40837898 12.86036127 72.63 0 6
1 27.08769814 46.07910558 10.85686696 72.63 0 5
1 21.7002272 48.81582354 18.98105586 72.63 0 5
1 29.8244161 54.20329448 16.2443379 72.63 0 5
1 30.4861834 48.82745927 15.01479265 72.63 0 7
1 23.72867667 48.81110953 15.03000958 72.63 0 7
1 25.85815289 45.41733828 16.23270217 72.63 0 7
1 25.87336982 52.17484501 16.24905191 72.63 0 7
1 27.09241215 50.03015186 12.88531643 72.63 0 7
1 27.07606241 50.04536879 19.64282316 72.63 0 7
1 21.70736143 46.76278252 12.08694572 72.63 0 7
1 21.69203699 50.84710566 12.08155184 72.63 0 7
1 22.93030596 54.19616025 18.29737892 72.63 0 7
1 22.92491208 54.21148469 14.21305578 72.63 0 7
1 25.05641602 52.9786096 10.84867675 72.63 0 7
1 29.14073916 52.97321572 10.86400119 72.63 0 7
2 25.11879704 50.78472464 14.2754368 69.723 0 3
2 27.09753084 51.4976721 10.85477922 69.723 0 2
2 21.69813946 48.80599084 13.56248934 69.723 0 2
2 24.40584958 54.20538222 16.2541706 69.723 0 2
2 23.76030238 48.79421746 17.56337828 69.723 0 4
2 30.43711624 48.81837359 17.60537325 69.723 0 4
2 28.44873349 45.46640544 16.24178785 69.723 0 4
2 28.40673852 52.1432193 16.26594398 69.723 0 4
2 27.08514809 47.45478819 19.593756 69.723 0 4
2 27.10930422 47.49678316 12.91694214 69.723 0 4
2 21.70622302 46.70524242 20.34649882 69.723 0 4
2 32.52982861 50.8777554 20.39188165 69.723 0 4
2 31.23524189 43.37369307 14.18240604 69.723 0 4
2 31.18985906 54.19729866 18.35491902 69.723 0 4
2 25.02576628 44.66827979 21.68646837 69.723 0 4
2 29.19827926 44.71366262 10.86286278 69.723 0 4
0 27.11613935 48.78738233 27.11613935 137.327 0 0
0 32.52039399 43.38312769 32.52039399 137.327 0 0
0 21.68783633 51.49411101 27.13290862 137.327 0 1
0 32.46163929 46.10445128 27.19309637 137.327 0 1
0 27.19309637 43.44188239 29.7990704 137.327 0 1
0 27.13290862 54.21568535 24.40941067 137.327 0 1
0 29.7990704 48.71042531 32.46163929 137.327 0 1
0 24.40941067 48.77061306 21.68783633 137.327 0 1
1 25.12531234 50.82482007 29.08337912 72.63 0 6
1 29.08337912 50.77820934 25.07870161 72.63 0 6
1 25.07870161 46.82014256 25.12531234 72.63 0 6
1 29.11392122 46.78960046 29.11392122 72.63 0 6
1 30.52893263 45.37458905 30.52893263 72.63 0 6
1 23.66746871 45.35617381 23.70808404 72.63 0 6
1 30.54734787 52.19543764 23.66746871 72.63 0 6
1 23.70808404 52.23605297 30.54734787 72.63 0 6
1 29.14214962 46.84371339 25.09258842 72.63 0 6
1 25.09258842 46.76137206 29.05980829 72.63 0 6
1 29.05980829 50.81093326 29.14214962 72.63 0 6
1 23.68555235 52.21796933 23.68555235 72.63 0 6
1 30.4974538 52.19748907 30.57989196 72.63 0 6
1 23.70603261 45.32362972 30.4974538 72.63 0 6
1 30.57989196 45.40606788 23.70603261 72.63 0 6
1 27.09000924 46.07679448 21.7025383 72.63 0 5
1 21.7025383 48.81351244 29.8267272 72.63 0 5
1 29.8267272 54.20098338 27.09000924 72.63 0 5
1 30.4884945 48.82514817 25.86046399 72.63 0 7
1 23.73098777 48.80879843 25.87568092 72.63 0 7
1 25.86046399 45.41502718 27.07837351 72.63 0 7
1 25.87568092 52.17253391 27.09472325 72.63 0 7
1 27.09472325 50.02784076 23.73098777 72.63 0 7
1 27.07837351 50.04305769 30.4884945 72.63 0 7
1 21.70967253 46.76047142 22.93261706 72.63 0 7
1 21.69434809 50.84479456 22.92722318 72.63 0 7
1 22.93261706 54.19384915 29.14305026 72.63 0 7
1 22.92722318 54.20917359 25.05872712 72.63 0 7
1 25.05872712 52.9762985 21.69434809 72.63 0 7
1 29.14305026 52.97090462 21.70967253 72.63 0 7
2 25.12110814 50.78241354 25.12110814 69.723 0 3
2 27.09984194 51.495361 21.70045056 69.723 0 2
2 21.70045056 48.80367974 24.40816068 69.723 0 2
2 24.40816068 54.20307112 27.09984194 69.723 0 2
2 23.76261348 48.79190636 28.40904962 69.723 0 4
2 30.43942734 48.81606249 28.45104459 69.723 0 4
2 28.45104459 45.46409434 27.08745919 69.723 0 4
2 28.40904962 52.1409082 27.11161532 69.723 0 4
2 27.08745919 47.45247709 30.43942734 69.723 0 4
2 27.11161532 47.49447206 23.76261348 69.723 0 4
2 21.70853412 46.70293132 31.19217016 69.723 0 4
2 32.53213971 50.8754443 31.23755299 69.723 0 4
2 31.23755299 43.37138197 25.02807738 69.723 0 4
2 31.19217016 54.19498756 29.20059036 69.723 0 4
2 25.02807738 44.66596869 32.53213971 69.723 0 4
2 29.20059036 44.71135152 21.70853412 69.723 0 4
0 27.11845045 48.78507123 37.96181069 137.327 0 0
0 32.52270509 43.38081659 43.36606533 137.327 0 0
0 21.69014743 51.49179991 37.97857996 137.327 0 1
0 32.46395039 46.10214018 38.03876771 137.327 0 1
0 27.19540747 43.43957129 40.64474174 137.327 0 1
0 27.13521972 54.21337425 35.25508201 137.327 0 1
0 29.8013815 48.70811421 43.30731063 137.327 0 1
0 24.41172177 48.76830196 32.53350767 137.327 0 1
1 25.12762344 50.82250897 39.92905046 72.63 0 6
1 29.08569022 50.77589824 35.92437295 72.63 0 6
1 25.08101271 46.81783146 35.97098368 72.63 0 6
1 29.11623232 46.78728936 39.95959256 72.63 0 6
1 30.53124373 45.37227795 41.37460397 72.63 0 6
1 23.66977981 45.35386271 34.55375538 72.63 0 6
1 30.54965897 52.19312654 34.51314005 72.63 0 6
1 23.71039514 52.23374187 41.39301921 72.63 0 6
1 29.14446072 46.84140229 35.93825976 72.63 0 6
1 25.09489952 46.75906096 39.90547963 72.63 0 6
1 29.06211939 50.80862216 39.98782096 72.63 0 6
1 23.68786345 52.21565823 34.53122369 72.63 0 6
1 30.4997649 52.19517797 41.4255633 72.63 0 6
1 23.70834371 45.32131862 41.34312514 72.63 0 6
1 30.58220306 45.40375678 34.55170395 72.63 0 6
1 27.09232034 46.07448338 32.54820964 72.63 0 5
1 21.7048494 48.81120134 40.67239854 72.63 0 5
1 29.8290383 54.19867228 37.93568058 72.63 0 5
1 30.4908056 48.82283707 36.70613533 72.63 0 7
1 23.73329887 48.80648733 36.72135226 72.63 0 7
1 25.86277509 45.41271608 37.92404485 72.63 0 7
1 25.87799202 52.17022281 37.94039459 72.63 0 7
1 27.09703435 50.02552966 34.57665911 72.63 0 7
1 27.08068461 50.04074659 41.33416584 72.63 0 7
1 21.71198363 46.75816032 33.7782884 72.63 0 7
1 21.69665919 50.84248346 33.77289452 72.63 0 7
1 22.93492816 54.19153805 39.9887216 72.63 0 7
1 22.92953428 54.20686249 35.90439846 72.63 0 7
1 25.06103822 52.9739874 32.54001943 72.63 0 7
1 29.14536136 52.96859352 32.55534387 72.63 0 7
2 25.12341924 50.78010244 35.96677948 69.723 0 3
2 27.10215304 51.4930499 32.5461219 69.723 0 2
2 21.70276166 48.80136864 35.25383202 69.723 0 2
2 24.41047178 54.20076002 37.94551328 69.723 0 2
2 23.76492458 48.78959526 39.25472096 69.723 0 4
2 30.44173844 48.81375139 39.29671593 69.723 0 4
2 28.45335569 45.46178324 37.93313053 69.723 0 4
2 28.41136072 52.1385971 37.95728666 69.723 0 4
2 27.08977029 47.45016599 41.28509868 69.723 0 4
2 27.11392642 47.49216096 34.60828482 69.723 0 4
2 21.71084522 46.70062022 42.0378415 69.723 0 4
2 32.53445081 50.8731332 42.08322433 69.723 0 4
2 31.23986409 43.36907087 35.87374872 69.723 0 4
2 31.19448126 54.19267646 40.0462617 69.723 0 4
2 25.03038848 44.66365759 43.37781105 69.723 0 4
2 29.20290146 44.70904042 32.55420546 69.723 0 4
0 27.12076155 48.78276013 48.80748203 137.327 0 0
0 32.52501619 43.37850549 54.21173667 137.327 0 0
0 21.69245853 51.48948881 48.8242513 137.327 0 1
0 32.46626149 46.09982908 48.88443905 137.327 0 1
0 27.19771857 43.43726019 51.49041308 137.327 0 1
0 27.13753082 54.21106315 46.10075335 137.327 0 1
0 29.8036926 48.70580311 54.15298197 137.327 0 1
0 24.41403287 48.76599086 43.37917901 137.327 0 1
1 25.12993454 50.82019787 50.7747218 72.63 0 6
1 29.08800132 50.77358714 46.77004429 72.63 0 6
1 25.08332381 46.81552036 46.81665502 72.63 0 6
1 29.11854342 46.78497826 50.8052639 72.63 0 6
1 30.53355483 45.36996685 52.22027531 72.63 0 6
1 23.67209091 45.35155161 45.39942672 72.63 0 6
1 30.55197007 52.19081544 45.35881139 72.63 0 6
1 23.71270624 52.23143077 52.23869055 72.63 0 6
1 29.14677182 46.83909119 46.7839311 72.63 0 6
1 25.09721062 46.75674986 50.75115097 72.63 0 6
1 29.06443049 50.80631106 50.8334923 72.63 0 6
1 23.69017455 52.21334713 45.37689503 72.63 0 6
1 30.502076 52.19286687 52.27123464 72.63 0 6
1 23.71065481 45.31900752 52.18879648 72.63 0 6
1 30.58451416 45.40144568 45.39737529 72.63 0 6
1 27.09463144 46.07217228 43.39388098 72.63 0 5
1 21.7071605 48.80889024 51.51806988 72.63 0 5
1 29.8313494 54.19636118 48.78135192 72.63 0 5
1 30.4931167 48.82052597 47.55180667 72.63 0 7
1 23.73560997 48.80417623 47.5670236 72.63 0 7
1 25.86508619 45.41040498 48.76971619 72.63 0 7
1 25.88030312 52.16791171 48.78606593 72.63 0 7
1 27.09934545 50.02321856 45.42233045 72.63 0 7
1 27.08299571 50.03843549 52.17983718 72.63 0 7
1 21.71429473 46.75584922 44.62395974 72.63 0 7
1 21.69897029 50.84017236 44.61856586 72.63 0 7
1 22.93723926 54.18922695 50.83439294 72.63 0 7
1 22.93184538 54.20455139 46.7500698 72.63 0 7
1 25.06334932 52.9716763 43.38569077 72.63 0 7
1 29.14767246 52.96628242 43.40101521 72.63 0 7
2 25.12573034 50.77779134 46.81245082 69.723 0 3
2 27.10446414 51.4907388 43.39179324 69.723 0 2
2 21.70507276 48.79905754 46.09950336 69.723 0 2
2 24.41278288 54.19844892 48.79118462 69.723 0 2
2 23.76723568 48.78728416 50.1003923 69.723 0 4
2 30.44404954 48.81144029 50.14238727 69.723 0 4
2 28.45566679 45.45947214 48.77880187 69.723 0 4
2 28.41367182 52.136286 48.802958 69.723 0 4
2 27.09208139 47.44785489 52.13077002 69.723 0 4
2 27.11623752 47.48984986 45.45395616 69.723 0 4
2 21.71315632 46.69830912 52.88351284 69.723 0 4
2 32.53676191 50.8708221 52.92889567 69.723 0 4
2 31.24217519 43.36675977 46.71942006 69.723 0 4
2 31.19679236 54.19036536 50.89193304 69.723 0 4
2 25.03269958 44.66134649 54.22348239 69.723 0 4
2 29.20521256 44.70672932 43.3998768 69.723 0 4
0 27.12307265 48.78044903 59.65315337 137.327 0 0
0 32.52732729 43.37619439 65.05740801 137.327 0 0
0 21.69476963 51.48717771 59.66992264 137.327 0 1
0 32.46857259 46.09751798 59.73011039 137.327 0 1
0 27.20002967 43.43494909 62.33608442 137.327 0 1
0 27.13984192 54.20875205 56.94642469 137.327 0 1
0 29.8060037 48.70349201 64.99865331 137.327 0 1
0 24.41634397 48.76367976 54.22485035 137.327 0 1
1 25.13224564 50.81788677 61.62039314 72.63 0 6
1 29.09031242 50.77127604 57.61571563 72.63 0 6
1 25.08563491 46.81320926 57.66232636 72.63 0 6
1 29.12085452 46.78266716 61.65093524 72.63 0 6
1 30.53586593 45.36765575 63.06594665 72.63 0 6
1 23.67440201 45.34924051 56.24509806 72.63 0 6
1 30.55428117 52.18850434 56.20448273 72.63 0 6
1 23.71501734 52.22911967 63.08436189 72.63 0 6
1 29.14908292 46.83678009 57.62960244 72.63 0 6
1 25.09952172 46.75443876 61.59682231 72.63 0 6
1 29.06674159 50.80399996 61.67916364 72.63 0 6
1 23.69248565 52.21103603 56.22256637 72.63 0 6
1 30.5043871 52.19055577 63.11690598 72.63 0 6
1 23.71296591 45.31669642 63.03446782 72.63 0 6
1 30.58682526 45.39913458 56.24304663 72.63 0 6
1 27.09694254 46.06986118 54.23955232 72.63 0 5
1 21.7094716 48.80657914 62.36374122 72.63 0 5
1 29.8336605 54.19405008 59.62702326 72.63 0 5
1 30.4954278 48.81821487 58.39747801 72.63 0 7
1 23.73792107 48.80186513 58.41269494 72.63 0 7
1 25.86739729 45.40809388 59.61538753 72.63 0 7
1 25.88261422 52.16560061 59.63173727 72.63 0 7
1 27.10165655 50.02090746 56.26800179 72.63 0 7
1 27.08530681 50.03612439 63.02550852 72.63 0 7
1 21.71660583 46.75353812 55.46963108 72.63 0 7
1 21.70128139 50.83786126 55.4642372 72.63 0 7
1 22.93955036 54.18691585 61.68006428 72.63 0 7
1 22.93415648 54.20224029 57.59574114 72.63 0 7
1 25.06566042 52.9693652 54.23136211 72.63 0 7
1 29.14998356 52.96397132 54.24668655 72.63 0 7
2 25.12804144 50.77548024 57.65812216 69.723 0 3
2 27.10677524 51.4884277 54.23746458 69.723 0 2
2 21.70738386 48.79674644 56.9451747 69.723 0 2
2 24.41509398 54.19613782 59.63685596 69.723 0 2
2 23.76954678 48.78497306 60.94606364 69.723 0 4
2 30.44636064 48.80912919 60.98805861 69.723 0 4
2 28.45797789 45.45716104 59.62447321 69.723 0 4
2 28.41598292 52.1339749 59.64862934 69.723 0 4
2 27.09439249 47.44554379 62.97644136 69.723 0 4
2 27.11854862 47.48753876 56.2996275 69.723 0 4
2 21.71546742 46.69599802 63.72918418 69.723 0 4
2 32.53907301 50.868511 63.77456701 69.723 0 4
2 31.24448629 43.36444867 57.5650914 69.723 0 4
2 31.19910346 54.18805426 61.73760438 69.723 0 4
2 25.03501068 44.65903539 65.06915373 69.723 0 4
2 29.20752366 44.70441822 54.24554814 69.723 0 4
0 27.10920605 59.63767587 5.42248557 137.327 0 0
0 32.51346069 54.23342123 10.82674021 137.327 0 0
0 21.68090303 62.34440455 5.43925484 137.327 0 1
0 32.45470599 56.95474482 5.49944259 137.327 0 1
0 27.18616307 54.29217593 8.10541662 137.327 0 1
0 27.12597532 65.06597889 2.71575689 137.327 0 1
0 29.7921371 59.56071885 10.76798551 137.327 0 1
0 24.40247737 59.6209066 -0.00581745 137.327 0 1
1 25.11837904 61.67511361 7.38972534 72.63 0 6
1 29.07644582 61.62850288 3.38504783 72.63 0 6
1 25.07176831 57.6704361 3.43165856 72.63 0 6
1 29.10698792 57.639894 7.42026744 72.63 0 6
1 30.52199933 56.22488259 8.83527885 72.63 0 6
1 23.66053541 56.20646735 2.01443026 72.63 0 6
1 30.54041457 63.04573118 1.97381493 72.63 0 6
1 23.70115074 63.08634651 8.85369409 72.63 0 6
1 29.13521632 57.69400693 3.39893464 72.63 0 6
1 25.08565512 57.6116656 7.36615451 72.63 0 6
1 29.05287499 61.6612268 7.44849584 72.63 0 6
1 23.67861905 63.06826287 1.99189857 72.63 0 6
1 30.4905205 63.04778261 8.88623818 72.63 0 6
1 23.69909931 56.17392326 8.80380002 72.63 0 6
1 30.57295866 56.25636142 2.01237883 72.63 0 6
1 27.08307594 56.92708802 0.00888452 72.63 0 5
1 21.695605 59.66380598 8.13307342 72.63 0 5
1 29.8197939 65.05127692 5.39635546 72.63 0 5
1 30.4815612 59.67544171 4.16681021 72.63 0 7
1 23.72405447 59.65909197 4.18202714 72.63 0 7
1 25.85353069 56.26532072 5.38471973 72.63 0 7
1 25.86874762 63.02282745 5.40106947 72.63 0 7
1 27.08778995 60.8781343 2.03733399 72.63 0 7
1 27.07144021 60.89335123 8.79484072 72.63 0 7
1 21.70273923 57.61076496 1.23896328 72.63 0 7
1 21.68741479 61.6950881 1.2335694 72.63 0 7
1 22.92568376 65.04414269 7.44939648 72.63 0 7
1 22.92028988 65.05946713 3.36507334 72.63 0 7
1 25.05179382 63.82659204 0.00069431 72.63 0 7
1 29.13611696 63.82119816 0.01601875 72.63 0 7
2 25.11417484 61.63270708 3.42745436 69.723 0 3
2 27.09290864 62.34565454 0.00679678 69.723 0 2
2 21.69351726 59.65397328 2.7145069 69.723 0 2
2 24.40122738 65.05336466 5.40618816 69.723 0 2
2 23.75568018 59.6421999 6.71539584 69.723 0 4
2 30.43249404 59.66635603 6.75739081 69.723 0 4
2 28.44411129 56.31438788 5.39380541 69.723 0 4
2 28.40211632 62.99120174 5.41796154 69.723 0 4
2 27.08052589 58.30277063 8.74577356 69.723 0 4
2 27.10468202 58.3447656 2.0689597 69.723 0 4
2 21.70160082 57.55322486 9.49851638 69.723 0 4
2 32.52520641 61.72573784 9.54389921 69.723 0 4
2 31.23061969 54.22167551 3.3344236 69.723 0 4
2 31.18523686 65.0452811 7.50693658 69.723 0 4
2 25.02114408 55.51626223 10.83848593 69.723 0 4
2 29.19365706 55.56164506 0.01488034 69.723 0 4
0 27.11151715 59.63536477 16.26815691 137.327 0 0
0 32.51577179 54.23111013 21.67241155 137.327 0 0
0 21.68321413 62.34209345 16.28492618 137.327 0 1
0 32.45701709 56.95243372 16.34511393 137.327 0 1
0 27.18847417 54.28986483 18.95108796 137.327 0 1
0 27.12828642 65.06366779 13.56142823 137.327 0 1
0 29.7944482 59.55840775 21.61365685 137.327 0 1
0 24.40478847 59.6185955 10.83985389 137.327 0 1
1 25.12069014 61.67280251 18.23539668 72.63 0 6
1 29.07875692 61.62619178 14.23071917 72.63 0 6
1 25.07407941 57.668125 14.2773299 72.63 0 6
1 29.10929902 57.6375829 18.26593878 72.63 0 6
1 30.52431043 56.22257149 19.68095019 72.63 0 6
1 23.66284651 56.20415625 12.8601016 72.63 0 6
1 30.54272567 63.04342008 12.81948627 72.63 0 6
1 23.70346184 63.08403541 19.69936543 72.63 0 6
1 29.13752742 57.69169583 14.24460598 72.63 0 6
1 25.08796622 57.6093545 18.21182585 72.63 0 6
1 29.05518609 61.6589157 18.29416718 72.63 0 6
1 23.68093015 63.06595177 12.83756991 72.63 0 6
1 30.4928316 63.04547151 19.73190952 72.63 0 6
1 23.70141041 56.17161216 19.64947136 72.63 0 6
1 30.57526976 56.25405032 12.85805017 72.63 0 6
1 27.08538704 56.92477692 10.85455586 72.63 0 5
1 21.6979161 59.66149488 18.97874476 72.63 0 5
1 29.822105 65.04896582 16.2420268 72.63 0 5
1 30.4838723 59.67313061 15.01248155 72.63 0 7
1 23.72636557 59.65678087 15.02769848 72.63 0 7
1 25.85584179 56.26300962 16.23039107 72.63 0 7
1 25.87105872 63.02051635 16.24674081 72.63 0 7
1 27.09010105 60.8758232 12.88300533 72.63 0 7
1 27.07375131 60.89104013 19.64051206 72.63 0 7
1 21.70505033 57.60845386 12.08463462 72.63 0 7
1 21.68972589 61.692777 12.07924074 72.63 0 7
1 22.92799486 65.04183159 18.29506782 72.63 0 7
1 22.92260098 65.05715603 14.21074468 72.63 0 7
1 25.05410492 63.82428094 10.84636565 72.63 0 7
1 29.13842806 63.81888706 10.86169009 72.63 0 7
2 25.11648594 61.63039598 14.2731257 69.723 0 3
2 27.09521974 62.34334344 10.85246812 69.723 0 2
2 21.69582836 59.65166218 13.56017824 69.723 0 2
2 24.40353848 65.05105356 16.2518595 69.723 0 2
2 23.75799128 59.6398888 17.56106718 69.723 0 4
2 30.43480514 59.66404493 17.60306215 69.723 0 4
2 28.44642239 56.31207678 16.23947675 69.723 0 4
2 28.40442742 62.98889064 16.26363288 69.723 0 4
2 27.08283699 58.30045953 19.5914449 69.723 0 4
2 27.10699312 58.3424545 12.91463104 69.723 0 4
2 21.70391192 57.55091376 20.34418772 69.723 0 4
2 32.52751751 61.72342674 20.38957055 69.723 0 4
2 31.23293079 54.21936441 14.18009494 69.723 0 4
2 31.18754796 65.04297 18.35260792 69.723 0 4
2 25.02345518 55.51395113 21.68415727 69.723 0 4
2 29.19596816 55.55933396 10.86055168 69.723 0 4
0 27.11382825 59.63305367 27.11382825 137.327 0 0
0 32.51808289 54.22879903 32.51808289 137.327 0 0
0 21.68552523 62.33978235 27.13059752 137.327 0 1
0 32.45932819 56.95012262 27.19078527 137.327 0 1
0 27.19078527 54.28755373 29.7967593 137.327 0 1
0 27.13059752 65.06135669 24.40709957 137.327 0 1
0 29.7967593 59.55609665 32.45932819 137.327 0 1
0 24.40709957 59.6162844 21.68552523 137.327 0 1
1 25.12300124 61.67049141 29.08106802 72.63 0 6
1 29.08106802 61.62388068 25.07639051 72.63 0 6
1 25.07639051 57.6658139 25.12300124 72.63 0 6
1 29.11161012 57.6352718 29.11161012 72.63 0 6
1 30.52662153 56.22026039 30.52662153 72.63 0 6
1 23.66515761 56.20184515 23.70577294 72.63 0 6
1 30.54503677 63.04110898 23.66515761 72.63 0 6
1 23.70577294 63.08172431 30.54503677 72.63 0 6
1 29.13983852 57.68938473 25.09027732 72.63 0 6
1 25.09027732 57.6070434 29.05749719 72.63 0 6
1 29.05749719 61.6566046 29.13983852 72.63 0 6
1 23.68324125 63.06364067 23.68324125 72.63 0 6
1 30.4951427 63.04316041 30.57758086 72.63 0 6
1 23.70372151 56.16930106 30.4951427 72.63 0 6
1 30.57758086 56.25173922 23.70372151 72.63 0 6
1 27.08769814 56.92246582 21.7002272 72.63 0 5
1 21.7002272 59.65918378 29.8244161 72.63 0 5
1 29.8244161 65.04665472 27.08769814 72.63 0 5
1 30.4861834 59.67081951 25.85815289 72.63 0 7
1 23.72867667 59.65446977 25.87336982 72.63 0 7
1 25.85815289 56.26069852 27.07606241 72.63 0 7
1 25.87336982 63.01820525 27.09241215 72.63 0 7
1 27.09241215 60.8735121 23.72867667 72.63 0 7
1 27.07606241 60.88872903 30.4861834 72.63 0 7
1 21.70736143 57.60614276 22.93030596 72.63 0 7
1 21.69203699 61.6904659 22.92491208 72.63 0 7
1 22.93030596 65.03952049 29.14073916 72.63 0 7
1 22.92491208 65.05484493 25.05641602 72.63 0 7
1 25.05641602 63.82196984 21.69203699 72.63 0 7
1 29.14073916 63.81657596 21.70736143 72.63 0 7
2 25.11879704 61.62808488 25.11879704 69.723 0 3
2 27.09753084 62.34103234 21.69813946 69.723 0 2
2 21.69813946 59.64935108 24.40584958 69.723 0 2
2 24.40584958 65.04874246 27.09753084 69.723 0 2
2 23.76030238 59.6375777 28.40673852 69.723 0 4
2 30.43711624 59.66173383 28.44873349 69.723 0 4
2 28.44873349 56.30976568 27.08514809 69.723 0 4
2 28.40673852 62.98657954 27.10930422 69.723 0 4
2 27.08514809 58.29814843 30.43711624 69.723 0 4
2 27.10930422 58.3401434 23.76030238 69.723 0 4
2 21.70622302 57.54860266 31.18985906 69.723 0 4
2 32.52982861 61.72111564 31.23524189 69.723 0 4
2 31.23524189 54.21705331 25.02576628 69.723 0 4
2 31.18985906 65.0406589 29.19827926 69.723 0 4
2 25.02576628 55.51164003 32.52982861 69.723 0 4
2 29.19827926 55.55702286 21.70622302 69.723 0 4
0 27.11613935 59.63074257 37.95949959 137.327 0 0
0 32.52039399 54.22648793 43.36375423 137.327 0 0
0 21.68783633 62.33747125 37.97626886 137.327 0 1
0 32.46163929 56.94781152 38.03645661 137.327 0 1
0 27.19309637 54.28524263 40.64243064 137.327 0 1
0 27.13290862 65.05904559 35.25277091 137.327 0 1
0 29.7990704 59.55378555 43.30499953 137.327 0 1
0 24.40941067 59.6139733 32.53119657 137.327 0 1
1 25.12531234 61.66818031 39.92673936 72.63 0 6
1 29.08337912 61.62156958 35.92206185 72.63 0 6
1 25.07870161 57.6635028 35.96867258 72.63 0 6
1 29.11392122 57.6329607 39.95728146 72.63 0 6
1 30.52893263 56.21794929 41.37229287 72.63 0 6
1 23.66746871 56.19953405 34.55144428 72.63 0 6
1 30.54734787 63.03879788 34.51082895 72.63 0 6
1 23.70808404 63.07941321 41.39070811 72.63 0 6
1 29.14214962 57.68707363 35.93594866 72.63 0 6
1 25.09258842 57.6047323 39.90316853 72.63 0 6
1 29.05980829 61.6542935 39.98550986 72.63 0 6
1 23.68555235 63.06132957 34.52891259 72.63 0 6
1 30.4974538 63.04084931 41.4232522 72.63 0 6
1 23.70603261 56.16698996 41.34081404 72.63 0 6
1 30.57989196 56.24942812 34.54939285 72.63 0 6
1 27.09000924 56.92015472 32.54589854 72.63 0 5
1 21.7025383 59.65687268 40.67008744 72.63 0 5
1 29.8267272 65.04434362 37.93336948 72.63 0 5
1 30.4884945 59.66850841 36.70382423 72.63 0 7
1 23.73098777 59.65215867 36.71904116 72.63 0 7
1 25.86046399 56.25838742 37.92173375 72.63 0 7
1 25.87568092 63.01589415 37.93808349 72.63 0 7
1 27.09472325 60.871201 34.57434801 72.63 0 7
1 27.07837351 60.88641793 41.33185474 72.63 0 7
1 21.70967253 57.60383166 33.7759773 72.63 0 7
1 21.69434809 61.6881548 33.77058342 72.63 0 7
1 22.93261706 65.03720939 39.9864105 72.63 0 7
1 22.92722318 65.05253383 35.90208736 72.63 0 7
1 25.05872712 63.81965874 32.53770833 72.63 0 7
1 29.14305026 63.81426486 32.55303277 72.63 0 7
2 25.12110814 61.62577378 35.96446838 69.723 0 3
2 27.09984194 62.33872124 32.5438108 69.723 0 2
2 21.70045056 59.64703998 35.25152092 69.723 0 2
2 24.40816068 65.04643136 37.94320218 69.723 0 2
2 23.76261348 59.6352666 39.25240986 69.723 0 4
2 30.43942734 59.65942273 39.29440483 69.723 0 4
2 28.45104459 56.30745458 37.93081943 69.723 0 4
2 28.40904962 62.98426844 37.95497556 69.723 0 4
2 27.08745919 58.29583733 41.28278758 69.723 0 4
2 27.11161532 58.3378323 34.60597372 69.723 0 4
2 21.70853412 57.54629156 42.0355304 69.723 0 4
2 32.53213971 61.71880454 42.08091323 69.723 0 4
2 31.23755299 54.21474221 35.87143762 69.723 0 4
2 31.19217016 65.0383478 40.0439506 69.723 0 4
2 25.02807738 55.50932893 43.37549995 69.723 0 4
2 29.20059036 55.55471176 32.55189436 69.723 0 4
0 27.11845045 59.62843147 48.80517093 137.327 0 0
0 32.52270509 54.22417683 54.20942557 137.327 0 0
0 21.69014743 62.33516015 48.8219402 137.327 0 1
0 32.46395039 56.94550042 48.88212795 137.327 0 1
0 27.19540747 54.28293153 51.48810198 137.327 0 1
0 27.13521972 65.05673449 46.09844225 137.327 0 1
0 29.8013815 59.55147445 54.15067087 137.327 0 1
0 24.41172177 59.6116622 43.37686791 137.327 0 1
1 25.12762344 61.66586921 50.7724107 72.63 0 6
1 29.08569022 61.61925848 46.76773319 72.63 0 6
1 25.08101271 57.6611917 46.81434392 72.63 0 6
1 29.11623232 57.6306496 50.8029528 72.63 0 6
1 30.53124373 56.21563819 52.21796421 72.63 0 6
1 23.66977981 56.19722295 45.39711562 72.63 0 6
1 30.54965897 63.03648678 45.35650029 72.63 0 6
1 23.71039514 63.07710211 52.23637945 72.63 0 6
1 29.14446072 57.68476253 46.78162 72.63 0 6
1 25.09489952 57.6024212 50.74883987 72.63 0 6
1 29.06211939 61.6519824 50.8311812 72.63 0 6
1 23.68786345 63.05901847 45.37458393 72.63 0 6
1 30.4997649 63.03853821 52.26892354 72.63 0 6
1 23.70834371 56.16467886 52.18648538 72.63 0 6
1 30.58220306 56.24711702 45.39506419 72.63 0 6
1 27.09232034 56.91784362 43.39156988 72.63 0 5
1 21.7048494 59.65456158 51.51575878 72.63 0 5
1 29.8290383 65.04203252 48.77904082 72.63 0 5
1 30.4908056 59.66619731 47.54949557 72.63 0 7
1 23.73329887 59.64984757 47.5647125 72.63 0 7
1 25.86277509 56.25607632 48.76740509 72.63 0 7
1 25.87799202 63.01358305 48.78375483 72.63 0 7
1 27.09703435 60.8688899 45.42001935 72.63 0 7
1 27.08068461 60.88410683 52.17752608 72.63 0 7
1 21.71198363 57.60152056 44.62164864 72.63 0 7
1 21.69665919 61.6858437 44.61625476 72.63 0 7
1 22.93492816 65.03489829 50.83208184 72.63 0 7
1 22.92953428 65.05022273 46.7477587 72.63 0 7
1 25.06103822 63.81734764 43.38337967 72.63 0 7
1 29.14536136 63.81195376 43.39870411 72.63 0 7
2 25.12341924 61.62346268 46.81013972 69.723 0 3
2 27.10215304 62.33641014 43.38948214 69.723 0 2
2 21.70276166 59.64472888 46.09719226 69.723 0 2
2 24.41047178 65.04412026 48.78887352 69.723 0 2
2 23.76492458 59.6329555 50.0980812 69.723 0 4
2 30.44173844 59.65711163 50.14007617 69.723 0 4
2 28.45335569 56.30514348 48.77649077 69.723 0 4
2 28.41136072 62.98195734 48.8006469 69.723 0 4
2 27.08977029 58.29352623 52.12845892 69.723 0 4
2 27.11392642 58.3355212 45.45164506 69.723 0 4
2 21.71084522 57.54398046 52.88120174 69.723 0 4
2 32.53445081 61.71649344 52.92658457 69.723 0 4
2 31.23986409 54.21243111 46.71710896 69.723 0 4
2 31.19448126 65.0360367 50.88962194 69.723 0 4
2 25.03038848 55.50701783 54.22117129 69.723 0 4
2 29.20290146 55.55240066 43.3975657 69.723 0 4
0 27.12076155 59.62612037 59.65084227 137.327 0 0
0 32.52501619 54.22186573 65.05509691 137.327 0 0
0 21.69245853 62.33284905 59.66761154 137.327 0 1
0 32.46626149 56.94318932 59.72779929 137.327 0 1
0 27.19771857 54.28062043 62.33377332 137.327 0 1
0 27.13753082 65.05442339 56.94411359 137.327 0 1
0 29.8036926 59.54916335 64.99634221 137.327 0 1
0 24.41403287 59.6093511 54.22253925 137.327 0 1
1 25.12993454 61.66355811 61.61808204 72.63 0 6
1 29.08800132 61.61694738 57.61340453 72.63 0 6
1 25.08332381 57.6588806 57.66001526 72.63 0 6
1 29.11854342 57.6283385 61.64862414 72.63 0 6
1 30.53355483 56.21332709 63.06363555 72.63 0 6
1 23.67209091 56.19491185 56.24278696 72.63 0 6
1 30.55197007 63.03417568 56.20217163 72.63 0 6
1 23.71270624 63.07479101 63.08205079 72.63 0 6
1 29.14677182 57.68245143 57.62729134 72.63 0 6
1 25.09721062 57.6001101 61.59451121 72.63 0 6
1 29.06443049 61.6496713 61.67685254 72.63 0 6
1 23.69017455 63.05670737 56.22025527 72.63 0 6
1 30.502076 63.03622711 63.11459488 72.63 0 6
1 23.71065481 56.16236776 63.03215672 72.63 0 6
1 30.58451416 56.24480592 56.24073553 72.63 0 6
1 27.09463144 56.91553252 54.23724122 72.63 0 5
1 21.7071605 59.65225048 62.36143012 72.63 0 5
1 29.8313494 65.03972142 59.62471216 72.63 0 5
1 30.4931167 59.66388621 58.39516691 72.63 0 7
1 23.73560997 59.64753647 58.41038384 72.63 0 7
1 25.86508619 56.25376522 59.61307643 72.63 0 7
1 25.88030312 63.01127195 59.62942617 72.63 0 7
1 27.09934545 60.8665788 56.26569069 72.63 0 7
1 27.08299571 60.88179573 63.02319742 72.63 0 7
1 21.71429473 57.59920946 55.46731998 72.63 0 7
1 21.69897029 61.6835326 55.4619261 72.63 0 7
1 22.93723926 65.03258719 61.67775318 72.63 0 7
1 22.93184538 65.04791163 57.59343004 72.63 0 7
1 25.06334932 63.81503654 54.22905101 72.63 0 7
1 29.14767246 63.80964266 54.24437545 72.63 0 7
2 25.12573034 61.62115158 57.65581106 69.723 0 3
2 27.10446414 62.33409904 54.23515348 69.723 0 2
2 21.70507276 59.64241778 56.9428636 69.723 0 2
2 24.41278288 65.04180916 59.63454486 69.723 0 2
2 23.76723568 59.6306444 60.94375254 69.723 0 4
2 30.44404954 59.65480053 60.98574751 69.723 0 4
2 28.45566679 56.30283238 59.62216211 69.723 0 4
2 28.41367182 62.97964624 59.64631824 69.723 0 4
2 27.09208139 58.29121513 62.97413026 69.723 0 4
2 27.11623752 58.3332101 56.2973164 69.723 0 4
2 21.71315632 57.54166936 63.72687308 69.723 0 4
2 32.53676191 61.71418234 63.77225591 69.723 0 4
2 31.24217519 54.21012001 57.5627803 69.723 0 4
2 31.19679236 65.0337256 61.73529328 69.723 0 4
2 25.03269958 55.50470673 65.06684263 69.723 0 4
2 29.20521256 55.55008956 54.24323704 69.723 0 4
0 37.96643289 5.40700807 5.43635217 137.327 0 0
0 43.37068753 0.00275343 10.84060681 137.327 0 0
0 32.53812987 8.11373675 5.45312144 137.327 0 1
0 43.31193283 2.72407702 5.51330919 137.327 0 1
0 38.04338991 0.06150813 8.11928322 137.327 0 1
0 37.98320216 10.83531109 2.72962349 137.327 0 1
0 40.64936394 5.33005105 10.78185211 137.327 0 1
0 35.25970421 5.3902388 0.00804915 137.327 0 1
1 35.97560588 7.44444581 7.40359194 72.63 0 6
1 39.93367266 7.39783508 3.39891443 72.63 0 6
1 35.92899515 3.4397683 3.44552516 72.63 0 6
1 39.96421476 3.4092262 7.43413404 72.63 0 6
1 41.37922617 1.99421479 8.84914545 72.63 0 6
1 34.51776225 1.97579955 2.02829686 72.63 0 6
1 41.39764141 8.81506338 1.98768153 72.63 0 6
1 34.55837758 8.85567871 8.86756069 72.63 0 6
1 39.99244316 3.46333913 3.41280124 72.63 0 6
1 35.94288196 3.3809978 7.38002111 72.63 0 6
1 39.91010183 7.430559 7.46236244 72.63 0 6
1 34.53584589 8.83759507 2.00576517 72.63 0 6
1 41.34774734 8.81711481 8.90010478 72.63 0 6
1 34.55632615 1.94325546 8.81766662 72.63 0 6
1 41.4301855 2.02569362 2.02624543 72.63 0 6
1 37.94030278 2.69642022 0.02275112 72.63 0 5
1 32.55283184 5.43313818 8.14694002 72.63 0 5
1 40.67702074 10.82060912 5.41022206 72.63 0 5
1 41.33878804 5.44477391 4.18067681 72.63 0 7
1 34.58128131 5.42842417 4.19589374 72.63 0 7
1 36.71075753 2.03465292 5.39858633 72.63 0 7
1 36.72597446 8.79215965 5.41493607 72.63 0 7
1 37.94501679 6.6474665 2.05120059 72.63 0 7
1 37.92866705 6.66268343 8.80870732 72.63 0 7
1 32.55996607 3.38009716 1.25282988 72.63 0 7
1 32.54464163 7.4644203 1.247436 72.63 0 7
1 33.7829106 10.81347489 7.46326308 72.63 0 7
1 33.77751672 10.82879933 3.37893994 72.63 0 7
1 35.90902066 9.59592424 0.01456091 72.63 0 7
1 39.9933438 9.59053036 0.02988535 72.63 0 7
2 35.97140168 7.40203928 3.44132096 69.723 0 3
2 37.95013548 8.11498674 0.02066338 69.723 0 2
2 32.5507441 5.42330548 2.7283735 69.723 0 2
2 35.25845422 10.82269686 5.42005476 69.723 0 2
2 34.61290702 5.4115321 6.72926244 69.723 0 4
2 41.28972088 5.43568823 6.77125741 69.723 0 4
2 39.30133813 2.08372008 5.40767201 69.723 0 4
2 39.25934316 8.76053394 5.43182814 69.723 0 4
2 37.93775273 4.07210283 8.75964016 69.723 0 4
2 37.96190886 4.1140978 2.0828263 69.723 0 4
2 32.55882766 3.32255706 9.51238298 69.723 0 4
2 43.38243325 7.49507004 9.55776581 69.723 0 4
2 42.08784653 -0.00899229 3.3482902 69.723 0 4
2 42.0424637 10.8146133 7.52080318 69.723 0 4
2 35.87837092 1.28559443 10.85235253 69.723 0 4
2 40.0508839 1.33097726 0.02874694 69.723 0 4
0 37.96874399 5.40469697 16.28202351 137.327 0 0
0 43.37299863 0.00044233 21.68627815 137.327 0 0
0 32.54044097 8.11142565 16.29879278 137.327 0 1
0 43.31424393 2.72176592 16.35898053 137.327 0 1
0 38.04570101 0.05919703 18.96495456 137.327 0 1
0 37.98551326 10.83299999 13.57529483 137.327 0 1
0 40.65167504 5.32773995 21.62752345 137.327 0 1
0 35.26201531 5.3879277 10.85372049 137.327 0 1
1 35.97791698 7.44213471 18.24926328 72.63 0 6
1 39.93598376 7.39552398 14.24458577 72.63 0 6
1 35.93130625 3.4374572 14.2911965 72.63 0 6
1 39.96652586 3.4069151 18.27980538 72.63 0 6
1 41.38153727 1.99190369 19.69481679 72.63 0 6
1 34.52007335 1.97348845 12.8739682 72.63 0 6
1 41.39995251 8.81275228 12.83335287 72.63 0 6
1 34.56068868 8.85336761 19.71323203 72.63 0 6
1 39.99475426 3.46102803 14.25847258 72.63 0 6
1 35.94519306 3.3786867 18.22569245 72.63 0 6
1 39.91241293 7.4282479 18.30803378 72.63 0 6
1 34.53815699 8.83528397 12.85143651 72.63 0 6
1 41.35005844 8.81480371 19.74577612 72.63 0 6
1 34.55863725 1.94094436 19.66333796 72.63 0 6
1 41.4324966 2.02338252 12.87191677 72.63 0 6
1 37.94261388 2.69410912 10.86842246 72.63 0 5
1 32.55514294 5.43082708 18.99261136 72.63 0 5
1 40.67933184 10.81829802 16.2558934 72.63 0 5
1 41.34109914 5.44246281 15.02634815 72.63 0 7
1 34.58359241 5.42611307 15.04156508 72.63 0 7
1 36.71306863 2.03234182 16.24425767 72.63 0 7
1 36.72828556 8.78984855 16.26060741 72.63 0 7
1 37.94732789 6.6451554 12.89687193 72.63 0 7
1 37.93097815 6.66037233 19.65437866 72.63 0 7
1 32.56227717 3.37778606 12.09850122 72.63 0 7
1 32.54695273 7.4621092 12.09310734 72.63 0 7
1 33.7852217 10.81116379 18.30893442 72.63 0 7
1 33.77982782 10.82648823 14.22461128 72.63 0 7
1 35.91133176 9.59361314 10.86023225 72.63 0 7
1 39.9956549 9.58821926 10.87555669 72.63 0 7
2 35.97371278 7.39972818 14.2869923 69.723 0 3
2 37.95244658 8.11267564 10.86633472 69.723 0 2
2 32.5530552 5.42099438 13.57404484 69.723 0 2
2 35.26076532 10.82038576 16.2657261 69.723 0 2
2 34.61521812 5.409221 17.57493378 69.723 0 4
2 41.29203198 5.43337713 17.61692875 69.723 0 4
2 39.30364923 2.08140898 16.25334335 69.723 0 4
2 39.26165426 8.75822284 16.27749948 69.723 0 4
2 37.94006383 4.06979173 19.6053115 69.723 0 4
2 37.96421996 4.1117867 12.92849764 69.723 0 4
2 32.56113876 3.32024596 20.35805432 69.723 0 4
2 43.38474435 7.49275894 20.40343715 69.723 0 4
2 42.09015763 -0.01130339 14.19396154 69.723 0 4
2 42.0447748 10.8123022 18.36647452 69.723 0 4
2 35.88068202 1.28328333 21.69802387 69.723 0 4
2 40.053195 1.32866616 10.87441828 69.723 0 4
0 37.97105509 5.40238587 27.12769485 137.327 0 0
0 43.37530973 -0.00186877 32.53194949 137.327 0 0
0 32.54275207 8.10911455 27.14446412 137.327 0 1
0 43.31655503 2.71945482 27.20465187 137.327 0 1
0 38.04801211 0.05688593 29.8106259 137.327 0 1
0 37.98782436 10.83068889 24.42096617 137.327 0 1
0 40.65398614 5.32542885 32.47319479 137.327 0 1
0 35.26432641 5.3856166 21.69939183 137.327 0 1
1 35.98022808 7.43982361 29.09493462 72.63 0 6
1 39.93829486 7.39321288 25.09025711 72.63 0 6
1 35.93361735 3.4351461 25.13686784 72.63 0 6
1 39.96883696 3.404604 29.12547672 72.63 0 6
1 41.38384837 1.98959259 30.54048813 72.63 0 6
1 34.52238445 1.97117735 23.71963954 72.63 0 6
1 41.40226361 8.81044118 23.67902421 72.63 0 6
1 34.56299978 8.85105651 30.55890337 72.63 0 6
1 39.99706536 3.45871693 25.10414392 72.63 0 6
1 35.94750416 3.3763756 29.07136379 72.63 0 6
1 39.91472403 7.4259368 29.15370512 72.63 0 6
1 34.54046809 8.83297287 23.69710785 72.63 0 6
1 41.35236954 8.81249261 30.59144746 72.63 0 6
1 34.56094835 1.93863326 30.5090093 72.63 0 6
1 41.4348077 2.02107142 23.71758811 72.63 0 6
1 37.94492498 2.69179802 21.7140938 72.63 0 5
1 32.55745404 5.42851598 29.8382827 72.63 0 5
1 40.68164294 10.81598692 27.10156474 72.63 0 5
1 41.34341024 5.44015171 25.87201949 72.63 0 7
1 34.58590351 5.42380197 25.88723642 72.63 0 7
1 36.71537973 2.03003072 27.08992901 72.63 0 7
1 36.73059666 8.78753745 27.10627875 72.63 0 7
1 37.94963899 6.6428443 23.74254327 72.63 0 7
1 37.93328925 6.65806123 30.50005 72.63 0 7
1 32.56458827 3.37547496 22.94417256 72.63 0 7
1 32.54926383 7.4597981 22.93877868 72.63 0 7
1 33.7875328 10.80885269 29.15460576 72.63 0 7
1 33.78213892 10.82417713 25.07028262 72.63 0 7
1 35.91364286 9.59130204 21.70590359 72.63 0 7
1 39.997966 9.58590816 21.72122803 72.63 0 7
2 35.97602388 7.39741708 25.13266364 69.723 0 3
2 37.95475768 8.11036454 21.71200606 69.723 0 2
2 32.5553663 5.41868328 24.41971618 69.723 0 2
2 35.26307642 10.81807466 27.11139744 69.723 0 2
2 34.61752922 5.4069099 28.42060512 69.723 0 4
2 41.29434308 5.43106603 28.46260009 69.723 0 4
2 39.30596033 2.07909788 27.09901469 69.723 0 4
2 39.26396536 8.75591174 27.12317082 69.723 0 4
2 37.94237493 4.06748063 30.45098284 69.723 0 4
2 37.96653106 4.1094756 23.77416898 69.723 0 4
2 32.56344986 3.31793486 31.20372566 69.723 0 4
2 43.38705545 7.49044784 31.24910849 69.723 0 4
2 42.09246873 -0.01361449 25.03963288 69.723 0 4
2 42.0470859 10.8099911 29.21214586 69.723 0 4
2 35.88299312 1.28097223 32.54369521 69.723 0 4
2 40.0555061 1.32635506 21.72008962 69.723 0 4
0 37.97336619 5.40007477 37.97336619 137.327 0 0
0 43.37762083 -0.00417987 43.37762083 137.327 0 0
0 32.54506317 8.10680345 37.99013546 137.327 0 1
0 43.31886613 2.71714372 38.05032321 137.327 0 1
0 38.05032321 0.05457483 40.65629724 137.327 0 1
0 37.99013546 10.82837779 35.26663751 137.327 0 1
0 40.65629724 5.32311775 43.31886613 137.327 0 1
0 35.26663751 5.3833055 32.54506317 137.327 0 1
1 35.98253918 7.43751251 39.94060596 72.63 0 6
1 39.94060596 7.39090178 35.93592845 72.63 0 6
1 35.93592845 3.432835 35.98253918 72.63 0 6
1 39.97114806 3.4022929 39.97114806 72.63 0 6
1 41.38615947 1.98728149 41.38615947 72.63 0 6
1 34.52469555 1.96886625 34.56531088 72.63 0 6
1 41.40457471 8.80813008 34.52469555 72.63 0 6
1 34.56531088 8.84874541 41.40457471 72.63 0 6
1 39.99937646 3.45640583 35.94981526 72.63 0 6
1 35.94981526 3.3740645 39.91703513 72.63 0 6
1 39.91703513 7.4236257 39.99937646 72.63 0 6
1 34.54277919 8.83066177 34.54277919 72.63 0 6
1 41.35468064 8.81018151 41.4371188 72.63 0 6
1 34.56325945 1.93632216 41.35468064 72.63 0 6
1 41.4371188 2.01876032 34.56325945 72.63 0 6
1 37.94723608 2.68948692 32.55976514 72.63 0 5
1 32.55976514 5.42620488 40.68395404 72.63 0 5
1 40.68395404 10.81367582 37.94723608 72.63 0 5
1 41.34572134 5.43784061 36.71769083 72.63 0 7
1 34.58821461 5.42149087 36.73290776 72.63 0 7
1 36.71769083 2.02771962 37.93560035 72.63 0 7
1 36.73290776 8.78522635 37.95195009 72.63 0 7
1 37.95195009 6.6405332 34.58821461 72.63 0 7
1 37.93560035 6.65575013 41.34572134 72.63 0 7
1 32.56689937 3.37316386 33.7898439 72.63 0 7
1 32.55157493 7.457487 33.78445002 72.63 0 7
1 33.7898439 10.80654159 40.0002771 72.63 0 7
1 33.78445002 10.82186603 35.91595396 72.63 0 7
1 35.91595396 9.58899094 32.55157493 72.63 0 7
1 40.0002771 9.58359706 32.56689937 72.63 0 7
2 35.97833498 7.39510598 35.97833498 69.723 0 3
2 37.95706878 8.10805344 32.5576774 69.723 0 2
2 32.5576774 5.41637218 35.26538752 69.723 0 2
2 35.26538752 10.81576356 37.95706878 69.723 0 2
2 34.61984032 5.4045988 39.26627646 69.723 0 4
2 41.29665418 5.42875493 39.30827143 69.723 0 4
2 39.30827143 2.07678678 37.94468603 69.723 0 4
2 39.26627646 8.75360064 37.96884216 69.723 0 4
2 37.94468603 4.06516953 41.29665418 69.723 0 4
2 37.96884216 4.1071645 34.61984032 69.723 0 4
2 32.56576096 3.31562376 42.049397 69.723 0 4
2 43.38936655 7.48813674 42.09477983 69.723 0 4
2 42.09477983 -0.01592559 35.88530422 69.723 0 4
2 42.049397 10.80768 40.0578172 69.723 0 4
2 35.88530422 1.27866113 43.38936655 69.723 0 4
2 40.0578172 1.32404396 32.56576096 69.723 0 4
0 37.97567729 5.39776367 48.81903753 137.327 0 0
0 43.37993193 -0.00649097 54.22329217 137.327 0 0
0 32.54737427 8.10449235 48.8358068 137.327 0 1
0 43.32117723 2.71483262 48.89599455 137.327 0 1
0 38.05263431 0.05226373 51.50196858 137.327 0 1
0 37.99244656 10.82606669 46.11230885 137.327 0 1
0 40.65860834 5.32080665 54.16453747 137.327 0 1
0 35.26894861 5.3809944 43.39073451 137.327 0 1
1 35.98485028 7.43520141 50.7862773 72.63 0 6
1 39.94291706 7.38859068 46.78159979 72.63 0 6
1 35.93823955 3.4305239 46.82821052 72.63 0 6
1 39.97345916 3.3999818 50.8168194 72.63 0 6
1 41.38847057 1.98497039 52.23183081 72.63 0 6
1 34.52700665 1.96655515 45.41098222 72.63 0 6
1 41.40688581 8.80581898 45.37036689 72.63 0 6
1 34.56762198 8.84643431 52.25024605 72.63 0 6
1 40.00168756 3.45409473 46.7954866 72.63 0 6
1 35.95212636 3.3717534 50.76270647 72.63 0 6
1 39.91934623 7.4213146 50.8450478 72.63 0 6
1 34.54509029 8.82835067 45.38845053 72.63 0 6
1 41.35699174 8.80787041 52.28279014 72.63 0 6
1 34.56557055 1.93401106 52.20035198 72.63 0 6
1 41.4394299 2.01644922 45.40893079 72.63 0 6
1 37.94954718 2.68717582 43.40543648 72.63 0 5
1 32.56207624 5.42389378 51.52962538 72.63 0 5
1 40.68626514 10.81136472 48.79290742 72.63 0 5
1 41.34803244 5.43552951 47.56336217 72.63 0 7
1 34.59052571 5.41917977 47.5785791 72.63 0 7
1 36.72000193 2.02540852 48.78127169 72.63 0 7
1 36.73521886 8.78291525 48.79762143 72.63 0 7
1 37.95426119 6.6382221 45.43388595 72.63 0 7
1 37.93791145 6.65343903 52.19139268 72.63 0 7
1 32.56921047 3.37085276 44.63551524 72.63 0 7
1 32.55388603 7.4551759 44.63012136 72.63 0 7
1 33.792155 10.80423049 50.84594844 72.63 0 7
1 33.78676112 10.81955493 46.7616253 72.63 0 7
1 35.91826506 9.58667984 43.39724627 72.63 0 7
1 40.0025882 9.58128596 43.41257071 72.63 0 7
2 35.98064608 7.39279488 46.82400632 69.723 0 3
2 37.95937988 8.10574234 43.40334874 69.723 0 2
2 32.5599885 5.41406108 46.11105886 69.723 0 2
2 35.26769862 10.81345246 48.80274012 69.723 0 2
2 34.62215142 5.4022877 50.1119478 69.723 0 4
2 41.29896528 5.42644383 50.15394277 69.723 0 4
2 39.31058253 2.07447568 48.79035737 69.723 0 4
2 39.26858756 8.75128954 48.8145135 69.723 0 4
2 37.94699713 4.06285843 52.14232552 69.723 0 4
2 37.97115326 4.1048534 45.46551166 69.723 0 4
2 32.56807206 3.31331266 52.89506834 69.723 0 4
2 43.39167765 7.48582564 52.94045117 69.723 0 4
2 42.09709093 -0.01823669 46.73097556 69.723 0 4
2 42.0517081 10.8053689 50.90348854 69.723 0 4
2 35.88761532 1.27635003 54.23503789 69.723 0 4
2 40.0601283 1.32173286 43.4114323 69.723 0 4
0 37.97798839 5.39545257 59.66470887 137.327 0 0
0 43.38224303 -0.00880207 65.06896351 137.327 0 0
0 32.54968537 8.10218125 59.68147814 137.327 0 1
0 43.32348833 2.71252152 59.74166589 137.327 0 1
0 38.05494541 0.04995263 62.34763992 137.327 0 1
0 37.99475766 10.82375559 56.95798019 137.327 0 1
0 40.66091944 5.31849555 65.01020881 137.327 0 1
0 35.27125971 5.3786833 54.23640585 137.327 0 1
1 35.98716138 7.43289031 61.63194864 72.63 0 6
1 39.94522816 7.38627958 57.62727113 72.63 0 6
1 35.94055065 3.4282128 57.67388186 72.63 0 6
1 39.97577026 3.3976707 61.66249074 72.63 0 6
1 41.39078167 1.98265929 63.07750215 72.63 0 6
1 34.52931775 1.96424405 56.25665356 72.63 0 6
1 41.40919691 8.80350788 56.21603823 72.63 0 6
1 34.56993308 8.84412321 63.09591739 72.63 0 6
1 40.00399866 3.45178363 57.64115794 72.63 0 6
1 35.95443746 3.3694423 61.60837781 72.63 0 6
1 39.92165733 7.4190035 61.69071914 72.63 0 6
1 34.54740139 8.82603957 56.23412187 72.63 0 6
1 41.35930284 8.80555931 63.12846148 72.63 0 6
1 34.56788165 1.93169996 63.04602332 72.63 0 6
1 41.441741 2.01413812 56.25460213 72.63 0 6
1 37.95185828 2.68486472 54.25110782 72.63 0 5
1 32.56438734 5.42158268 62.37529672 72.63 0 5
1 40.68857624 10.80905362 59.63857876 72.63 0 5
1 41.35034354 5.43321841 58.40903351 72.63 0 7
1 34.59283681 5.41686867 58.42425044 72.63 0 7
1 36.72231303 2.02309742 59.62694303 72.63 0 7
1 36.73752996 8.78060415 59.64329277 72.63 0 7
1 37.95657229 6.635911 56.27955729 72.63 0 7
1 37.94022255 6.65112793 63.03706402 72.63 0 7
1 32.57152157 3.36854166 55.48118658 72.63 0 7
1 32.55619713 7.4528648 55.4757927 72.63 0 7
1 33.7944661 10.80191939 61.69161978 72.63 0 7
1 33.78907222 10.81724383 57.60729664 72.63 0 7
1 35.92057616 9.58436874 54.24291761 72.63 0 7
1 40.0048993 9.57897486 54.25824205 72.63 0 7
2 35.98295718 7.39048378 57.66967766 69.723 0 3
2 37.96169098 8.10343124 54.24902008 69.723 0 2
2 32.5622996 5.41174998 56.9567302 69.723 0 2
2 35.27000972 10.81114136 59.64841146 69.723 0 2
2 34.62446252 5.3999766 60.95761914 69.723 0 4
2 41.30127638 5.42413273 60.99961411 69.723 0 4
2 39.31289363 2.07216458 59.63602871 69.723 0 4
2 39.27089866 8.74897844 59.66018484 69.723 0 4
2 37.94930823 4.06054733 62.98799686 69.723 0 4
2 37.97346436 4.1025423 56.311183 69.723 0 4
2 32.57038316 3.31100156 63.74073968 69.723 0 4
2 43.39398875 7.48351454 63.78612251 69.723 0 4
2 42.09940203 -0.02054779 57.5766469 69.723 0 4
2 42.0540192 10.8030578 61.74915988 69.723 0 4
2 35.88992642 1.27403893 65.08070923 69.723 0 4
2 40.0624394 1.31942176 54.25710364 69.723 0 4
0 37.96412179 16.25267941 5.43404107 137.327 0 0
0 43.36837643 10.84842477 10.83829571 137.327 0 0
0 32.53581877 18.95940809 5.45081034 137.327 0 1
0 43.30962173 13.56974836 5.51099809 137.327 0 1
0 38.04107881 10.90717947 8.11697212 137.327 0 1
0 37.98089106 21.68098243 2.72731239 137.327 0 1
0 40.64705284 16.17572239 10.77954101 137.327 0 1
0 35.25739311 16.23591014 0.00573805 137.327 0 1
1 35.97329478 18.29011715 7.40128084 72.63 0 6
1 39.93136156 18.24350642 3.39660333 72.63 0 6
1 35.92668405 14.28543964 3.44321406 72.63 0 6
1 39.96190366 14.25489754 7.43182294 72.63 0 6
1 41.37691507 12.83988613 8.84683435 72.63 0 6
1 34.51545115 12.82147089 2.02598576 72.63 0 6
1 41.39533031 19.66073472 1.98537043 72.63 0 6
1 34.55606648 19.70135005 8.86524959 72.63 0 6
1 39.99013206 14.30901047 3.41049014 72.63 0 6
1 35.94057086 14.22666914 7.37771001 72.63 0 6
1 39.90779073 18.27623034 7.46005134 72.63 0 6
1 34.53353479 19.68326641 2.00345407 72.63 0 6
1 41.34543624 19.66278615 8.89779368 72.63 0 6
1 34.55401505 12.7889268 8.81535552 72.63 0 6
1 41.4278744 12.87136496 2.02393433 72.63 0 6
1 37.93799168 13.54209156 0.02044002 72.63 0 5
1 32.55052074 16.27880952 8.14462892 72.63 0 5
1 40.67470964 21.66628046 5.40791096 72.63 0 5
1 41.33647694 16.29044525 4.17836571 72.63 0 7
1 34.57897021 16.27409551 4.19358264 72.63 0 7
1 36.70844643 12.88032426 5.39627523 72.63 0 7
1 36.72366336 19.63783099 5.41262497 72.63 0 7
1 37.94270569 17.49313784 2.04888949 72.63 0 7
1 37.92635595 17.50835477 8.80639622 72.63 0 7
1 32.55765497 14.2257685 1.25051878 72.63 0 7
1 32.54233053 18.31009164 1.2451249 72.63 0 7
1 33.7805995 21.65914623 7.46095198 72.63 0 7
1 33.77520562 21.67447067 3.37662884 72.63 0 7
1 35.90670956 20.44159558 0.01224981 72.63 0 7
1 39.9910327 20.4362017 0.02757425 72.63 0 7
2 35.96909058 18.24771062 3.43900986 69.723 0 3
2 37.94782438 18.96065808 0.01835228 69.723 0 2
2 32.548433 16.26897682 2.7260624 69.723 0 2
2 35.25614312 21.6683682 5.41774366 69.723 0 2
2 34.61059592 16.25720344 6.72695134 69.723 0 4
2 41.28740978 16.28135957 6.76894631 69.723 0 4
2 39.29902703 12.92939142 5.40536091 69.723 0 4
2 39.25703206 19.60620528 5.42951704 69.723 0 4
2 37.93544163 14.91777417 8.75732906 69.723 0 4
2 37.95959776 14.95976914 2.0805152 69.723 0 4
2 32.55651656 14.1682284 9.51007188 69.723 0 4
2 43.38012215 18.34074138 9.55545471 69.723 0 4
2 42.08553543 10.83667905 3.3459791 69.723 0 4
2 42.0401526 21.66028464 7.51849208 69.723 0 4
2 35.87605982 12.13126577 10.85004143 69.723 0 4
2 40.0485728 12.1766486 0.02643584 69.723 0 4
0 37.96643289 16.25036831 16.27971241 137.327 0 0
0 43.37068753 10.84611367 21.68396705 137.327 0 0
0 32.53812987 18.95709699 16.29648168 137.327 0 1
0 43.31193283 13.56743726 16.35666943 137.327 0 1
0 38.04338991 10.90486837 18.96264346 137.327 0 1
0 37.98320216 21.67867133 13.57298373 137.327 0 1
0 40.64936394 16.17341129 21.62521235 137.327 0 1
0 35.25970421 16.23359904 10.85140939 137.327 0 1
1 35.97560588 18.28780605 18.24695218 72.63 0 6
1 39.93367266 18.24119532 14.24227467 72.63 0 6
1 35.92899515 14.28312854 14.2888854 72.63 0 6
1 39.96421476 14.25258644 18.27749428 72.63 0 6
1 41.37922617 12.83757503 19.69250569 72.63 0 6
1 34.51776225 12.81915979 12.8716571 72.63 0 6
1 41.39764141 19.65842362 12.83104177 72.63 0 6
1 34.55837758 19.69903895 19.71092093 72.63 0 6
1 39.99244316 14.30669937 14.25616148 72.63 0 6
1 35.94288196 14.22435804 18.22338135 72.63 0 6
1 39.91010183 18.27391924 18.30572268 72.63 0 6
1 34.53584589 19.68095531 12.84912541 72.63 0 6
1 41.34774734 19.66047505 19.74346502 72.63 0 6
1 34.55632615 12.7866157 19.66102686 72.63 0 6
1 41.4301855 12.86905386 12.86960567 72.63 0 6
1 37.94030278 13.53978046 10.86611136 72.63 0 5
1 32.55283184 16.27649842 18.99030026 72.63 0 5
1 40.67702074 21.66396936 16.2535823 72.63 0 5
1 41.33878804 16.28813415 15.02403705 72.63 0 7
1 34.58128131 16.27178441 15.03925398 72.63 0 7
1 36.71075753 12.87801316 16.24194657 72.63 0 7
1 36.72597446 19.63551989 16.25829631 72.63 0 7
1 37.94501679 17.49082674 12.89456083 72.63 0 7
1 37.92866705 17.50604367 19.65206756 72.63 0 7
1 32.55996607 14.2234574 12.09619012 72.63 0 7
1 32.54464163 18.30778054 12.09079624 72.63 0 7
1 33.7829106 21.65683513 18.30662332 72.63 0 7
1 33.77751672 21.67215957 14.22230018 72.63 0 7
1 35.90902066 20.43928448 10.85792115 72.63 0 7
1 39.9933438 20.4338906 10.87324559 72.63 0 7
2 35.97140168 18.24539952 14.2846812 69.723 0 3
2 37.95013548 18.95834698 10.86402362 69.723 0 2
2 32.5507441 16.26666572 13.57173374 69.723 0 2
2 35.25845422 21.6660571 16.263415 69.723 0 2
2 34.61290702 16.25489234 17.57262268 69.723 0 4
2 41.28972088 16.27904847 17.61461765 69.723 0 4
2 39.30133813 12.92708032 16.25103225 69.723 0 4
2 39.25934316 19.60389418 16.27518838 69.723 0 4
2 37.93775273 14.91546307 19.6030004 69.723 0 4
2 37.96190886 14.95745804 12.92618654 69.723 0 4
2 32.55882766 14.1659173 20.35574322 69.723 0 4
2 43.38243325 18.33843028 20.40112605 69.723 0 4
2 42.08784653 10.83436795 14.19165044 69.723 0 4
2 42.0424637 21.65797354 18.36416342 69.723 0 4
2 35.87837092 12.12895467 21.69571277 69.723 0 4
2 40.0508839 12.1743375 10.87210718 69.723 0 4
0 37.96874399 16.24805721 27.12538375 137.327 0 0
0 43.37299863 10.84380257 32.52963839 137.327 0 0
0 32.54044097 18.95478589 27.14215302 137.327 0 1
0 43.31424393 13.56512616 27.20234077 137.327 0 1
0 38.04570101 10.90255727 29.8083148 137.327 0 1
0 37.98551326 21.67636023 24.41865507 137.327 0 1
0 40.65167504 16.17110019 32.47088369 137.327 0 1
0 35.26201531 16.23128794 21.69708073 137.327 0 1
1 35.97791698 18.28549495 29.09262352 72.63 0 6
1 39.93598376 18.23888422 25.08794601 72.63 0 6
1 35.93130625 14.28081744 25.13455674 72.63 0 6
1 39.96652586 14.25027534 29.12316562 72.63 0 6
1 41.38153727 12.83526393 30.53817703 72.63 0 6
1 34.52007335 12.81684869 23.71732844 72.63 0 6
1 41.39995251 19.65611252 23.67671311 72.63 0 6
1 34.56068868 19.69672785 30.55659227 72.63 0 6
1 39.99475426 14.30438827 25.10183282 72.63 0 6
1 35.94519306 14.22204694 29.06905269 72.63 0 6
1 39.91241293 18.27160814 29.15139402 72.63 0 6
1 34.53815699 19.67864421 23.69479675 72.63 0 6
1 41.35005844 19.65816395 30.58913636 72.63 0 6
1 34.55863725 12.7843046 30.5066982 72.63 0 6
1 41.4324966 12.86674276 23.71527701 72.63 0 6
1 37.94261388 13.53746936 21.7117827 72.63 0 5
1 32.55514294 16.27418732 29.8359716 72.63 0 5
1 40.67933184 21.66165826 27.09925364 72.63 0 5
1 41.34109914 16.28582305 25.86970839 72.63 0 7
1 34.58359241 16.26947331 25.88492532 72.63 0 7
1 36.71306863 12.87570206 27.08761791 72.63 0 7
1 36.72828556 19.63320879 27.10396765 72.63 0 7
1 37.94732789 17.48851564 23.74023217 72.63 0 7
1 37.93097815 17.50373257 30.4977389 72.63 0 7
1 32.56227717 14.2211463 22.94186146 72.63 0 7
1 32.54695273 18.30546944 22.93646758 72.63 0 7
1 33.7852217 21.65452403 29.15229466 72.63 0 7
1 33.77982782 21.66984847 25.06797152 72.63 0 7
1 35.91133176 20.43697338 21.70359249 72.63 0 7
1 39.9956549 20.4315795 21.71891693 72.63 0 7
2 35.97371278 18.24308842 25.13035254 69.723 0 3
2 37.95244658 18.95603588 21.70969496 69.723 0 2
2 32.5530552 16.26435462 24.41740508 69.723 0 2
2 35.26076532 21.663746 27.10908634 69.723 0 2
2 34.61521812 16.25258124 28.41829402 69.723 0 4
2 41.29203198 16.27673737 28.46028899 69.723 0 4
2 39.30364923 12.92476922 27.09670359 69.723 0 4
2 39.26165426 19.60158308 27.12085972 69.723 0 4
2 37.94006383 14.91315197 30.44867174 69.723 0 4
2 37.96421996 14.95514694 23.77185788 69.723 0 4
2 32.56113876 14.1636062 31.20141456 69.723 0 4
2 43.38474435 18.33611918 31.24679739 69.723 0 4
2 42.09015763 10.83205685 25.03732178 69.723 0 4
2 42.0447748 21.65566244 29.20983476 69.723 0 4
2 35.88068202 12.12664357 32.54138411 69.723 0 4
2 40.053195 12.1720264 21.71777852 69.723 0 4
0 37.97105509 16.24574611 37.97105509 137.327 0 0
0 43.37530973 10.84149147 43.37530973 137.327 0 0
0 32.54275207 18.95247479 37.98782436 137.327 0 1
0 43.31655503 13.56281506 38.04801211 137.327 0 1
0 38.04801211 10.90024617 40.65398614 137.327 0 1
0 37.98782436 21.67404913 35.26432641 137.327 0 1
0 40.65398614 16.16878909 43.31655503 137.327 0 1
0 35.26432641 16.22897684 32.54275207 137.327 0 1
1 35.98022808 18.28318385 39.93829486 72.63 0 6
1 39.93829486 18.23657312 35.93361735 72.63 0 6
1 35.93361735 14.27850634 35.98022808 72.63 0 6
1 39.96883696 14.24796424 39.96883696 72.63 0 6
1 41.38384837 12.83295283 41.38384837 72.63 0 6
1 34.52238445 12.81453759 34.56299978 72.63 0 6
1 41.40226361 19.65380142 34.52238445 72.63 0 6
1 34.56299978 19.69441675 41.40226361 72.63 0 6
1 39.99706536 14.30207717 35.94750416 72.63 0 6
1 35.94750416 14.21973584 39.91472403 72.63 0 6
1 39.91472403 18.26929704 39.99706536 72.63 0 6
1 34.54046809 19.67633311 34.54046809 72.63 0 6
1 41.35236954 19.65585285 41.4348077 72.63 0 6
1 34.56094835 12.7819935 41.35236954 72.63 0 6
1 41.4348077 12.86443166 34.56094835 72.63 0 6
1 37.94492498 13.53515826 32.55745404 72.63 0 5
1 32.55745404 16.27187622 40.68164294 72.63 0 5
1 40.68164294 21.65934716 37.94492498 72.63 0 5
1 41.34341024 16.28351195 36.71537973 72.63 0 7
1 34.58590351 16.26716221 36.73059666 72.63 0 7
1 36.71537973 12.87339096 37.93328925 72.63 0 7
1 36.73059666 19.63089769 37.94963899 72.63 0 7
1 37.94963899 17.48620454 34.58590351 72.63 0 7
1 37.93328925 17.50142147 41.34341024 72.63 0 7
1 32.56458827 14.2188352 33.7875328 72.63 0 7
1 32.54926383 18.30315834 33.78213892 72.63 0 7
1 33.7875328 21.65221293 39.997966 72.63 0 7
1 33.78213892 21.66753737 35.91364286 72.63 0 7
1 35.91364286 20.43466228 32.54926383 72.63 0 7
1 39.997966 20.4292684 32.56458827 72.63 0 7
2 35.97602388 18.24077732 35.97602388 69.723 0 3
2 37.95475768 18.95372478 32.5553663 69.723 0 2
2 32.5553663 16.26204352 35.26307642 69.723 0 2
2 35.26307642 21.6614349 37.95475768 69.723 0 2
2 34.61752922 16.25027014 39.26396536 69.723 0 4
2 41.29434308 16.27442627 39.30596033 69.723 0 4
2 39.30596033 12.92245812 37.94237493 69.723 0 4
2 39.26396536 19.59927198 37.96653106 69.723 0 4
2 37.94237493 14.91084087 41.29434308 69.723 0 4
2 37.96653106 14.95283584 34.61752922 69.723 0 4
2 32.56344986 14.1612951 42.0470859 69.723 0 4
2 43.38705545 18.33380808 42.09246873 69.723 0 4
2 42.09246873 10.82974575 35.88299312 69.723 0 4
2 42.0470859 21.65335134 40.0555061 69.723 0 4
2 35.88299312 12.12433247 43.38705545 69.723 0 4
2 40.0555061 12.1697153 32.56344986 69.723 0 4
0 37.97336619 16.24343501 48.81672643 137.327 0 0
0 43.37762083 10.83918037 54.22098107 137.327 0 0
0 32.54506317 18.95016369 48.8334957 137.327 0 1
0 43.31886613 13.56050396 48.89368345 137.327 0 1
0 38.05032321 10.89793507 51.49965748 137.327 0 1
0 37.99013546 21.67173803 46.10999775 137.327 0 1
0 40.65629724 16.16647799 54.16222637 137.327 0 1
0 35.26663751 16.22666574 43.38842341 137.327 0 1
1 35.98253918 18.28087275 50.7839662 72.63 0 6
1 39.94060596 18.23426202 46.77928869 72.63 0 6
1 35.93592845 14.27619524 46.82589942 72.63 0 6
1 39.97114806 14.24565314 50.8145083 72.63 0 6
1 41.38615947 12.83064173 52.22951971 72.63 0 6
1 34.52469555 12.81222649 45.40867112 72.63 0 6
1 41.40457471 19.65149032 45.36805579 72.63 0 6
1 34.56531088 19.69210565 52.24793495 72.63 0 6
1 39.99937646 14.29976607 46.7931755 72.63 0 6
1 35.94981526 14.21742474 50.76039537 72.63 0 6
1 39.91703513 18.26698594 50.8427367 72.63 0 6
1 34.54277919 19.67402201 45.38613943 72.63 0 6
1 41.35468064 19.65354175 52.28047904 72.63 0 6
1 34.56325945 12.7796824 52.19804088 72.63 0 6
1 41.4371188 12.86212056 45.40661969 72.63 0 6
1 37.94723608 13.53284716 43.40312538 72.63 0 5
1 32.55976514 16.26956512 51.52731428 72.63 0 5
1 40.68395404 21.65703606 48.79059632 72.63 0 5
1 41.34572134 16.28120085 47.56105107 72.63 0 7
1 34.58821461 16.26485111 47.576268 72.63 0 7
1 36.71769083 12.87107986 48.77896059 72.63 0 7
1 36.73290776 19.62858659 48.79531033 72.63 0 7
1 37.95195009 17.48389344 45.43157485 72.63 0 7
1 37.93560035 17.49911037 52.18908158 72.63 0 7
1 32.56689937 14.2165241 44.63320414 72.63 0 7
1 32.55157493 18.30084724 44.62781026 72.63 0 7
1 33.7898439 21.64990183 50.84363734 72.63 0 7
1 33.78445002 21.66522627 46.7593142 72.63 0 7
1 35.91595396 20.43235118 43.39493517 72.63 0 7
1 40.0002771 20.4269573 43.41025961 72.63 0 7
2 35.97833498 18.23846622 46.82169522 69.723 0 3
2 37.95706878 18.95141368 43.40103764 69.723 0 2
2 32.5576774 16.25973242 46.10874776 69.723 0 2
2 35.26538752 21.6591238 48.80042902 69.723 0 2
2 34.61984032 16.24795904 50.1096367 69.723 0 4
2 41.29665418 16.27211517 50.15163167 69.723 0 4
2 39.30827143 12.92014702 48.78804627 69.723 0 4
2 39.26627646 19.59696088 48.8122024 69.723 0 4
2 37.94468603 14.90852977 52.14001442 69.723 0 4
2 37.96884216 14.95052474 45.46320056 69.723 0 4
2 32.56576096 14.158984 52.89275724 69.723 0 4
2 43.38936655 18.33149698 52.93814007 69.723 0 4
2 42.09477983 10.82743465 46.72866446 69.723 0 4
2 42.049397 21.65104024 50.90117744 69.723 0 4
2 35.88530422 12.12202137 54.23272679 69.723 0 4
2 40.0578172 12.1674042 43.4091212 69.723 0 4
0 37.97567729 16.24112391 59.66239777 137.327 0 0
0 43.37993193 10.83686927 65.06665241 137.327 0 0
0 32.54737427 18.94785259 59.67916704 137.327 0 1
0 43.32117723 13.55819286 59.73935479 137.327 0 1
0 38.05263431 10.89562397 62.34532882 137.327 0 1
0 37.99244656 21.66942693 56.95566909 137.327 0 1
0 40.65860834 16.16416689 65.00789771 137.327 0 1
0 35.26894861 16.22435464 54.23409475 137.327 0 1
1 35.98485028 18.27856165 61.62963754 72.63 0 6
1 39.94291706 18.23195092 57.62496003 72.63 0 6
1 35.93823955 14.27388414 57.67157076 72.63 0 6
1 39.97345916 14.24334204 61.66017964 72.63 0 6
1 41.38847057 12.82833063 63.07519105 72.63 0 6
1 34.52700665 12.80991539 56.25434246 72.63 0 6
1 41.40688581 19.64917922 56.21372713 72.63 0 6
1 34.56762198 19.68979455 63.09360629 72.63 0 6
1 40.00168756 14.29745497 57.63884684 72.63 0 6
1 35.95212636 14.21511364 61.60606671 72.63 0 6
1 39.91934623 18.26467484 61.68840804 72.63 0 6
1 34.54509029 19.67171091 56.23181077 72.63 0 6
1 41.35699174 19.65123065 63.12615038 72.63 0 6
1 34.56557055 12.7773713 63.04371222 72.63 0 6
1 41.4394299 12.85980946 56.25229103 72.63 0 6
1 37.94954718 13.53053606 54.24879672 72.63 0 5
1 32.56207624 16.26725402 62.37298562 72.63 0 5
1 40.68626514 21.65472496 59.63626766 72.63 0 5
1 41.34803244 16.27888975 58.40672241 72.63 0 7
1 34.59052571 16.26254001 58.42193934 72.63 0 7
1 36.72000193 12.86876876 59.62463193 72.63 0 7
1 36.73521886 19.62627549 59.64098167 72.63 0 7
1 37.95426119 17.48158234 56.27724619 72.63 0 7
1 37.93791145 17.49679927 63.03475292 72.63 0 7
1 32.56921047 14.214213 55.47887548 72.63 0 7
1 32.55388603 18.29853614 55.4734816 72.63 0 7
1 33.792155 21.64759073 61.68930868 72.63 0 7
1 33.78676112 21.66291517 57.60498554 72.63 0 7
1 35.91826506 20.43004008 54.24060651 72.63 0 7
1 40.0025882 20.4246462 54.25593095 72.63 0 7
2 35.98064608 18.23615512 57.66736656 69.723 0 3
2 37.95937988 18.94910258 54.24670898 69.723 0 2
2 32.5599885 16.25742132 56.9544191 69.723 0 2
2 35.26769862 21.6568127 59.64610036 69.723 0 2
2 34.62215142 16.24564794 60.95530804 69.723 0 4
2 41.29896528 16.26980407 60.99730301 69.723 0 4
2 39.31058253 12.91783592 59.63371761 69.723 0 4
2 39.26858756 19.59464978 59.65787374 69.723 0 4
2 37.94699713 14.90621867 62.98568576 69.723 0 4
2 37.97115326 14.94821364 56.3088719 69.723 0 4
2 32.56807206 14.1566729 63.73842858 69.723 0 4
2 43.39167765 18.32918588 63.78381141 69.723 0 4
2 42.09709093 10.82512355 57.5743358 69.723 0 4
2 42.0517081 21.64872914 61.74684878 69.723 0 4
2 35.88761532 12.11971027 65.07839813 69.723 0 4
2 40.0601283 12.1650931 54.25479254 69.723 0 4
0 37.96181069 27.09835075 5.43172997 137.327 0 0
0 43.36606533 21.69409611 10.83598461 137.327 0 0
0 32.53350767 29.80507943 5.44849924 137.327 0 1
0 43.30731063 24.4154197 5.50868699 137.327 0 1
0 38.03876771 21.75285081 8.11466102 137.327 0 1
0 37.97857996 32.52665377 2.72500129 137.327 0 1
0 40.64474174 27.02139373 10.77722991 137.327 0 1
0 35.25508201 27.08158148 0.00342695 137.327 0 1
1 35.97098368 29.13578849 7.39896974 72.63 0 6
1 39.92905046 29.08917776 3.39429223 72.63 0 6
1 35.92437295 25.13111098 3.44090296 72.63 0 6
1 39.95959256 25.10056888 7.42951184 72.63 0 6
1 41.37460397 23.68555747 8.84452325 72.63 0 6
1 34.51314005 23.66714223 2.02367466 72.63 0 6
1 41.39301921 30.50640606 1.98305933 72.63 0 6
1 34.55375538 30.54702139 8.86293849 72.63 0 6
1 39.98782096 25.15468181 3.40817904 72.63 0 6
1 35.93825976 25.07234048 7.37539891 72.63 0 6
1 39.90547963 29.12190168 7.45774024 72.63 0 6
1 34.53122369 30.52893775 2.00114297 72.63 0 6
1 41.34312514 30.50845749 8.89548258 72.63 0 6
1 34.55170395 23.63459814 8.81304442 72.63 0 6
1 41.4255633 23.7170363 2.02162323 72.63 0 6
1 37.93568058 24.3877629 0.01812892 72.63 0 5
1 32.54820964 27.12448086 8.14231782 72.63 0 5
1 40.67239854 32.5119518 5.40559986 72.63 0 5
1 41.33416584 27.13611659 4.17605461 72.63 0 7
1 34.57665911 27.11976685 4.19127154 72.63 0 7
1 36.70613533 23.7259956 5.39396413 72.63 0 7
1 36.72135226 30.48350233 5.41031387 72.63 0 7
1 37.94039459 28.33880918 2.04657839 72.63 0 7
1 37.92404485 28.35402611 8.80408512 72.63 0 7
1 32.55534387 25.07143984 1.24820768 72.63 0 7
1 32.54001943 29.15576298 1.2428138 72.63 0 7
1 33.7782884 32.50481757 7.45864088 72.63 0 7
1 33.77289452 32.52014201 3.37431774 72.63 0 7
1 35.90439846 31.28726692 0.00993871 72.63 0 7
1 39.9887216 31.28187304 0.02526315 72.63 0 7
2 35.96677948 29.09338196 3.43669876 69.723 0 3
2 37.94551328 29.80632942 0.01604118 69.723 0 2
2 32.5461219 27.11464816 2.7237513 69.723 0 2
2 35.25383202 32.51403954 5.41543256 69.723 0 2
2 34.60828482 27.10287478 6.72464024 69.723 0 4
2 41.28509868 27.12703091 6.76663521 69.723 0 4
2 39.29671593 23.77506276 5.40304981 69.723 0 4
2 39.25472096 30.45187662 5.42720594 69.723 0 4
2 37.93313053 25.76344551 8.75501796 69.723 0 4
2 37.95728666 25.80544048 2.0782041 69.723 0 4
2 32.55420546 25.01389974 9.50776078 69.723 0 4
2 43.37781105 29.18641272 9.55314361 69.723 0 4
2 42.08322433 21.68235039 3.343668 69.723 0 4
2 42.0378415 32.50595598 7.51618098 69.723 0 4
2 35.87374872 22.97693711 10.84773033 69.723 0 4
2 40.0462617 23.02231994 0.02412474 69.723 0 4
0 37.96412179 27.09603965 16.27740131 137.327 0 0
0 43.36837643 21.69178501 21.68165595 137.327 0 0
0 32.53581877 29.80276833 16.29417058 137.327 0 1
0 43.30962173 24.4131086 16.35435833 137.327 0 1
0 38.04107881 21.75053971 18.96033236 137.327 0 1
0 37.98089106 32.52434267 13.57067263 137.327 0 1
0 40.64705284 27.01908263 21.62290125 137.327 0 1
0 35.25739311 27.07927038 10.84909829 137.327 0 1
1 35.97329478 29.13347739 18.24464108 72.63 0 6
1 39.93136156 29.08686666 14.23996357 72.63 0 6
1 35.92668405 25.12879988 14.2865743 72.63 0 6
1 39.96190366 25.09825778 18.27518318 72.63 0 6
1 41.37691507 23.68324637 19.69019459 72.63 0 6
1 34.51545115 23.66483113 12.869346 72.63 0 6
1 41.39533031 30.50409496 12.82873067 72.63 0 6
1 34.55606648 30.54471029 19.70860983 72.63 0 6
1 39.99013206 25.15237071 14.25385038 72.63 0 6
1 35.94057086 25.07002938 18.22107025 72.63 0 6
1 39.90779073 29.11959058 18.30341158 72.63 0 6
1 34.53353479 30.52662665 12.84681431 72.63 0 6
1 41.34543624 30.50614639 19.74115392 72.63 0 6
1 34.55401505 23.63228704 19.65871576 72.63 0 6
1 41.4278744 23.7147252 12.86729457 72.63 0 6
1 37.93799168 24.3854518 10.86380026 72.63 0 5
1 32.55052074 27.12216976 18.98798916 72.63 0 5
1 40.67470964 32.5096407 16.2512712 72.63 0 5
1 41.33647694 27.13380549 15.02172595 72.63 0 7
1 34.57897021 27.11745575 15.03694288 72.63 0 7
1 36.70844643 23.7236845 16.23963547 72.63 0 7
1 36.72366336 30.48119123 16.25598521 72.63 0 7
1 37.94270569 28.33649808 12.89224973 72.63 0 7
1 37.92635595 28.35171501 19.64975646 72.63 0 7
1 32.55765497 25.06912874 12.09387902 72.63 0 7
1 32.54233053 29.15345188 12.08848514 72.63 0 7
1 33.7805995 32.50250647 18.30431222 72.63 0 7
1 33.77520562 32.51783091 14.21998908 72.63 0 7
1 35.90670956 31.28495582 10.85561005 72.63 0 7
1 39.9910327 31.27956194 10.87093449 72.63 0 7
2 35.96909058 29.09107086 14.2823701 69.723 0 3
2 37.94782438 29.80401832 10.86171252 69.723 0 2
2 32.548433 27.11233706 13.56942264 69.723 0 2
2 35.25614312 32.51172844 16.2611039 69.723 0 2
2 34.61059592 27.10056368 17.57031158 69.723 0 4
2 41.28740978 27.12471981 17.61230655 69.723 0 4
2 39.29902703 23.77275166 16.24872115 69.723 0 4
2 39.25703206 30.44956552 16.27287728 69.723 0 4
2 37.93544163 25.76113441 19.6006893 69.723 0 4
2 37.95959776 25.80312938 12.92387544 69.723 0 4
2 32.55651656 25.01158864 20.35343212 69.723 0 4
2 43.38012215 29.18410162 20.39881495 69.723 0 4
2 42.08553543 21.68003929 14.18933934 69.723 0 4
2 42.0401526 32.50364488 18.36185232 69.723 0 4
2 35.87605982 22.97462601 21.69340167 69.723 0 4
2 40.0485728 23.02000884 10.86979608 69.723 0 4
0 37.96643289 27.09372855 27.12307265 137.327 0 0
0 43.37068753 21.68947391 32.52732729 137.327 0 0
0 32.53812987 29.80045723 27.13984192 137.327 0 1
0 43.31193283 24.4107975 27.20002967 137.327 0 1
0 38.04338991 21.74822861 29.8060037 137.327 0 1
0 37.98320216 32.52203157 24.41634397 137.327 0 1
0 40.64936394 27.01677153 32.46857259 137.327 0 1
0 35.25970421 27.07695928 21.69476963 137.327 0 1
1 35.97560588 29.13116629 29.09031242 72.63 0 6
1 39.93367266 29.08455556 25.08563491 72.63 0 6
1 35.92899515 25.12648878 25.13224564 72.63 0 6
1 39.96421476 25.09594668 29.12085452 72.63 0 6
1 41.37922617 23.68093527 30.53586593 72.63 0 6
1 34.51776225 23.66252003 23.71501734 72.63 0 6
1 41.39764141 30.50178386 23.67440201 72.63 0 6
1 34.55837758 30.54239919 30.55428117 72.63 0 6
1 39.99244316 25.15005961 25.09952172 72.63 0 6
1 35.94288196 25.06771828 29.06674159 72.63 0 6
1 39.91010183 29.11727948 29.14908292 72.63 0 6
1 34.53584589 30.52431555 23.69248565 72.63 0 6
1 41.34774734 30.50383529 30.58682526 72.63 0 6
1 34.55632615 23.62997594 30.5043871 72.63 0 6
1 41.4301855 23.7124141 23.71296591 72.63 0 6
1 37.94030278 24.3831407 21.7094716 72.63 0 5
1 32.55283184 27.11985866 29.8336605 72.63 0 5
1 40.67702074 32.5073296 27.09694254 72.63 0 5
1 41.33878804 27.13149439 25.86739729 72.63 0 7
1 34.58128131 27.11514465 25.88261422 72.63 0 7
1 36.71075753 23.7213734 27.08530681 72.63 0 7
1 36.72597446 30.47888013 27.10165655 72.63 0 7
1 37.94501679 28.33418698 23.73792107 72.63 0 7
1 37.92866705 28.34940391 30.4954278 72.63 0 7
1 32.55996607 25.06681764 22.93955036 72.63 0 7
1 32.54464163 29.15114078 22.93415648 72.63 0 7
1 33.7829106 32.50019537 29.14998356 72.63 0 7
1 33.77751672 32.51551981 25.06566042 72.63 0 7
1 35.90902066 31.28264472 21.70128139 72.63 0 7
1 39.9933438 31.27725084 21.71660583 72.63 0 7
2 35.97140168 29.08875976 25.12804144 69.723 0 3
2 37.95013548 29.80170722 21.70738386 69.723 0 2
2 32.5507441 27.11002596 24.41509398 69.723 0 2
2 35.25845422 32.50941734 27.10677524 69.723 0 2
2 34.61290702 27.09825258 28.41598292 69.723 0 4
2 41.28972088 27.12240871 28.45797789 69.723 0 4
2 39.30133813 23.77044056 27.09439249 69.723 0 4
2 39.25934316 30.44725442 27.11854862 69.723 0 4
2 37.93775273 25.75882331 30.44636064 69.723 0 4
2 37.96190886 25.80081828 23.76954678 69.723 0 4
2 32.55882766 25.00927754 31.19910346 69.723 0 4
2 43.38243325 29.18179052 31.24448629 69.723 0 4
2 42.08784653 21.67772819 25.03501068 69.723 0 4
2 42.0424637 32.50133378 29.20752366 69.723 0 4
2 35.87837092 22.97231491 32.53907301 69.723 0 4
2 40.0508839 23.01769774 21.71546742 69.723 0 4
0 37.96874399 27.09141745 37.96874399 137.327 0 0
0 43.37299863 21.68716281 43.37299863 137.327 0 0
0 32.54044097 29.79814613 37.98551326 137.327 0 1
0 43.31424393 24.4084864 38.04570101 137.327 0 1
0 38.04570101 21.74591751 40.65167504 137.327 0 1
0 37.98551326 32.51972047 35.26201531 137.327 0 1
0 40.65167504 27.01446043 43.31424393 137.327 0 1
0 35.26201531 27.07464818 32.54044097 137.327 0 1
1 35.97791698 29.12885519 39.93598376 72.63 0 6
1 39.93598376 29.08224446 35.93130625 72.63 0 6
1 35.93130625 25.12417768 35.97791698 72.63 0 6
1 39.96652586 25.09363558 39.96652586 72.63 0 6
1 41.38153727 23.67862417 41.38153727 72.63 0 6
1 34.52007335 23.66020893 34.56068868 72.63 0 6
1 41.39995251 30.49947276 34.52007335 72.63 0 6
1 34.56068868 30.54008809 41.39995251 72.63 0 6
1 39.99475426 25.14774851 35.94519306 72.63 0 6
1 35.94519306 25.06540718 39.91241293 72.63 0 6
1 39.91241293 29.11496838 39.99475426 72.63 0 6
1 34.53815699 30.52200445 34.53815699 72.63 0 6
1 41.35005844 30.50152419 41.4324966 72.63 0 6
1 34.55863725 23.62766484 41.35005844 72.63 0 6
1 41.4324966 23.710103 34.55863725 72.63 0 6
1 37.94261388 24.3808296 32.55514294 72.63 0 5
1 32.55514294 27.11754756 40.67933184 72.63 0 5
1 40.67933184 32.5050185 37.94261388 72.63 0 5
1 41.34109914 27.12918329 36.71306863 72.63 0 7
1 34.58359241 27.11283355 36.72828556 72.63 0 7
1 36.71306863 23.7190623 37.93097815 72.63 0 7
1 36.72828556 30.47656903 37.94732789 72.63 0 7
1 37.94732789 28.33187588 34.58359241 72.63 0 7
1 37.93097815 28.34709281 41.34109914 72.63 0 7
1 32.56227717 25.06450654 33.7852217 72.63 0 7
1 32.54695273 29.14882968 33.77982782 72.63 0 7
1 33.7852217 32.49788427 39.9956549 72.63 0 7
1 33.77982782 32.51320871 35.91133176 72.63 0 7
1 35.91133176 31.28033362 32.54695273 72.63 0 7
1 39.9956549 31.27493974 32.56227717 72.63 0 7
2 35.97371278 29.08644866 35.97371278 69.723 0 3
2 37.95244658 29.79939612 32.5530552 69.723 0 2
2 32.5530552 27.10771486 35.26076532 69.723 0 2
2 35.26076532 32.50710624 37.95244658 69.723 0 2
2 34.61521812 27.09594148 39.26165426 69.723 0 4
2 41.29203198 27.12009761 39.30364923 69.723 0 4
2 39.30364923 23.76812946 37.94006383 69.723 0 4
2 39.26165426 30.44494332 37.96421996 69.723 0 4
2 37.94006383 25.75651221 41.29203198 69.723 0 4
2 37.96421996 25.79850718 34.61521812 69.723 0 4
2 32.56113876 25.00696644 42.0447748 69.723 0 4
2 43.38474435 29.17947942 42.09015763 69.723 0 4
2 42.09015763 21.67541709 35.88068202 69.723 0 4
2 42.0447748 32.49902268 40.053195 69.723 0 4
2 35.88068202 22.97000381 43.38474435 69.723 0 4
2 40.053195 23.01538664 32.56113876 69.723 0 4
0 37.97105509 27.08910635 48.81441533 137.327 0 0
0 43.37530973 21.68485171 54.21866997 137.327 0 0
0 32.54275207 29.79583503 48.8311846 137.327 0 1
0 43.31655503 24.4061753 48.89137235 137.327 0 1
0 38.04801211 21.74360641 51.49734638 137.327 0 1
0 37.98782436 32.51740937 46.10768665 137.327 0 1
0 40.65398614 27.01214933 54.15991527 137.327 0 1
0 35.26432641 27.07233708 43.38611231 137.327 0 1
1 35.98022808 29.12654409 50.7816551 72.63 0 6
1 39.93829486 29.07993336 46.77697759 72.63 0 6
1 35.93361735 25.12186658 46.82358832 72.63 0 6
1 39.96883696 25.09132448 50.8121972 72.63 0 6
1 41.38384837 23.67631307 52.22720861 72.63 0 6
1 34.52238445 23.65789783 45.40636002 72.63 0 6
1 41.40226361 30.49716166 45.36574469 72.63 0 6
1 34.56299978 30.53777699 52.24562385 72.63 0 6
1 39.99706536 25.14543741 46.7908644 72.63 0 6
1 35.94750416 25.06309608 50.75808427 72.63 0 6
1 39.91472403 29.11265728 50.8404256 72.63 0 6
1 34.54046809 30.51969335 45.38382833 72.63 0 6
1 41.35236954 30.49921309 52.27816794 72.63 0 6
1 34.56094835 23.62535374 52.19572978 72.63 0 6
1 41.4348077 23.7077919 45.40430859 72.63 0 6
1 37.94492498 24.3785185 43.40081428 72.63 0 5
1 32.55745404 27.11523646 51.52500318 72.63 0 5
1 40.68164294 32.5027074 48.78828522 72.63 0 5
1 41.34341024 27.12687219 47.55873997 72.63 0 7
1 34.58590351 27.11052245 47.5739569 72.63 0 7
1 36.71537973 23.7167512 48.77664949 72.63 0 7
1 36.73059666 30.47425793 48.79299923 72.63 0 7
1 37.94963899 28.32956478 45.42926375 72.63 0 7
1 37.93328925 28.34478171 52.18677048 72.63 0 7
1 32.56458827 25.06219544 44.63089304 72.63 0 7
1 32.54926383 29.14651858 44.62549916 72.63 0 7
1 33.7875328 32.49557317 50.84132624 72.63 0 7
1 33.78213892 32.51089761 46.7570031 72.63 0 7
1 35.91364286 31.27802252 43.39262407 72.63 0 7
1 39.997966 31.27262864 43.40794851 72.63 0 7
2 35.97602388 29.08413756 46.81938412 69.723 0 3
2 37.95475768 29.79708502 43.39872654 69.723 0 2
2 32.5553663 27.10540376 46.10643666 69.723 0 2
2 35.26307642 32.50479514 48.79811792 69.723 0 2
2 34.61752922 27.09363038 50.1073256 69.723 0 4
2 41.29434308 27.11778651 50.14932057 69.723 0 4
2 39.30596033 23.76581836 48.78573517 69.723 0 4
2 39.26396536 30.44263222 48.8098913 69.723 0 4
2 37.94237493 25.75420111 52.13770332 69.723 0 4
2 37.96653106 25.79619608 45.46088946 69.723 0 4
2 32.56344986 25.00465534 52.89044614 69.723 0 4
2 43.38705545 29.17716832 52.93582897 69.723 0 4
2 42.09246873 21.67310599 46.72635336 69.723 0 4
2 42.0470859 32.49671158 50.89886634 69.723 0 4
2 35.88299312 22.96769271 54.23041569 69.723 0 4
2 40.0555061 23.01307554 43.4068101 69.723 0 4
0 37.97336619 27.08679525 59.66008667 137.327 0 0
0 43.37762083 21.68254061 65.06434131 137.327 0 0
0 32.54506317 29.79352393 59.67685594 137.327 0 1
0 43.31886613 24.4038642 59.73704369 137.327 0 1
0 38.05032321 21.74129531 62.34301772 137.327 0 1
0 37.99013546 32.51509827 56.95335799 137.327 0 1
0 40.65629724 27.00983823 65.00558661 137.327 0 1
0 35.26663751 27.07002598 54.23178365 137.327 0 1
1 35.98253918 29.12423299 61.62732644 72.63 0 6
1 39.94060596 29.07762226 57.62264893 72.63 0 6
1 35.93592845 25.11955548 57.66925966 72.63 0 6
1 39.97114806 25.08901338 61.65786854 72.63 0 6
1 41.38615947 23.67400197 63.07287995 72.63 0 6
1 34.52469555 23.65558673 56.25203136 72.63 0 6
1 41.40457471 30.49485056 56.21141603 72.63 0 6
1 34.56531088 30.53546589 63.09129519 72.63 0 6
1 39.99937646 25.14312631 57.63653574 72.63 0 6
1 35.94981526 25.06078498 61.60375561 72.63 0 6
1 39.91703513 29.11034618 61.68609694 72.63 0 6
1 34.54277919 30.51738225 56.22949967 72.63 0 6
1 41.35468064 30.49690199 63.12383928 72.63 0 6
1 34.56325945 23.62304264 63.04140112 72.63 0 6
1 41.4371188 23.7054808 56.24997993 72.63 0 6
1 37.94723608 24.3762074 54.24648562 72.63 0 5
1 32.55976514 27.11292536 62.37067452 72.63 0 5
1 40.68395404 32.5003963 59.63395656 72.63 0 5
1 41.34572134 27.12456109 58.40441131 72.63 0 7
1 34.58821461 27.10821135 58.41962824 72.63 0 7
1 36.71769083 23.7144401 59.62232083 72.63 0 7
1 36.73290776 30.47194683 59.63867057 72.63 0 7
1 37.95195009 28.32725368 56.27493509 72.63 0 7
1 37.93560035 28.34247061 63.03244182 72.63 0 7
1 32.56689937 25.05988434 55.47656438 72.63 0 7
1 32.55157493 29.14420748 55.4711705 72.63 0 7
1 33.7898439 32.49326207 61.68699758 72.63 0 7
1 33.78445002 32.50858651 57.60267444 72.63 0 7
1 35.91595396 31.27571142 54.23829541 72.63 0 7
1 40.0002771 31.27031754 54.25361985 72.63 0 7
2 35.97833498 29.08182646 57.66505546 69.723 0 3
2 37.95706878 29.79477392 54.24439788 69.723 0 2
2 32.5576774 27.10309266 56.952108 69.723 0 2
2 35.26538752 32.50248404 59.64378926 69.723 0 2
2 34.61984032 27.09131928 60.95299694 69.723 0 4
2 41.29665418 27.11547541 60.99499191 69.723 0 4
2 39.30827143 23.76350726 59.63140651 69.723 0 4
2 39.26627646 30.44032112 59.65556264 69.723 0 4
2 37.94468603 25.75189001 62.98337466 69.723 0 4
2 37.96884216 25.79388498 56.3065608 69.723 0 4
2 32.56576096 25.00234424 63.73611748 69.723 0 4
2 43.38936655 29.17485722 63.78150031 69.723 0 4
2 42.09477983 21.67079489 57.5720247 69.723 0 4
2 42.049397 32.49440048 61.74453768 69.723 0 4
2 35.88530422 22.96538161 65.07608703 69.723 0 4
2 40.0578172 23.01076444 54.25248144 69.723 0 4
0 37.95949959 37.94402209 5.42941887 137.327 0 0
0 43.36375423 32.53976745 10.83367351 137.327 0 0
0 32.53119657 40.65075077 5.44618814 137.327 0 1
0 43.30499953 35.26109104 5.50637589 137.327 0 1
0 38.03645661 32.59852215 8.11234992 137.327 0 1
0 37.97626886 43.37232511 2.72269019 137.327 0 1
0 40.64243064 37.86706507 10.77491881 137.327 0 1
0 35.25277091 37.92725282 0.00111585 137.327 0 1
1 35.96867258 39.98145983 7.39665864 72.63 0 6
1 39.92673936 39.9348491 3.39198113 72.63 0 6
1 35.92206185 35.97678232 3.43859186 72.63 0 6
1 39.95728146 35.94624022 7.42720074 72.63 0 6
1 41.37229287 34.53122881 8.84221215 72.63 0 6
1 34.51082895 34.51281357 2.02136356 72.63 0 6
1 41.39070811 41.3520774 1.98074823 72.63 0 6
1 34.55144428 41.39269273 8.86062739 72.63 0 6
1 39.98550986 36.00035315 3.40586794 72.63 0 6
1 35.93594866 35.91801182 7.37308781 72.63 0 6
1 39.90316853 39.96757302 7.45542914 72.63 0 6
1 34.52891259 41.37460909 1.99883187 72.63 0 6
1 41.34081404 41.35412883 8.89317148 72.63 0 6
1 34.54939285 34.48026948 8.81073332 72.63 0 6
1 41.4232522 34.56270764 2.01931213 72.63 0 6
1 37.93336948 35.23343424 0.01581782 72.63 0 5
1 32.54589854 37.9701522 8.14000672 72.63 0 5
1 40.67008744 43.35762314 5.40328876 72.63 0 5
1 41.33185474 37.98178793 4.17374351 72.63 0 7
1 34.57434801 37.96543819 4.18896044 72.63 0 7
1 36.70382423 34.57166694 5.39165303 72.63 0 7
1 36.71904116 41.32917367 5.40800277 72.63 0 7
1 37.93808349 39.18448052 2.04426729 72.63 0 7
1 37.92173375 39.19969745 8.80177402 72.63 0 7
1 32.55303277 35.91711118 1.24589658 72.63 0 7
1 32.53770833 40.00143432 1.2405027 72.63 0 7
1 33.7759773 43.35048891 7.45632978 72.63 0 7
1 33.77058342 43.36581335 3.37200664 72.63 0 7
1 35.90208736 42.13293826 0.00762761 72.63 0 7
1 39.9864105 42.12754438 0.02295205 72.63 0 7
2 35.96446838 39.9390533 3.43438766 69.723 0 3
2 37.94320218 40.65200076 0.01373008 69.723 0 2
2 32.5438108 37.9603195 2.7214402 69.723 0 2
2 35.25152092 43.35971088 5.41312146 69.723 0 2
2 34.60597372 37.94854612 6.72232914 69.723 0 4
2 41.28278758 37.97270225 6.76432411 69.723 0 4
2 39.29440483 34.6207341 5.40073871 69.723 0 4
2 39.25240986 41.29754796 5.42489484 69.723 0 4
2 37.93081943 36.60911685 8.75270686 69.723 0 4
2 37.95497556 36.65111182 2.075893 69.723 0 4
2 32.55189436 35.85957108 9.50544968 69.723 0 4
2 43.37549995 40.03208406 9.55083251 69.723 0 4
2 42.08091323 32.52802173 3.3413569 69.723 0 4
2 42.0355304 43.35162732 7.51386988 69.723 0 4
2 35.87143762 33.82260845 10.84541923 69.723 0 4
2 40.0439506 33.86799128 0.02181364 69.723 0 4
0 37.96181069 37.94171099 16.27509021 137.327 0 0
0 43.36606533 32.53745635 21.67934485 137.327 0 0
0 32.53350767 40.64843967 16.29185948 137.327 0 1
0 43.30731063 35.25877994 16.35204723 137.327 0 1
0 38.03876771 32.59621105 18.95802126 137.327 0 1
0 37.97857996 43.37001401 13.56836153 137.327 0 1
0 40.64474174 37.86475397 21.62059015 137.327 0 1
0 35.25508201 37.92494172 10.84678719 137.327 0 1
1 35.97098368 39.97914873 18.24232998 72.63 0 6
1 39.92905046 39.932538 14.23765247 72.63 0 6
1 35.92437295 35.97447122 14.2842632 72.63 0 6
1 39.95959256 35.94392912 18.27287208 72.63 0 6
1 41.37460397 34.52891771 19.68788349 72.63 0 6
1 34.51314005 34.51050247 12.8670349 72.63 0 6
1 41.39301921 41.3497663 12.82641957 72.63 0 6
1 34.55375538 41.39038163 19.70629873 72.63 0 6
1 39.98782096 35.99804205 14.25153928 72.63 0 6
1 35.93825976 35.91570072 18.21875915 72.63 0 6
1 39.90547963 39.96526192 18.30110048 72.63 0 6
1 34.53122369 41.37229799 12.84450321 72.63 0 6
1 41.34312514 41.35181773 19.73884282 72.63 0 6
1 34.55170395 34.47795838 19.65640466 72.63 0 6
1 41.4255633 34.56039654 12.86498347 72.63 0 6
1 37.93568058 35.23112314 10.86148916 72.63 0 5
1 32.54820964 37.9678411 18.98567806 72.63 0 5
1 40.67239854 43.35531204 16.2489601 72.63 0 5
1 41.33416584 37.97947683 15.01941485 72.63 0 7
1 34.57665911 37.96312709 15.03463178 72.63 0 7
1 36.70613533 34.56935584 16.23732437 72.63 0 7
1 36.72135226 41.32686257 16.25367411 72.63 0 7
1 37.94039459 39.18216942 12.88993863 72.63 0 7
1 37.92404485 39.19738635 19.64744536 72.63 0 7
1 32.55534387 35.91480008 12.09156792 72.63 0 7
1 32.54001943 39.99912322 12.08617404 72.63 0 7
1 33.7782884 43.34817781 18.30200112 72.63 0 7
1 33.77289452 43.36350225 14.21767798 72.63 0 7
1 35.90439846 42.13062716 10.85329895 72.63 0 7
1 39.9887216 42.12523328 10.86862339 72.63 0 7
2 35.96677948 39.9367422 14.280059 69.723 0 3
2 37.94551328 40.64968966 10.85940142 69.723 0 2
2 32.5461219 37.9580084 13.56711154 69.723 0 2
2 35.25383202 43.35739978 16.2587928 69.723 0 2
2 34.60828482 37.94623502 17.56800048 69.723 0 4
2 41.28509868 37.97039115 17.60999545 69.723 0 4
2 39.29671593 34.618423 16.24641005 69.723 0 4
2 39.25472096 41.29523686 16.27056618 69.723 0 4
2 37.93313053 36.60680575 19.5983782 69.723 0 4
2 37.95728666 36.64880072 12.92156434 69.723 0 4
2 32.55420546 35.85725998 20.35112102 69.723 0 4
2 43.37781105 40.02977296 20.39650385 69.723 0 4
2 42.08322433 32.52571063 14.18702824 69.723 0 4
2 42.0378415 43.34931622 18.35954122 69.723 0 4
2 35.87374872 33.82029735 21.69109057 69.723 0 4
2 40.0462617 33.86568018 10.86748498 69.723 0 4
0 37.96412179 37.93939989 27.12076155 137.327 0 0
0 43.36837643 32.53514525 32.52501619 137.327 0 0
0 32.53581877 40.64612857 27.13753082 137.327 0 1
0 43.30962173 35.25646884 27.19771857 137.327 0 1
0 38.04107881 32.59389995 29.8036926 137.327 0 1
0 37.98089106 43.36770291 24.41403287 137.327 0 1
0 40.64705284 37.86244287 32.46626149 137.327 0 1
0 35.25739311 37.92263062 21.69245853 137.327 0 1
1 35.97329478 39.97683763 29.08800132 72.63 0 6
1 39.93136156 39.9302269 25.08332381 72.63 0 6
1 35.92668405 35.97216012 25.12993454 72.63 0 6
1 39.96190366 35.94161802 29.11854342 72.63 0 6
1 41.37691507 34.52660661 30.53355483 72.63 0 6
1 34.51545115 34.50819137 23.71270624 72.63 0 6
1 41.39533031 41.3474552 23.67209091 72.63 0 6
1 34.55606648 41.38807053 30.55197007 72.63 0 6
1 39.99013206 35.99573095 25.09721062 72.63 0 6
1 35.94057086 35.91338962 29.06443049 72.63 0 6
1 39.90779073 39.96295082 29.14677182 72.63 0 6
1 34.53353479 41.36998689 23.69017455 72.63 0 6
1 41.34543624 41.34950663 30.58451416 72.63 0 6
1 34.55401505 34.47564728 30.502076 72.63 0 6
1 41.4278744 34.55808544 23.71065481 72.63 0 6
1 37.93799168 35.22881204 21.7071605 72.63 0 5
1 32.55052074 37.96553 29.8313494 72.63 0 5
1 40.67470964 43.35300094 27.09463144 72.63 0 5
1 41.33647694 37.97716573 25.86508619 72.63 0 7
1 34.57897021 37.96081599 25.88030312 72.63 0 7
1 36.70844643 34.56704474 27.08299571 72.63 0 7
1 36.72366336 41.32455147 27.09934545 72.63 0 7
1 37.94270569 39.17985832 23.73560997 72.63 0 7
1 37.92635595 39.19507525 30.4931167 72.63 0 7
1 32.55765497 35.91248898 22.93723926 72.63 0 7
1 32.54233053 39.99681212 22.93184538 72.63 0 7
1 33.7805995 43.34586671 29.14767246 72.63 0 7
1 33.77520562 43.36119115 25.06334932 72.63 0 7
1 35.90670956 42.12831606 21.69897029 72.63 0 7
1 39.9910327 42.12292218 21.71429473 72.63 0 7
2 35.96909058 39.9344311 25.12573034 69.723 0 3
2 37.94782438 40.64737856 21.70507276 69.723 0 2
2 32.548433 37.9556973 24.41278288 69.723 0 2
2 35.25614312 43.35508868 27.10446414 69.723 0 2
2 34.61059592 37.94392392 28.41367182 69.723 0 4
2 41.28740978 37.96808005 28.45566679 69.723 0 4
2 39.29902703 34.6161119 27.09208139 69.723 0 4
2 39.25703206 41.29292576 27.11623752 69.723 0 4
2 37.93544163 36.60449465 30.44404954 69.723 0 4
2 37.95959776 36.64648962 23.76723568 69.723 0 4
2 32.55651656 35.85494888 31.19679236 69.723 0 4
2 43.38012215 40.02746186 31.24217519 69.723 0 4
2 42.08553543 32.52339953 25.03269958 69.723 0 4
2 42.0401526 43.34700512 29.20521256 69.723 0 4
2 35.87605982 33.81798625 32.53676191 69.723 0 4
2 40.0485728 33.86336908 21.71315632 69.723 0 4
0 37.96643289 37.93708879 37.96643289 137.327 0 0
0 43.37068753 32.53283415 43.37068753 137.327 0 0
0 32.53812987 40.64381747 37.98320216 137.327 0 1
0 43.31193283 35.25415774 38.04338991 137.327 0 1
0 38.04338991 32.59158885 40.64936394 137.327 0 1
0 37.98320216 43.36539181 35.25970421 137.327 0 1
0 40.64936394 37.86013177 43.31193283 137.327 0 1
0 35.25970421 37.92031952 32.53812987 137.327 0 1
1 35.97560588 39.97452653 39.93367266 72.63 0 6
1 39.93367266 39.9279158 35.92899515 72.63 0 6
1 35.92899515 35.96984902 35.97560588 72.63 0 6
1 39.96421476 35.93930692 39.96421476 72.63 0 6
1 41.37922617 34.52429551 41.37922617 72.63 0 6
1 34.51776225 34.50588027 34.55837758 72.63 0 6
1 41.39764141 41.3451441 34.51776225 72.63 0 6
1 34.55837758 41.38575943 41.39764141 72.63 0 6
1 39.99244316 35.99341985 35.94288196 72.63 0 6
1 35.94288196 35.91107852 39.91010183 72.63 0 6
1 39.91010183 39.96063972 39.99244316 72.63 0 6
1 34.53584589 41.36767579 34.53584589 72.63 0 6
1 41.34774734 41.34719553 41.4301855 72.63 0 6
1 34.55632615 34.47333618 41.34774734 72.63 0 6
1 41.4301855 34.55577434 34.55632615 72.63 0 6
1 37.94030278 35.22650094 32.55283184 72.63 0 5
1 32.55283184 37.9632189 40.67702074 72.63 0 5
1 40.67702074 43.35068984 37.94030278 72.63 0 5
1 41.33878804 37.97485463 36.71075753 72.63 0 7
1 34.58128131 37.95850489 36.72597446 72.63 0 7
1 36.71075753 34.56473364 37.92866705 72.63 0 7
1 36.72597446 41.32224037 37.94501679 72.63 0 7
1 37.94501679 39.17754722 34.58128131 72.63 0 7
1 37.92866705 39.19276415 41.33878804 72.63 0 7
1 32.55996607 35.91017788 33.7829106 72.63 0 7
1 32.54464163 39.99450102 33.77751672 72.63 0 7
1 33.7829106 43.34355561 39.9933438 72.63 0 7
1 33.77751672 43.35888005 35.90902066 72.63 0 7
1 35.90902066 42.12600496 32.54464163 72.63 0 7
1 39.9933438 42.12061108 32.55996607 72.63 0 7
2 35.97140168 39.93212 35.97140168 69.723 0 3
2 37.95013548 40.64506746 32.5507441 69.723 0 2
2 32.5507441 37.9533862 35.25845422 69.723 0 2
2 35.25845422 43.35277758 37.95013548 69.723 0 2
2 34.61290702 37.94161282 39.25934316 69.723 0 4
2 41.28972088 37.96576895 39.30133813 69.723 0 4
2 39.30133813 34.6138008 37.93775273 69.723 0 4
2 39.25934316 41.29061466 37.96190886 69.723 0 4
2 37.93775273 36.60218355 41.28972088 69.723 0 4
2 37.96190886 36.64417852 34.61290702 69.723 0 4
2 32.55882766 35.85263778 42.0424637 69.723 0 4
2 43.38243325 40.02515076 42.08784653 69.723 0 4
2 42.08784653 32.52108843 35.87837092 69.723 0 4
2 42.0424637 43.34469402 40.0508839 69.723 0 4
2 35.87837092 33.81567515 43.38243325 69.723 0 4
2 40.0508839 33.86105798 32.55882766 69.723 0 4
0 37.96874399 37.93477769 48.81210423 137.327 0 0
0 43.37299863 32.53052305 54.21635887 137.327 0 0
0 32.54044097 40.64150637 48.8288735 137.327 0 1
0 43.31424393 35.25184664 48.88906125 137.327 0 1
0 38.04570101 32.58927775 51.49503528 137.327 0 1
0 37.98551326 43.36308071 46.10537555 137.327 0 1
0 40.65167504 37.85782067 54.15760417 137.327 0 1
0 35.26201531 37.91800842 43.38380121 137.327 0 1
1 35.97791698 39.97221543 50.779344 72.63 0 6
1 39.93598376 39.9256047 46.77466649 72.63 0 6
1 35.93130625 35.96753792 46.82127722 72.63 0 6
1 39.96652586 35.93699582 50.8098861 72.63 0 6
1 41.38153727 34.52198441 52.22489751 72.63 0 6
1 34.52007335 34.50356917 45.40404892 72.63 0 6
1 41.39995251 41.342833 45.36343359 72.63 0 6
1 34.56068868 41.38344833 52.24331275 72.63 0 6
1 39.99475426 35.99110875 46.7885533 72.63 0 6
1 35.94519306 35.90876742 50.75577317 72.63 0 6
1 39.91241293 39.95832862 50.8381145 72.63 0 6
1 34.53815699 41.36536469 45.38151723 72.63 0 6
1 41.35005844 41.34488443 52.27585684 72.63 0 6
1 34.55863725 34.47102508 52.19341868 72.63 0 6
1 41.4324966 34.55346324 45.40199749 72.63 0 6
1 37.94261388 35.22418984 43.39850318 72.63 0 5
1 32.55514294 37.9609078 51.52269208 72.63 0 5
1 40.67933184 43.34837874 48.78597412 72.63 0 5
1 41.34109914 37.97254353 47.55642887 72.63 0 7
1 34.58359241 37.95619379 47.5716458 72.63 0 7
1 36.71306863 34.56242254 48.77433839 72.63 0 7
1 36.72828556 41.31992927 48.79068813 72.63 0 7
1 37.94732789 39.17523612 45.42695265 72.63 0 7
1 37.93097815 39.19045305 52.18445938 72.63 0 7
1 32.56227717 35.90786678 44.62858194 72.63 0 7
1 32.54695273 39.99218992 44.62318806 72.63 0 7
1 33.7852217 43.34124451 50.83901514 72.63 0 7
1 33.77982782 43.35656895 46.754692 72.63 0 7
1 35.91133176 42.12369386 43.39031297 72.63 0 7
1 39.9956549 42.11829998 43.40563741 72.63 0 7
2 35.97371278 39.9298089 46.81707302 69.723 0 3
2 37.95244658 40.64275636 43.39641544 69.723 0 2
2 32.5530552 37.9510751 46.10412556 69.723 0 2
2 35.26076532 43.35046648 48.79580682 69.723 0 2
2 34.61521812 37.93930172 50.1050145 69.723 0 4
2 41.29203198 37.96345785 50.14700947 69.723 0 4
2 39.30364923 34.6114897 48.78342407 69.723 0 4
2 39.26165426 41.28830356 48.8075802 69.723 0 4
2 37.94006383 36.59987245 52.13539222 69.723 0 4
2 37.96421996 36.64186742 45.45857836 69.723 0 4
2 32.56113876 35.85032668 52.88813504 69.723 0 4
2 43.38474435 40.02283966 52.93351787 69.723 0 4
2 42.09015763 32.51877733 46.72404226 69.723 0 4
2 42.0447748 43.34238292 50.89655524 69.723 0 4
2 35.88068202 33.81336405 54.22810459 69.723 0 4
2 40.053195 33.85874688 43.404499 69.723 0 4
0 37.97105509 37.93246659 59.65777557 137.327 0 0
0 43.37530973 32.52821195 65.06203021 137.327 0 0
0 32.54275207 40.63919527 59.67454484 137.327 0 1
0 43.31655503 35.24953554 59.73473259 137.327 0 1
0 38.04801211 32.58696665 62.34070662 137.327 0 1
0 37.98782436 43.36076961 56.95104689 137.327 0 1
0 40.65398614 37.85550957 65.00327551 137.327 0 1
0 35.26432641 37.91569732 54.22947255 137.327 0 1
1 35.98022808 39.96990433 61.62501534 72.63 0 6
1 39.93829486 39.9232936 57.62033783 72.63 0 6
1 35.93361735 35.96522682 57.66694856 72.63 0 6
1 39.96883696 35.93468472 61.65555744 72.63 0 6
1 41.38384837 34.51967331 63.07056885 72.63 0 6
1 34.52238445 34.50125807 56.24972026 72.63 0 6
1 41.40226361 41.3405219 56.20910493 72.63 0 6
1 34.56299978 41.38113723 63.08898409 72.63 0 6
1 39.99706536 35.98879765 57.63422464 72.63 0 6
1 35.94750416 35.90645632 61.60144451 72.63 0 6
1 39.91472403 39.95601752 61.68378584 72.63 0 6
1 34.54046809 41.36305359 56.22718857 72.63 0 6
1 41.35236954 41.34257333 63.12152818 72.63 0 6
1 34.56094835 34.46871398 63.03909002 72.63 0 6
1 41.4348077 34.55115214 56.24766883 72.63 0 6
1 37.94492498 35.22187874 54.24417452 72.63 0 5
1 32.55745404 37.9585967 62.36836342 72.63 0 5
1 40.68164294 43.34606764 59.63164546 72.63 0 5
1 41.34341024 37.97023243 58.40210021 72.63 0 7
1 34.58590351 37.95388269 58.41731714 72.63 0 7
1 36.71537973 34.56011144 59.62000973 72.63 0 7
1 36.73059666 41.31761817 59.63635947 72.63 0 7
1 37.94963899 39.17292502 56.27262399 72.63 0 7
1 37.93328925 39.18814195 63.03013072 72.63 0 7
1 32.56458827 35.90555568 55.47425328 72.63 0 7
1 32.54926383 39.98987882 55.4688594 72.63 0 7
1 33.7875328 43.33893341 61.68468648 72.63 0 7
1 33.78213892 43.35425785 57.60036334 72.63 0 7
1 35.91364286 42.12138276 54.23598431 72.63 0 7
1 39.997966 42.11598888 54.25130875 72.63 0 7
2 35.97602388 39.9274978 57.66274436 69.723 0 3
2 37.95475768 40.64044526 54.24208678 69.723 0 2
2 32.5553663 37.948764 56.9497969 69.723 0 2
2 35.26307642 43.34815538 59.64147816 69.723 0 2
2 34.61752922 37.93699062 60.95068584 69.723 0 4
2 41.29434308 37.96114675 60.99268081 69.723 0 4
2 39.30596033 34.6091786 59.62909541 69.723 0 4
2 39.26396536 41.28599246 59.65325154 69.723 0 4
2 37.94237493 36.59756135 62.98106356 69.723 0 4
2 37.96653106 36.63955632 56.3042497 69.723 0 4
2 32.56344986 35.84801558 63.73380638 69.723 0 4
2 43.38705545 40.02052856 63.77918921 69.723 0 4
2 42.09246873 32.51646623 57.5697136 69.723 0 4
2 42.0470859 43.34007182 61.74222658 69.723 0 4
2 35.88299312 33.81105295 65.07377593 69.723 0 4
2 40.0555061 33.85643578 54.25017034 69.723 0 4
0 37.95718849 48.78969343 5.42710777 137.327 0 0
0 43.36144313 43.38543879 10.83136241 137.327 0 0
0 32.52888547 51.49642211 5.44387704 137.327 0 1
0 43.30268843 46.10676238 5.50406479 137.327 0 1
0 38.03414551 43.44419349 8.11003882 137.327 0 1
0 37.97395776 54.21799645 2.72037909 137.327 0 1
0 40.64011954 48.71273641 10.77260771 137.327 0 1
0 35.25045981 48.77292416 -0.00119525 137.327 0 1
1 35.96636148 50.82713117 7.39434754 72.63 0 6
1 39.92442826 50.78052044 3.38967003 72.63 0 6
1 35.91975075 46.82245366 3.43628076 72.63 0 6
1 39.95497036 46.79191156 7.42488964 72.63 0 6
1 41.36998177 45.37690015 8.83990105 72.63 0 6
1 34.50851785 45.35848491 2.01905246 72.63 0 6
1 41.38839701 52.19774874 1.97843713 72.63 0 6
1 34.54913318 52.23836407 8.85831629 72.63 0 6
1 39.98319876 46.84602449 3.40355684 72.63 0 6
1 35.93363756 46.76368316 7.37077671 72.63 0 6
1 39.90085743 50.81324436 7.45311804 72.63 0 6
1 34.52660149 52.22028043 1.99652077 72.63 0 6
1 41.33850294 52.19980017 8.89086038 72.63 0 6
1 34.54708175 45.32594082 8.80842222 72.63 0 6
1 41.4209411 45.40837898 2.01700103 72.63 0 6
1 37.93105838 46.07910558 0.01350672 72.63 0 5
1 32.54358744 48.81582354 8.13769562 72.63 0 5
1 40.66777634 54.20329448 5.40097766 72.63 0 5
1 41.32954364 48.82745927 4.17143241 72.63 0 7
1 34.57203691 48.81110953 4.18664934 72.63 0 7
1 36.70151313 45.41733828 5.38934193 72.63 0 7
1 36.71673006 52.17484501 5.40569167 72.63 0 7
1 37.93577239 50.03015186 2.04195619 72.63 0 7
1 37.91942265 50.04536879 8.79946292 72.63 0 7
1 32.55072167 46.76278252 1.24358548 72.63 0 7
1 32.53539723 50.84710566 1.2381916 72.63 0 7
1 33.7736662 54.19616025 7.45401868 72.63 0 7
1 33.76827232 54.21148469 3.36969554 72.63 0 7
1 35.89977626 52.9786096 0.00531651 72.63 0 7
1 39.9840994 52.97321572 0.02064095 72.63 0 7
2 35.96215728 50.78472464 3.43207656 69.723 0 3
2 37.94089108 51.4976721 0.01141898 69.723 0 2
2 32.5414997 48.80599084 2.7191291 69.723 0 2
2 35.24920982 54.20538222 5.41081036 69.723 0 2
2 34.60366262 48.79421746 6.72001804 69.723 0 4
2 41.28047648 48.81837359 6.76201301 69.723 0 4
2 39.29209373 45.46640544 5.39842761 69.723 0 4
2 39.25009876 52.1432193 5.42258374 69.723 0 4
2 37.92850833 47.45478819 8.75039576 69.723 0 4
2 37.95266446 47.49678316 2.0735819 69.723 0 4
2 32.54958326 46.70524242 9.50313858 69.723 0 4
2 43.37318885 50.8777554 9.54852141 69.723 0 4
2 42.07860213 43.37369307 3.3390458 69.723 0 4
2 42.0332193 54.19729866 7.51155878 69.723 0 4
2 35.86912652 44.66827979 10.84310813 69.723 0 4
2 40.0416395 44.71366262 0.01950254 69.723 0 4
0 37.95949959 48.78738233 16.27277911 137.327 0 0
0 43.36375423 43.38312769 21.67703375 137.327 0 0
0 32.53119657 51.49411101 16.28954838 137.327 0 1
0 43.30499953 46.10445128 16.34973613 137.327 0 1
0 38.03645661 43.44188239 18.95571016 137.327 0 1
0 37.97626886 54.21568535 13.56605043 137.327 0 1
0 40.64243064 48.71042531 21.61827905 137.327 0 1
0 35.25277091 48.77061306 10.84447609 137.327 0 1
1 35.96867258 50.82482007 18.24001888 72.63 0 6
1 39.92673936 50.77820934 14.23534137 72.63 0 6
1 35.92206185 46.82014256 14.2819521 72.63 0 6
1 39.95728146 46.78960046 18.27056098 72.63 0 6
1 41.37229287 45.37458905 19.68557239 72.63 0 6
1 34.51082895 45.35617381 12.8647238 72.63 0 6
1 41.39070811 52.19543764 12.82410847 72.63 0 6
1 34.55144428 52.23605297 19.70398763 72.63 0 6
1 39.98550986 46.84371339 14.24922818 72.63 0 6
1 35.93594866 46.76137206 18.21644805 72.63 0 6
1 39.90316853 50.81093326 18.29878938 72.63 0 6
1 34.52891259 52.21796933 12.84219211 72.63 0 6
1 41.34081404 52.19748907 19.73653172 72.63 0 6
1 34.54939285 45.32362972 19.65409356 72.63 0 6
1 41.4232522 45.40606788 12.86267237 72.63 0 6
1 37.93336948 46.07679448 10.85917806 72.63 0 5
1 32.54589854 48.81351244 18.98336696 72.63 0 5
1 40.67008744 54.20098338 16.246649 72.63 0 5
1 41.33185474 48.82514817 15.01710375 72.63 0 7
1 34.57434801 48.80879843 15.03232068 72.63 0 7
1 36.70382423 45.41502718 16.23501327 72.63 0 7
1 36.71904116 52.17253391 16.25136301 72.63 0 7
1 37.93808349 50.02784076 12.88762753 72.63 0 7
1 37.92173375 50.04305769 19.64513426 72.63 0 7
1 32.55303277 46.76047142 12.08925682 72.63 0 7
1 32.53770833 50.84479456 12.08386294 72.63 0 7
1 33.7759773 54.19384915 18.29969002 72.63 0 7
1 33.77058342 54.20917359 14.21536688 72.63 0 7
1 35.90208736 52.9762985 10.85098785 72.63 0 7
1 39.9864105 52.97090462 10.86631229 72.63 0 7
2 35.96446838 50.78241354 14.2777479 69.723 0 3
2 37.94320218 51.495361 10.85709032 69.723 0 2
2 32.5438108 48.80367974 13.56480044 69.723 0 2
2 35.25152092 54.20307112 16.2564817 69.723 0 2
2 34.60597372 48.79190636 17.56568938 69.723 0 4
2 41.28278758 48.81606249 17.60768435 69.723 0 4
2 39.29440483 45.46409434 16.24409895 69.723 0 4
2 39.25240986 52.1409082 16.26825508 69.723 0 4
2 37.93081943 47.45247709 19.5960671 69.723 0 4
2 37.95497556 47.49447206 12.91925324 69.723 0 4
2 32.55189436 46.70293132 20.34880992 69.723 0 4
2 43.37549995 50.8754443 20.39419275 69.723 0 4
2 42.08091323 43.37138197 14.18471714 69.723 0 4
2 42.0355304 54.19498756 18.35723012 69.723 0 4
2 35.87143762 44.66596869 21.68877947 69.723 0 4
2 40.0439506 44.71135152 10.86517388 69.723 0 4
0 37.96181069 48.78507123 27.11845045 137.327 0 0
0 43.36606533 43.38081659 32.52270509 137.327 0 0
0 32.53350767 51.49179991 27.13521972 137.327 0 1
0 43.30731063 46.10214018 27.19540747 137.327 0 1
0 38.03876771 43.43957129 29.8013815 137.327 0 1
0 37.97857996 54.21337425 24.41172177 137.327 0 1
0 40.64474174 48.70811421 32.46395039 137.327 0 1
0 35.25508201 48.76830196 21.69014743 137.327 0 1
1 35.97098368 50.82250897 29.08569022 72.63 0 6
1 39.92905046 50.77589824 25.08101271 72.63 0 6
1 35.92437295 46.81783146 25.12762344 72.63 0 6
1 39.95959256 46.78728936 29.11623232 72.63 0 6
1 41.37460397 45.37227795 30.53124373 72.63 0 6
1 34.51314005 45.35386271 23.71039514 72.63 0 6
1 41.39301921 52.19312654 23.66977981 72.63 0 6
1 34.55375538 52.23374187 30.54965897 72.63 0 6
1 39.98782096 46.84140229 25.09489952 72.63 0 6
1 35.93825976 46.75906096 29.06211939 72.63 0 6
1 39.90547963 50.80862216 29.14446072 72.63 0 6
1 34.53122369 52.21565823 23.68786345 72.63 0 6
1 41.34312514 52.19517797 30.58220306 72.63 0 6
1 34.55170395 45.32131862 30.4997649 72.63 0 6
1 41.4255633 45.40375678 23.70834371 72.63 0 6
1 37.93568058 46.07448338 21.7048494 72.63 0 5
1 32.54820964 48.81120134 29.8290383 72.63 0 5
1 40.67239854 54.19867228 27.09232034 72.63 0 5
1 41.33416584 48.82283707 25.86277509 72.63 0 7
1 34.57665911 48.80648733 25.87799202 72.63 0 7
1 36.70613533 45.41271608 27.08068461 72.63 0 7
1 36.72135226 52.17022281 27.09703435 72.63 0 7
1 37.94039459 50.02552966 23.73329887 72.63 0 7
1 37.92404485 50.04074659 30.4908056 72.63 0 7
1 32.55534387 46.75816032 22.93492816 72.63 0 7
1 32.54001943 50.84248346 22.92953428 72.63 0 7
1 33.7782884 54.19153805 29.14536136 72.63 0 7
1 33.77289452 54.20686249 25.06103822 72.63 0 7
1 35.90439846 52.9739874 21.69665919 72.63 0 7
1 39.9887216 52.96859352 21.71198363 72.63 0 7
2 35.96677948 50.78010244 25.12341924 69.723 0 3
2 37.94551328 51.4930499 21.70276166 69.723 0 2
2 32.5461219 48.80136864 24.41047178 69.723 0 2
2 35.25383202 54.20076002 27.10215304 69.723 0 2
2 34.60828482 48.78959526 28.41136072 69.723 0 4
2 41.28509868 48.81375139 28.45335569 69.723 0 4
2 39.29671593 45.46178324 27.08977029 69.723 0 4
2 39.25472096 52.1385971 27.11392642 69.723 0 4
2 37.93313053 47.45016599 30.44173844 69.723 0 4
2 37.95728666 47.49216096 23.76492458 69.723 0 4
2 32.55420546 46.70062022 31.19448126 69.723 0 4
2 43.37781105 50.8731332 31.23986409 69.723 0 4
2 42.08322433 43.36907087 25.03038848 69.723 0 4
2 42.0378415 54.19267646 29.20290146 69.723 0 4
2 35.87374872 44.66365759 32.53445081 69.723 0 4
2 40.0462617 44.70904042 21.71084522 69.723 0 4
0 37.96412179 48.78276013 37.96412179 137.327 0 0
0 43.36837643 43.37850549 43.36837643 137.327 0 0
0 32.53581877 51.48948881 37.98089106 137.327 0 1
0 43.30962173 46.09982908 38.04107881 137.327 0 1
0 38.04107881 43.43726019 40.64705284 137.327 0 1
0 37.98089106 54.21106315 35.25739311 137.327 0 1
0 40.64705284 48.70580311 43.30962173 137.327 0 1
0 35.25739311 48.76599086 32.53581877 137.327 0 1
1 35.97329478 50.82019787 39.93136156 72.63 0 6
1 39.93136156 50.77358714 35.92668405 72.63 0 6
1 35.92668405 46.81552036 35.97329478 72.63 0 6
1 39.96190366 46.78497826 39.96190366 72.63 0 6
1 41.37691507 45.36996685 41.37691507 72.63 0 6
1 34.51545115 45.35155161 34.55606648 72.63 0 6
1 41.39533031 52.19081544 34.51545115 72.63 0 6
1 34.55606648 52.23143077 41.39533031 72.63 0 6
1 39.99013206 46.83909119 35.94057086 72.63 0 6
1 35.94057086 46.75674986 39.90779073 72.63 0 6
1 39.90779073 50.80631106 39.99013206 72.63 0 6
1 34.53353479 52.21334713 34.53353479 72.63 0 6
1 41.34543624 52.19286687 41.4278744 72.63 0 6
1 34.55401505 45.31900752 41.34543624 72.63 0 6
1 41.4278744 45.40144568 34.55401505 72.63 0 6
1 37.93799168 46.07217228 32.55052074 72.63 0 5
1 32.55052074 48.80889024 40.67470964 72.63 0 5
1 40.67470964 54.19636118 37.93799168 72.63 0 5
1 41.33647694 48.82052597 36.70844643 72.63 0 7
1 34.57897021 48.80417623 36.72366336 72.63 0 7
1 36.70844643 45.41040498 37.92635595 72.63 0 7
1 36.72366336 52.16791171 37.94270569 72.63 0 7
1 37.94270569 50.02321856 34.57897021 72.63 0 7
1 37.92635595 50.03843549 41.33647694 72.63 0 7
1 32.55765497 46.75584922 33.7805995 72.63 0 7
1 32.54233053 50.84017236 33.77520562 72.63 0 7
1 33.7805995 54.18922695 39.9910327 72.63 0 7
1 33.77520562 54.20455139 35.90670956 72.63 0 7
1 35.90670956 52.9716763 32.54233053 72.63 0 7
1 39.9910327 52.96628242 32.55765497 72.63 0 7
2 35.96909058 50.77779134 35.96909058 69.723 0 3
2 37.94782438 51.4907388 32.548433 69.723 0 2
2 32.548433 48.79905754 35.25614312 69.723 0 2
2 35.25614312 54.19844892 37.94782438 69.723 0 2
2 34.61059592 48.78728416 39.25703206 69.723 0 4
2 41.28740978 48.81144029 39.29902703 69.723 0 4
2 39.29902703 45.45947214 37.93544163 69.723 0 4
2 39.25703206 52.136286 37.95959776 69.723 0 4
2 37.93544163 47.44785489 41.28740978 69.723 0 4
2 37.95959776 47.48984986 34.61059592 69.723 0 4
2 32.55651656 46.69830912 42.0401526 69.723 0 4
2 43.38012215 50.8708221 42.08553543 69.723 0 4
2 42.08553543 43.36675977 35.87605982 69.723 0 4
2 42.0401526 54.19036536 40.0485728 69.723 0 4
2 35.87605982 44.66134649 43.38012215 69.723 0 4
2 40.0485728 44.70672932 32.55651656 69.723 0 4
0 37.96643289 48.78044903 48.80979313 137.327 0 0
0 43.37068753 43.37619439 54.21404777 137.327 0 0
0 32.53812987 51.48717771 48.8265624 137.327 0 1
0 43.31193283 46.09751798 48.88675015 137.327 0 1
0 38.04338991 43.43494909 51.49272418 137.327 0 1
0 37.98320216 54.20875205 46.10306445 137.327 0 1
0 40.64936394 48.70349201 54.15529307 137.327 0 1
0 35.25970421 48.76367976 43.38149011 137.327 0 1
1 35.97560588 50.81788677 50.7770329 72.63 0 6
1 39.93367266 50.77127604 46.77235539 72.63 0 6
1 35.92899515 46.81320926 46.81896612 72.63 0 6
1 39.96421476 46.78266716 50.807575 72.63 0 6
1 41.37922617 45.36765575 52.22258641 72.63 0 6
1 34.51776225 45.34924051 45.40173782 72.63 0 6
1 41.39764141 52.18850434 45.36112249 72.63 0 6
1 34.55837758 52.22911967 52.24100165 72.63 0 6
1 39.99244316 46.83678009 46.7862422 72.63 0 6
1 35.94288196 46.75443876 50.75346207 72.63 0 6
1 39.91010183 50.80399996 50.8358034 72.63 0 6
1 34.53584589 52.21103603 45.37920613 72.63 0 6
1 41.34774734 52.19055577 52.27354574 72.63 0 6
1 34.55632615 45.31669642 52.19110758 72.63 0 6
1 41.4301855 45.39913458 45.39968639 72.63 0 6
1 37.94030278 46.06986118 43.39619208 72.63 0 5
1 32.55283184 48.80657914 51.52038098 72.63 0 5
1 40.67702074 54.19405008 48.78366302 72.63 0 5
1 41.33878804 48.81821487 47.55411777 72.63 0 7
1 34.58128131 48.80186513 47.5693347 72.63 0 7
1 36.71075753 45.40809388 48.77202729 72.63 0 7
1 36.72597446 52.16560061 48.78837703 72.63 0 7
1 37.94501679 50.02090746 45.42464155 72.63 0 7
1 37.92866705 50.03612439 52.18214828 72.63 0 7
1 32.55996607 46.75353812 44.62627084 72.63 0 7
1 32.54464163 50.83786126 44.62087696 72.63 0 7
1 33.7829106 54.18691585 50.83670404 72.63 0 7
1 33.77751672 54.20224029 46.7523809 72.63 0 7
1 35.90902066 52.9693652 43.38800187 72.63 0 7
1 39.9933438 52.96397132 43.40332631 72.63 0 7
2 35.97140168 50.77548024 46.81476192 69.723 0 3
2 37.95013548 51.4884277 43.39410434 69.723 0 2
2 32.5507441 48.79674644 46.10181446 69.723 0 2
2 35.25845422 54.19613782 48.79349572 69.723 0 2
2 34.61290702 48.78497306 50.1027034 69.723 0 4
2 41.28972088 48.80912919 50.14469837 69.723 0 4
2 39.30133813 45.45716104 48.78111297 69.723 0 4
2 39.25934316 52.1339749 48.8052691 69.723 0 4
2 37.93775273 47.44554379 52.13308112 69.723 0 4
2 37.96190886 47.48753876 45.45626726 69.723 0 4
2 32.55882766 46.69599802 52.88582394 69.723 0 4
2 43.38243325 50.868511 52.93120677 69.723 0 4
2 42.08784653 43.36444867 46.72173116 69.723 0 4
2 42.0424637 54.18805426 50.89424414 69.723 0 4
2 35.87837092 44.65903539 54.22579349 69.723 0 4
2 40.0508839 44.70441822 43.4021879 69.723 0 4
0 37.96874399 48.77813793 59.65546447 137.327 0 0
0 43.37299863 43.37388329 65.05971911 137.327 0 0
0 32.54044097 51.48486661 59.67223374 137.327 0 1
0 43.31424393 46.09520688 59.73242149 137.327 0 1
0 38.04570101 43.43263799 62.33839552 137.327 0 1
0 37.98551326 54.20644095 56.94873579 137.327 0 1
0 40.65167504 48.70118091 65.00096441 137.327 0 1
0 35.26201531 48.76136866 54.22716145 137.327 0 1
1 35.97791698 50.81557567 61.62270424 72.63 0 6
1 39.93598376 50.76896494 57.61802673 72.63 0 6
1 35.93130625 46.81089816 57.66463746 72.63 0 6
1 39.96652586 46.78035606 61.65324634 72.63 0 6
1 41.38153727 45.36534465 63.06825775 72.63 0 6
1 34.52007335 45.34692941 56.24740916 72.63 0 6
1 41.39995251 52.18619324 56.20679383 72.63 0 6
1 34.56068868 52.22680857 63.08667299 72.63 0 6
1 39.99475426 46.83446899 57.63191354 72.63 0 6
1 35.94519306 46.75212766 61.59913341 72.63 0 6
1 39.91241293 50.80168886 61.68147474 72.63 0 6
1 34.53815699 52.20872493 56.22487747 72.63 0 6
1 41.35005844 52.18824467 63.11921708 72.63 0 6
1 34.55863725 45.31438532 63.03677892 72.63 0 6
1 41.4324966 45.39682348 56.24535773 72.63 0 6
1 37.94261388 46.06755008 54.24186342 72.63 0 5
1 32.55514294 48.80426804 62.36605232 72.63 0 5
1 40.67933184 54.19173898 59.62933436 72.63 0 5
1 41.34109914 48.81590377 58.39978911 72.63 0 7
1 34.58359241 48.79955403 58.41500604 72.63 0 7
1 36.71306863 45.40578278 59.61769863 72.63 0 7
1 36.72828556 52.16328951 59.63404837 72.63 0 7
1 37.94732789 50.01859636 56.27031289 72.63 0 7
1 37.93097815 50.03381329 63.02781962 72.63 0 7
1 32.56227717 46.75122702 55.47194218 72.63 0 7
1 32.54695273 50.83555016 55.4665483 72.63 0 7
1 33.7852217 54.18460475 61.68237538 72.63 0 7
1 33.77982782 54.19992919 57.59805224 72.63 0 7
1 35.91133176 52.9670541 54.23367321 72.63 0 7
1 39.9956549 52.96166022 54.24899765 72.63 0 7
2 35.97371278 50.77316914 57.66043326 69.723 0 3
2 37.95244658 51.4861166 54.23977568 69.723 0 2
2 32.5530552 48.79443534 56.9474858 69.723 0 2
2 35.26076532 54.19382672 59.63916706 69.723 0 2
2 34.61521812 48.78266196 60.94837474 69.723 0 4
2 41.29203198 48.80681809 60.99036971 69.723 0 4
2 39.30364923 45.45484994 59.62678431 69.723 0 4
2 39.26165426 52.1316638 59.65094044 69.723 0 4
2 37.94006383 47.44323269 62.97875246 69.723 0 4
2 37.96421996 47.48522766 56.3019386 69.723 0 4
2 32.56113876 46.69368692 63.73149528 69.723 0 4
2 43.38474435 50.8661999 63.77687811 69.723 0 4
2 42.09015763 43.36213757 57.5674025 69.723 0 4
2 42.0447748 54.18574316 61.73991548 69.723 0 4
2 35.88068202 44.65672429 65.07146483 69.723 0 4
2 40.053195 44.70210712 54.24785924 69.723 0 4
0 37.95487739 59.63536477 5.42479667 137.327 0 0
0 43.35913203 54.23111013 10.82905131 137.327 0 0
0 32.52657437 62.34209345 5.44156594 137.327 0 1
0 43.30037733 56.95243372 5.50175369 137.327 0 1
0 38.03183441 54.28986483 8.10772772 137.327 0 1
0 37.97164666 65.06366779 2.71806799 137.327 0 1
0 40.63780844 59.55840775 10.77029661 137.327 0 1
0 35.24814871 59.6185955 -0.00350635 137.327 0 1
1 35.96405038 61.67280251 7.39203644 72.63 0 6
1 39.92211716 61.62619178 3.38735893 72.63 0 6
1 35.91743965 57.668125 3.43396966 72.63 0 6
1 39.95265926 57.6375829 7.42257854 72.63 0 6
1 41.36767067 56.22257149 8.83758995 72.63 0 6
1 34.50620675 56.20415625 2.01674136 72.63 0 6
1 41.38608591 63.04342008 1.97612603 72.63 0 6
1 34.54682208 63.08403541 8.85600519 72.63 0 6
1 39.98088766 57.69169583 3.40124574 72.63 0 6
1 35.93132646 57.6093545 7.36846561 72.63 0 6
1 39.89854633 61.6589157 7.45080694 72.63 0 6
1 34.52429039 63.06595177 1.99420967 72.63 0 6
1 41.33619184 63.04547151 8.88854928 72.63 0 6
1 34.54477065 56.17161216 8.80611112 72.63 0 6
1 41.41863 56.25405032 2.01468993 72.63 0 6
1 37.92874728 56.92477692 0.01119562 72.63 0 5
1 32.54127634 59.66149488 8.13538452 72.63 0 5
1 40.66546524 65.04896582 5.39866656 72.63 0 5
1 41.32723254 59.67313061 4.16912131 72.63 0 7
1 34.56972581 59.65678087 4.18433824 72.63 0 7
1 36.69920203 56.26300962 5.38703083 72.63 0 7
1 36.71441896 63.02051635 5.40338057 72.63 0 7
1 37.93346129 60.8758232 2.03964509 72.63 0 7
1 37.91711155 60.89104013 8.79715182 72.63 0 7
1 32.54841057 57.60845386 1.24127438 72.63 0 7
1 32.53308613 61.692777 1.2358805 72.63 0 7
1 33.7713551 65.04183159 7.45170758 72.63 0 7
1 33.76596122 65.05715603 3.36738444 72.63 0 7
1 35.89746516 63.82428094 0.00300541 72.63 0 7
1 39.9817883 63.81888706 0.01832985 72.63 0 7
2 35.95984618 61.63039598 3.42976546 69.723 0 3
2 37.93857998 62.34334344 0.00910788 69.723 0 2
2 32.5391886 59.65166218 2.716818 69.723 0 2
2 35.24689872 65.05105356 5.40849926 69.723 0 2
2 34.60135152 59.6398888 6.71770694 69.723 0 4
2 41.27816538 59.66404493 6.75970191 69.723 0 4
2 39.28978263 56.31207678 5.39611651 69.723 0 4
2 39.24778766 62.98889064 5.42027264 69.723 0 4
2 37.92619723 58.30045953 8.74808466 69.723 0 4
2 37.95035336 58.3424545 2.0712708 69.723 0 4
2 32.54727216 57.55091376 9.50082748 69.723 0 4
2 43.37087775 61.72342674 9.54621031 69.723 0 4
2 42.07629103 54.21936441 3.3367347 69.723 0 4
2 42.0309082 65.04297 7.50924768 69.723 0 4
2 35.86681542 55.51395113 10.84079703 69.723 0 4
2 40.0393284 55.55933396 0.01719144 69.723 0 4
0 37.95718849 59.63305367 16.27046801 137.327 0 0
0 43.36144313 54.22879903 21.67472265 137.327 0 0
0 32.52888547 62.33978235 16.28723728 137.327 0 1
0 43.30268843 56.95012262 16.34742503 137.327 0 1
0 38.03414551 54.28755373 18.95339906 137.327 0 1
0 37.97395776 65.06135669 13.56373933 137.327 0 1
0 40.64011954 59.55609665 21.61596795 137.327 0 1
0 35.25045981 59.6162844 10.84216499 137.327 0 1
1 35.96636148 61.67049141 18.23770778 72.63 0 6
1 39.92442826 61.62388068 14.23303027 72.63 0 6
1 35.91975075 57.6658139 14.279641 72.63 0 6
1 39.95497036 57.6352718 18.26824988 72.63 0 6
1 41.36998177 56.22026039 19.68326129 72.63 0 6
1 34.50851785 56.20184515 12.8624127 72.63 0 6
1 41.38839701 63.04110898 12.82179737 72.63 0 6
1 34.54913318 63.08172431 19.70167653 72.63 0 6
1 39.98319876 57.68938473 14.24691708 72.63 0 6
1 35.93363756 57.6070434 18.21413695 72.63 0 6
1 39.90085743 61.6566046 18.29647828 72.63 0 6
1 34.52660149 63.06364067 12.83988101 72.63 0 6
1 41.33850294 63.04316041 19.73422062 72.63 0 6
1 34.54708175 56.16930106 19.65178246 72.63 0 6
1 41.4209411 56.25173922 12.86036127 72.63 0 6
1 37.93105838 56.92246582 10.85686696 72.63 0 5
1 32.54358744 59.65918378 18.98105586 72.63 0 5
1 40.66777634 65.04665472 16.2443379 72.63 0 5
1 41.32954364 59.67081951 15.01479265 72.63 0 7
1 34.57203691 59.65446977 15.03000958 72.63 0 7
1 36.70151313 56.26069852 16.23270217 72.63 0 7
1 36.71673006 63.01820525 16.24905191 72.63 0 7
1 37.93577239 60.8735121 12.88531643 72.63 0 7
1 37.91942265 60.88872903 19.64282316 72.63 0 7
1 32.55072167 57.60614276 12.08694572 72.63 0 7
1 32.53539723 61.6904659 12.08155184 72.63 0 7
1 33.7736662 65.03952049 18.29737892 72.63 0 7
1 33.76827232 65.05484493 14.21305578 72.63 0 7
1 35.89977626 63.82196984 10.84867675 72.63 0 7
1 39.9840994 63.81657596 10.86400119 72.63 0 7
2 35.96215728 61.62808488 14.2754368 69.723 0 3
2 37.94089108 62.34103234 10.85477922 69.723 0 2
2 32.5414997 59.64935108 13.56248934 69.723 0 2
2 35.24920982 65.04874246 16.2541706 69.723 0 2
2 34.60366262 59.6375777 17.56337828 69.723 0 4
2 41.28047648 59.66173383 17.60537325 69.723 0 4
2 39.29209373 56.30976568 16.24178785 69.723 0 4
2 39.25009876 62.98657954 16.26594398 69.723 0 4
2 37.92850833 58.29814843 19.593756 69.723 0 4
2 37.95266446 58.3401434 12.91694214 69.723 0 4
2 32.54958326 57.54860266 20.34649882 69.723 0 4
2 43.37318885 61.72111564 20.39188165 69.723 0 4
2 42.07860213 54.21705331 14.18240604 69.723 0 4
2 42.0332193 65.0406589 18.35491902 69.723 0 4
2 35.86912652 55.51164003 21.68646837 69.723 0 4
2 40.0416395 55.55702286 10.86286278 69.723 0 4
0 37.95949959 59.63074257 27.11613935 137.327 0 0
0 43.36375423 54.22648793 32.52039399 137.327 0 0
0 32.53119657 62.33747125 27.13290862 137.327 0 1
0 43.30499953 56.94781152 27.19309637 137.327 0 1
0 38.03645661 54.28524263 29.7990704 137.327 0 1
0 37.97626886 65.05904559 24.40941067 137.327 0 1
0 40.64243064 59.55378555 32.46163929 137.327 0 1
0 35.25277091 59.6139733 21.68783633 137.327 0 1
1 35.96867258 61.66818031 29.08337912 72.63 0 6
1 39.92673936 61.62156958 25.07870161 72.63 0 6
1 35.92206185 57.6635028 25.12531234 72.63 0 6
1 39.95728146 57.6329607 29.11392122 72.63 0 6
1 41.37229287 56.21794929 30.52893263 72.63 0 6
1 34.51082895 56.19953405 23.70808404 72.63 0 6
1 41.39070811 63.03879788 23.66746871 72.63 0 6
1 34.55144428 63.07941321 30.54734787 72.63 0 6
1 39.98550986 57.68707363 25.09258842 72.63 0 6
1 35.93594866 57.6047323 29.05980829 72.63 0 6
1 39.90316853 61.6542935 29.14214962 72.63 0 6
1 34.52891259 63.06132957 23.68555235 72.63 0 6
1 41.34081404 63.04084931 30.57989196 72.63 0 6
1 34.54939285 56.16698996 30.4974538 72.63 0 6
1 41.4232522 56.24942812 23.70603261 72.63 0 6
1 37.93336948 56.92015472 21.7025383 72.63 0 5
1 32.54589854 59.65687268 29.8267272 72.63 0 5
1 40.67008744 65.04434362 27.09000924 72.63 0 5
1 41.33185474 59.66850841 25.86046399 72.63 0 7
1 34.57434801 59.65215867 25.87568092 72.63 0 7
1 36.70382423 56.25838742 27.07837351 72.63 0 7
1 36.71904116 63.01589415 27.09472325 72.63 0 7
1 37.93808349 60.871201 23.73098777 72.63 0 7
1 37.92173375 60.88641793 30.4884945 72.63 0 7
1 32.55303277 57.60383166 22.93261706 72.63 0 7
1 32.53770833 61.6881548 22.92722318 72.63 0 7
1 33.7759773 65.03720939 29.14305026 72.63 0 7
1 33.77058342 65.05253383 25.05872712 72.63 0 7
1 35.90208736 63.81965874 21.69434809 72.63 0 7
1 39.9864105 63.81426486 21.70967253 72.63 0 7
2 35.96446838 61.62577378 25.12110814 69.723 0 3
2 37.94320218 62.33872124 21.70045056 69.723 0 2
2 32.5438108 59.64703998 24.40816068 69.723 0 2
2 35.25152092 65.04643136 27.09984194 69.723 0 2
2 34.60597372 59.6352666 28.40904962 69.723 0 4
2 41.28278758 59.65942273 28.45104459 69.723 0 4
2 39.29440483 56.30745458 27.08745919 69.723 0 4
2 39.25240986 62.98426844 27.11161532 69.723 0 4
2 37.93081943 58.29583733 30.43942734 69.723 0 4
2 37.95497556 58.3378323 23.76261348 69.723 0 4
2 32.55189436 57.54629156 31.19217016 69.723 0 4
2 43.37549995 61.71880454 31.23755299 69.723 0 4
2 42.08091323 54.21474221 25.02807738 69.723 0 4
2 42.0355304 65.0383478 29.20059036 69.723 0 4
2 35.87143762 55.50932893 32.53213971 69.723 0 4
2 40.0439506 55.55471176 21.70853412 69.723 0 4
0 37.96181069 59.62843147 37.96181069 137.327 0 0
0 43.36606533 54.22417683 43.36606533 137.327 0 0
0 32.53350767 62.33516015 37.97857996 137.327 0 1
0 43.30731063 56.94550042 38.03876771 137.327 0 1
0 38.03876771 54.28293153 40.64474174 137.327 0 1
0 37.97857996 65.05673449 35.25508201 137.327 0 1
0 40.64474174 59.55147445 43.30731063 137.327 0 1
0 35.25508201 59.6116622 32.53350767 137.327 0 1
1 35.97098368 61.66586921 39.92905046 72.63 0 6
1 39.92905046 61.61925848 35.92437295 72.63 0 6
1 35.92437295 57.6611917 35.97098368 72.63 0 6
1 39.95959256 57.6306496 39.95959256 72.63 0 6
1 41.37460397 56.21563819 41.37460397 72.63 0 6
1 34.51314005 56.19722295 34.55375538 72.63 0 6
1 41.39301921 63.03648678 34.51314005 72.63 0 6
1 34.55375538 63.07710211 41.39301921 72.63 0 6
1 39.98782096 57.68476253 35.93825976 72.63 0 6
1 35.93825976 57.6024212 39.90547963 72.63 0 6
1 39.90547963 61.6519824 39.98782096 72.63 0 6
1 34.53122369 63.05901847 34.53122369 72.63 0 6
1 41.34312514 63.03853821 41.4255633 72.63 0 6
1 34.55170395 56.16467886 41.34312514 72.63 0 6
1 41.4255633 56.24711702 34.55170395 72.63 0 6
1 37.93568058 56.91784362 32.54820964 72.63 0 5
1 32.54820964 59.65456158 40.67239854 72.63 0 5
1 40.67239854 65.04203252 37.93568058 72.63 0 5
1 41.33416584 59.66619731 36.70613533 72.63 0 7
1 34.57665911 59.64984757 36.72135226 72.63 0 7
1 36.70613533 56.25607632 37.92404485 72.63 0 7
1 36.72135226 63.01358305 37.94039459 72.63 0 7
1 37.94039459 60.8688899 34.57665911 72.63 0 7
1 37.92404485 60.88410683 41.33416584 72.63 0 7
1 32.55534387 57.60152056 33.7782884 72.63 0 7
1 32.54001943 61.6858437 33.77289452 72.63 0 7
1 33.7782884 65.03489829 39.9887216 72.63 0 7
1 33.77289452 65.05022273 35.90439846 72.63 0 7
1 35.90439846 63.81734764 32.54001943 72.63 0 7
1 39.9887216 63.81195376 32.55534387 72.63 0 7
2 35.96677948 61.62346268 35.96677948 69.723 0 3
2 37.94551328 62.33641014 32.5461219 69.723 0 2
2 32.5461219 59.64472888 35.25383202 69.723 0 2
2 35.25383202 65.04412026 37.94551328 69.723 0 2
2 34.60828482 59.6329555 39.25472096 69.723 0 4
2 41.28509868 59.65711163 39.29671593 69.723 0 4
2 39.29671593 56.30514348 37.93313053 69.723 0 4
2 39.25472096 62.98195734 37.95728666 69.723 0 4
2 37.93313053 58.29352623 41.28509868 69.723 0 4
2 37.95728666 58.3355212 34.60828482 69.723 0 4
2 32.55420546 57.54398046 42.0378415 69.723 0 4
2 43.37781105 61.71649344 42.08322433 69.723 0 4
2 42.08322433 54.21243111 35.87374872 69.723 0 4
2 42.0378415 65.0360367 40.0462617 69.723 0 4
2 35.87374872 55.50701783 43.37781105 69.723 0 4
2 40.0462617 55.55240066 32.55420546 69.723 0 4
0 37.96412179 59.62612037 48.80748203 137.327 0 0
0 43.36837643 54.22186573 54.21173667 137.327 0 0
0 32.53581877 62.33284905 48.8242513 137.327 0 1
0 43.30962173 56.94318932 48.88443905 137.327 0 1
0 38.04107881 54.28062043 51.49041308 137.327 0 1
0 37.98089106 65.05442339 46.10075335 137.327 0 1
0 40.64705284 59.54916335 54.15298197 137.327 0 1
0 35.25739311 59.6093511 43.37917901 137.327 0 1
1 35.97329478 61.66355811 50.7747218 72.63 0 6
1 39.93136156 61.61694738 46.77004429 72.63 0 6
1 35.92668405 57.6588806 46.81665502 72.63 0 6
1 39.96190366 57.6283385 50.8052639 72.63 0 6
1 41.37691507 56.21332709 52.22027531 72.63 0 6
1 34.51545115 56.19491185 45.39942672 72.63 0 6
1 41.39533031 63.03417568 45.35881139 72.63 0 6
1 34.55606648 63.07479101 52.23869055 72.63 0 6
1 39.99013206 57.68245143 46.7839311 72.63 0 6
1 35.94057086 57.6001101 50.75115097 72.63 0 6
1 39.90779073 61.6496713 50.8334923 72.63 0 6
1 34.53353479 63.05670737 45.37689503 72.63 0 6
1 41.34543624 63.03622711 52.27123464 72.63 0 6
1 34.55401505 56.16236776 52.18879648 72.63 0 6
1 41.4278744 56.24480592 45.39737529 72.63 0 6
1 37.93799168 56.91553252 43.39388098 72.63 0 5
1 32.55052074 59.65225048 51.51806988 72.63 0 5
1 40.67470964 65.03972142 48.78135192 72.63 0 5
1 41.33647694 59.66388621 47.55180667 72.63 0 7
1 34.57897021 59.64753647 47.5670236 72.63 0 7
1 36.70844643 56.25376522 48.76971619 72.63 0 7
1 36.72366336 63.01127195 48.78606593 72.63 0 7
1 37.94270569 60.8665788 45.42233045 72.63 0 7
1 37.92635595 60.88179573 52.17983718 72.63 0 7
1 32.55765497 57.59920946 44.62395974 72.63 0 7
1 32.54233053 61.6835326 44.61856586 72.63 0 7
1 33.7805995 65.03258719 50.83439294 72.63 0 7
1 33.77520562 65.04791163 46.7500698 72.63 0 7
1 35.90670956 63.81503654 43.38569077 72.63 0 7
1 39.9910327 63.80964266 43.40101521 72.63 0 7
2 35.96909058 61.62115158 46.81245082 69.723 0 3
2 37.94782438 62.33409904 43.39179324 69.723 0 2
2 32.548433 59.64241778 46.09950336 69.723 0 2
2 35.25614312 65.04180916 48.79118462 69.723 0 2
2 34.61059592 59.6306444 50.1003923 69.723 0 4
2 41.28740978 59.65480053 50.14238727 69.723 0 4
2 39.29902703 56.30283238 48.77880187 69.723 0 4
2 39.25703206 62.97964624 48.802958 69.723 0 4
2 37.93544163 58.29121513 52.13077002 69.723 0 4
2 37.95959776 58.3332101 45.45395616 69.723 0 4
2 32.55651656 57.54166936 52.88351284 69.723 0 4
2 43.38012215 61.71418234 52.92889567 69.723 0 4
2 42.08553543 54.21012001 46.71942006 69.723 0 4
2 42.0401526 65.0337256 50.89193304 69.723 0 4
2 35.87605982 55.50470673 54.22348239 69.723 0 4
2 40.0485728 55.55008956 43.3998768 69.723 0 4
0 37.96643289 59.62380927 59.65315337 137.327 0 0
0 43.37068753 54.21955463 65.05740801 137.327 0 0
0 32.53812987 62.33053795 59.66992264 137.327 0 1
0 43.31193283 56.94087822 59.73011039 137.327 0 1
0 38.04338991 54.27830933 62.33608442 137.327 0 1
0 37.98320216 65.05211229 56.94642469 137.327 0 1
0 40.64936394 59.54685225 64.99865331 137.327 0 1
0 35.25970421 59.60704 54.22485035 137.327 0 1
1 35.97560588 61.66124701 61.62039314 72.63 0 6
1 39.93367266 61.61463628 57.61571563 72.63 0 6
1 35.92899515 57.6565695 57.66232636 72.63 0 6
1 39.96421476 57.6260274 61.65093524 72.63 0 6
1 41.37922617 56.21101599 63.06594665 72.63 0 6
1 34.51776225 56.19260075 56.24509806 72.63 0 6
1 41.39764141 63.03186458 56.20448273 72.63 0 6
1 34.55837758 63.07247991 63.08436189 72.63 0 6
1 39.99244316 57.68014033 57.62960244 72.63 0 6
1 35.94288196 57.597799 61.59682231 72.63 0 6
1 39.91010183 61.6473602 61.67916364 72.63 0 6
1 34.53584589 63.05439627 56.22256637 72.63 0 6
1 41.34774734 63.03391601 63.11690598 72.63 0 6
1 34.55632615 56.16005666 63.03446782 72.63 0 6
1 41.4301855 56.24249482 56.24304663 72.63 0 6
1 37.94030278 56.91322142 54.23955232 72.63 0 5
1 32.55283184 59.64993938 62.36374122 72.63 0 5
1 40.67702074 65.03741032 59.62702326 72.63 0 5
1 41.33878804 59.66157511 58.39747801 72.63 0 7
1 34.58128131 59.64522537 58.41269494 72.63 0 7
1 36.71075753 56.25145412 59.61538753 72.63 0 7
1 36.72597446 63.00896085 59.63173727 72.63 0 7
1 37.94501679 60.8642677 56.26800179 72.63 0 7
1 37.92866705 60.87948463 63.02550852 72.63 0 7
1 32.55996607 57.59689836 55.46963108 72.63 0 7
1 32.54464163 61.6812215 55.4642372 72.63 0 7
1 33.7829106 65.03027609 61.68006428 72.63 0 7
1 33.77751672 65.04560053 57.59574114 72.63 0 7
1 35.90902066 63.81272544 54.23136211 72.63 0 7
1 39.9933438 63.80733156 54.24668655 72.63 0 7
2 35.97140168 61.61884048 57.65812216 69.723 0 3
2 37.95013548 62.33178794 54.23746458 69.723 0 2
2 32.5507441 59.64010668 56.9451747 69.723 0 2
2 35.25845422 65.03949806 59.63685596 69.723 0 2
2 34.61290702 59.6283333 60.94606364 69.723 0 4
2 41.28972088 59.65248943 60.98805861 69.723 0 4
2 39.30133813 56.30052128 59.62447321 69.723 0 4
2 39.25934316 62.97733514 59.64862934 69.723 0 4
2 37.93775273 58.28890403 62.97644136 69.723 0 4
2 37.96190886 58.330899 56.2996275 69.723 0 4
2 32.55882766 57.53935826 63.72918418 69.723 0 4
2 43.38243325 61.71187124 63.77456701 69.723 0 4
2 42.08784653 54.20780891 57.5650914 69.723 0 4
2 42.0424637 65.0314145 61.73760438 69.723 0 4
2 35.87837092 55.50239563 65.06915373 69.723 0 4
2 40.0508839 55.54777846 54.24554814 69.723 0 4
0 48.81210423 5.40469697 5.43866327 137.327 0 0
0 54.21635887 0.00044233 10.84291791 137.327 0 0
0 43.38380121 8.11142565 5.45543254 137.327 0 1
0 54.15760417 2.72176592 5.51562029 137.327 0 1
0 48.88906125 0.05919703 8.12159432 137.327 0 1
0 48.8288735 10.83299999 2.73193459 137.327 0 1
0 51.49503528 5.32773995 10.78416321 137.327 0 1
0 46.10537555 5.3879277 0.01036025 137.327 0 1
1 46.82127722 7.44213471 7.40590304 72.63 0 6
1 50.779344 7.39552398 3.40122553 72.63 0 6
1 46.77466649 3.4374572 3.44783626 72.63 0 6
1 50.8098861 3.4069151 7.43644514 72.63 0 6
1 52.22489751 1.99190369 8.85145655 72.63 0 6
1 45.36343359 1.97348845 2.03060796 72.63 0 6
1 52.24331275 8.81275228 1.98999263 72.63 0 6
1 45.40404892 8.85336761 8.86987179 72.63 0 6
1 50.8381145 3.46102803 3.41511234 72.63 0 6
1 46.7885533 3.3786867 7.38233221 72.63 0 6
1 50.75577317 7.4282479 7.46467354 72.63 0 6
1 45.38151723 8.83528397 2.00807627 72.63 0 6
1 52.19341868 8.81480371 8.90241588 72.63 0 6
1 45.40199749 1.94094436 8.81997772 72.63 0 6
1 52.27585684 2.02338252 2.02855653 72.63 0 6
1 48.78597412 2.69410912 0.02506222 72.63 0 5
1 43.39850318 5.43082708 8.14925112 72.63 0 5
1 51.52269208 10.81829802 5.41253316 72.63 0 5
1 52.18445938 5.44246281 4.18298791 72.63 0 7
1 45.42695265 5.42611307 4.19820484 72.63 0 7
1 47.55642887 2.03234182 5.40089743 72.63 0 7
1 47.5716458 8.78984855 5.41724717 72.63 0 7
1 48.79068813 6.6451554 2.05351169 72.63 0 7
1 48.77433839 6.66037233 8.81101842 72.63 0 7
1 43.40563741 3.37778606 1.25514098 72.63 0 7
1 43.39031297 7.4621092 1.2497471 72.63 0 7
1 44.62858194 10.81116379 7.46557418 72.63 0 7
1 44.62318806 10.82648823 3.38125104 72.63 0 7
1 46.754692 9.59361314 0.01687201 72.63 0 7
1 50.83901514 9.58821926 0.03219645 72.63 0 7
2 46.81707302 7.39972818 3.44363206 69.723 0 3
2 48.79580682 8.11267564 0.02297448 69.723 0 2
2 43.39641544 5.42099438 2.7306846 69.723 0 2
2 46.10412556 10.82038576 5.42236586 69.723 0 2
2 45.45857836 5.409221 6.73157354 69.723 0 4
2 52.13539222 5.43337713 6.77356851 69.723 0 4
2 50.14700947 2.08140898 5.40998311 69.723 0 4
2 50.1050145 8.75822284 5.43413924 69.723 0 4
2 48.78342407 4.06979173 8.76195126 69.723 0 4
2 48.8075802 4.1117867 2.0851374 69.723 0 4
2 43.404499 3.32024596 9.51469408 69.723 0 4
2 54.22810459 7.49275894 9.56007691 69.723 0 4
2 52.93351787 -0.01130339 3.3506013 69.723 0 4
2 52.88813504 10.8123022 7.52311428 69.723 0 4
2 46.72404226 1.28328333 10.85466363 69.723 0 4
2 50.89655524 1.32866616 0.03105804 69.723 0 4
0 48.81441533 5.40238587 16.28433461 137.327 0 0
0 54.21866997 -0.00186877 21.68858925 137.327 0 0
0 43.38611231 8.10911455 16.30110388 137.327 0 1
0 54.15991527 2.71945482 16.36129163 137.327 0 1
0 48.89137235 0.05688593 18.96726566 137.327 0 1
0 48.8311846 10.83068889 13.57760593 137.327 0 1
0 51.49734638 5.32542885 21.62983455 137.327 0 1
0 46.10768665 5.3856166 10.85603159 137.327 0 1
1 46.82358832 7.43982361 18.25157438 72.63 0 6
1 50.7816551 7.39321288 14.24689687 72.63 0 6
1 46.77697759 3.4351461 14.2935076 72.63 0 6
1 50.8121972 3.404604 18.28211648 72.63 0 6
1 52.22720861 1.98959259 19.69712789 72.63 0 6
1 45.36574469 1.97117735 12.8762793 72.63 0 6
1 52.24562385 8.81044118 12.83566397 72.63 0 6
1 45.40636002 8.85105651 19.71554313 72.63 0 6
1 50.8404256 3.45871693 14.26078368 72.63 0 6
1 46.7908644 3.3763756 18.22800355 72.63 0 6
1 50.75808427 7.4259368 18.31034488 72.63 0 6
1 45.38382833 8.83297287 12.85374761 72.63 0 6
1 52.19572978 8.81249261 19.74808722 72.63 0 6
1 45.40430859 1.93863326 19.66564906 72.63 0 6
1 52.27816794 2.02107142 12.87422787 72.63 0 6
1 48.78828522 2.69179802 10.87073356 72.63 0 5
1 43.40081428 5.42851598 18.99492246 72.63 0 5
1 51.52500318 10.81598692 16.2582045 72.63 0 5
1 52.18677048 5.44015171 15.02865925 72.63 0 7
1 45.42926375 5.42380197 15.04387618 72.63 0 7
1 47.55873997 2.03003072 16.24656877 72.63 0 7
1 47.5739569 8.78753745 16.26291851 72.63 0 7
1 48.79299923 6.6428443 12.89918303 72.63 0 7
1 48.77664949 6.65806123 19.65668976 72.63 0 7
1 43.40794851 3.37547496 12.10081232 72.63 0 7
1 43.39262407 7.4597981 12.09541844 72.63 0 7
1 44.63089304 10.80885269 18.31124552 72.63 0 7
1 44.62549916 10.82417713 14.22692238 72.63 0 7
1 46.7570031 9.59130204 10.86254335 72.63 0 7
1 50.84132624 9.58590816 10.87786779 72.63 0 7
2 46.81938412 7.39741708 14.2893034 69.723 0 3
2 48.79811792 8.11036454 10.86864582 69.723 0 2
2 43.39872654 5.41868328 13.57635594 69.723 0 2
2 46.10643666 10.81807466 16.2680372 69.723 0 2
2 45.46088946 5.4069099 17.57724488 69.723 0 4
2 52.13770332 5.43106603 17.61923985 69.723 0 4
2 50.14932057 2.07909788 16.25565445 69.723 0 4
2 50.1073256 8.75591174 16.27981058 69.723 0 4
2 48.78573517 4.06748063 19.6076226 69.723 0 4
2 48.8098913 4.1094756 12.93080874 69.723 0 4
2 43.4068101 3.31793486 20.36036542 69.723 0 4
2 54.23041569 7.49044784 20.40574825 69.723 0 4
2 52.93582897 -0.01361449 14.19627264 69.723 0 4
2 52.89044614 10.8099911 18.36878562 69.723 0 4
2 46.72635336 1.28097223 21.70033497 69.723 0 4
2 50.89886634 1.32635506 10.87672938 69.723 0 4
0 48.81672643 5.40007477 27.13000595 137.327 0 0
0 54.22098107 -0.00417987 32.53426059 137.327 0 0
0 43.38842341 8.10680345 27.14677522 137.327 0 1
0 54.16222637 2.71714372 27.20696297 137.327 0 1
0 48.89368345 0.05457483 29.812937 137.327 0 1
0 48.8334957 10.82837779 24.42327727 137.327 0 1
0 51.49965748 5.32311775 32.47550589 137.327 0 1
0 46.10999775 5.3833055 21.70170293 137.327 0 1
1 46.82589942 7.43751251 29.09724572 72.63 0 6
1 50.7839662 7.39090178 25.09256821 72.63 0 6
1 46.77928869 3.432835 25.13917894 72.63 0 6
1 50.8145083 3.4022929 29.12778782 72.63 0 6
1 52.22951971 1.98728149 30.54279923 72.63 0 6
1 45.36805579 1.96886625 23.72195064 72.63 0 6
1 52.24793495 8.80813008 23.68133531 72.63 0 6
1 45.40867112 8.84874541 30.56121447 72.63 0 6
1 50.8427367 3.45640583 25.10645502 72.63 0 6
1 46.7931755 3.3740645 29.07367489 72.63 0 6
1 50.76039537 7.4236257 29.15601622 72.63 0 6
1 45.38613943 8.83066177 23.69941895 72.63 0 6
1 52.19804088 8.81018151 30.59375856 72.63 0 6
1 45.40661969 1.93632216 30.5113204 72.63 0 6
1 52.28047904 2.01876032 23.71989921 72.63 0 6
1 48.79059632 2.68948692 21.7164049 72.63 0 5
1 43.40312538 5.42620488 29.8405938 72.63 0 5
1 51.52731428 10.81367582 27.10387584 72.63 0 5
1 52.18908158 5.43784061 25.87433059 72.63 0 7
1 45.43157485 5.42149087 25.88954752 72.63 0 7
1 47.56105107 2.02771962 27.09224011 72.63 0 7
1 47.576268 8.78522635 27.10858985 72.63 0 7
1 48.79531033 6.6405332 23.74485437 72.63 0 7
1 48.77896059 6.65575013 30.5023611 72.63 0 7
1 43.41025961 3.37316386 22.94648366 72.63 0 7
1 43.39493517 7.457487 22.94108978 72.63 0 7
1 44.63320414 10.80654159 29.15691686 72.63 0 7
1 44.62781026 10.82186603 25.07259372 72.63 0 7
1 46.7593142 9.58899094 21.70821469 72.63 0 7
1 50.84363734 9.58359706 21.72353913 72.63 0 7
2 46.82169522 7.39510598 25.13497474 69.723 0 3
2 48.80042902 8.10805344 21.71431716 69.723 0 2
2 43.40103764 5.41637218 24.42202728 69.723 0 2
2 46.10874776 10.81576356 27.11370854 69.723 0 2
2 45.46320056 5.4045988 28.42291622 69.723 0 4
2 52.14001442 5.42875493 28.46491119 69.723 0 4
2 50.15163167 2.07678678 27.10132579 69.723 0 4
2 50.1096367 8.75360064 27.12548192 69.723 0 4
2 48.78804627 4.06516953 30.45329394 69.723 0 4
2 48.8122024 4.1071645 23.77648008 69.723 0 4
2 43.4091212 3.31562376 31.20603676 69.723 0 4
2 54.23272679 7.48813674 31.25141959 69.723 0 4
2 52.93814007 -0.01592559 25.04194398 69.723 0 4
2 52.89275724 10.80768 29.21445696 69.723 0 4
2 46.72866446 1.27866113 32.54600631 69.723 0 4
2 50.90117744 1.32404396 21.72240072 69.723 0 4
0 48.81903753 5.39776367 37.97567729 137.327 0 0
0 54.22329217 -0.00649097 43.37993193 137.327 0 0
0 43.39073451 8.10449235 37.99244656 137.327 0 1
0 54.16453747 2.71483262 38.05263431 137.327 0 1
0 48.89599455 0.05226373 40.65860834 137.327 0 1
0 48.8358068 10.82606669 35.26894861 137.327 0 1
0 51.50196858 5.32080665 43.32117723 137.327 0 1
0 46.11230885 5.3809944 32.54737427 137.327 0 1
1 46.82821052 7.43520141 39.94291706 72.63 0 6
1 50.7862773 7.38859068 35.93823955 72.63 0 6
1 46.78159979 3.4305239 35.98485028 72.63 0 6
1 50.8168194 3.3999818 39.97345916 72.63 0 6
1 52.23183081 1.98497039 41.38847057 72.63 0 6
1 45.37036689 1.96655515 34.56762198 72.63 0 6
1 52.25024605 8.80581898 34.52700665 72.63 0 6
1 45.41098222 8.84643431 41.40688581 72.63 0 6
1 50.8450478 3.45409473 35.95212636 72.63 0 6
1 46.7954866 3.3717534 39.91934623 72.63 0 6
1 50.76270647 7.4213146 40.00168756 72.63 0 6
1 45.38845053 8.82835067 34.54509029 72.63 0 6
1 52.20035198 8.80787041 41.4394299 72.63 0 6
1 45.40893079 1.93401106 41.35699174 72.63 0 6
1 52.28279014 2.01644922 34.56557055 72.63 0 6
1 48.79290742 2.68717582 32.56207624 72.63 0 5
1 43.40543648 5.42389378 40.68626514 72.63 0 5
1 51.52962538 10.81136472 37.94954718 72.63 0 5
1 52.19139268 5.43552951 36.72000193 72.63 0 7
1 45.43388595 5.41917977 36.73521886 72.63 0 7
1 47.56336217 2.02540852 37.93791145 72.63 0 7
1 47.5785791 8.78291525 37.95426119 72.63 0 7
1 48.79762143 6.6382221 34.59052571 72.63 0 7
1 48.78127169 6.65343903 41.34803244 72.63 0 7
1 43.41257071 3.37085276 33.792155 72.63 0 7
1 43.39724627 7.4551759 33.78676112 72.63 0 7
1 44.63551524 10.80423049 40.0025882 72.63 0 7
1 44.63012136 10.81955493 35.91826506 72.63 0 7
1 46.7616253 9.58667984 32.55388603 72.63 0 7
1 50.84594844 9.58128596 32.56921047 72.63 0 7
2 46.82400632 7.39279488 35.98064608 69.723 0 3
2 48.80274012 8.10574234 32.5599885 69.723 0 2
2 43.40334874 5.41406108 35.26769862 69.723 0 2
2 46.11105886 10.81345246 37.95937988 69.723 0 2
2 45.46551166 5.4022877 39.26858756 69.723 0 4
2 52.14232552 5.42644383 39.31058253 69.723 0 4
2 50.15394277 2.07447568 37.94699713 69.723 0 4
2 50.1119478 8.75128954 37.97115326 69.723 0 4
2 48.79035737 4.06285843 41.29896528 69.723 0 4
2 48.8145135 4.1048534 34.62215142 69.723 0 4
2 43.4114323 3.31331266 42.0517081 69.723 0 4
2 54.23503789 7.48582564 42.09709093 69.723 0 4
2 52.94045117 -0.01823669 35.88761532 69.723 0 4
2 52.89506834 10.8053689 40.0601283 69.723 0 4
2 46.73097556 1.27635003 43.39167765 69.723 0 4
2 50.90348854 1.32173286 32.56807206 69.723 0 4
0 48.82134863 5.39545257 48.82134863 137.327 0 0
0 54.22560327 -0.00880207 54.22560327 137.327 0 0
0 43.39304561 8.10218125 48.8381179 137.327 0 1
0 54.16684857 2.71252152 48.89830565 137.327 0 1
0 48.89830565 0.04995263 51.50427968 137.327 0 1
0 48.8381179 10.82375559 46.11461995 137.327 0 1
0 51.50427968 5.31849555 54.16684857 137.327 0 1
0 46.11461995 5.3786833 43.39304561 137.327 0 1
1 46.83052162 7.43289031 50.7885884 72.63 0 6
1 50.7885884 7.38627958 46.78391089 72.63 0 6
1 46.78391089 3.4282128 46.83052162 72.63 0 6
1 50.8191305 3.3976707 50.8191305 72.63 0 6
1 52.23414191 1.98265929 52.23414191 72.63 0 6
1 45.37267799 1.96424405 45.41329332 72.63 0 6
1 52.25255715 8.80350788 45.37267799 72.63 0 6
1 45.41329332 8.84412321 52.25255715 72.63 0 6
1 50.8473589 3.45178363 46.7977977 72.63 0 6
1 46.7977977 3.3694423 50.76501757 72.63 0 6
1 50.76501757 7.4190035 50.8473589 72.63 0 6
1 45.39076163 8.82603957 45.39076163 72.63 0 6
1 52.20266308 8.80555931 52.28510124 72.63 0 6
1 45.41124189 1.93169996 52.20266308 72.63 0 6
1 52.28510124 2.01413812 45.41124189 72.63 0 6
1 48.79521852 2.68486472 43.40774758 72.63 0 5
1 43.40774758 5.42158268 51.53193648 72.63 0 5
1 51.53193648 10.80905362 48.79521852 72.63 0 5
1 52.19370378 5.43321841 47.56567327 72.63 0 7
1 45.43619705 5.41686867 47.5808902 72.63 0 7
1 47.56567327 2.02309742 48.78358279 72.63 0 7
1 47.5808902 8.78060415 48.79993253 72.63 0 7
1 48.79993253 6.635911 45.43619705 72.63 0 7
1 48.78358279 6.65112793 52.19370378 72.63 0 7
1 43.41488181 3.36854166 44.63782634 72.63 0 7
1 43.39955737 7.4528648 44.63243246 72.63 0 7
1 44.63782634 10.80191939 50.84825954 72.63 0 7
1 44.63243246 10.81724383 46.7639364 72.63 0 7
1 46.7639364 9.58436874 43.39955737 72.63 0 7
1 50.84825954 9.57897486 43.41488181 72.63 0 7
2 46.82631742 7.39048378 46.82631742 69.723 0 3
2 48.80505122 8.10343124 43.40565984 69.723 0 2
2 43.40565984 5.41174998 46.11336996 69.723 0 2
2 46.11336996 10.81114136 48.80505122 69.723 0 2
2 45.46782276 5.3999766 50.1142589 69.723 0 4
2 52.14463662 5.42413273 50.15625387 69.723 0 4
2 50.15625387 2.07216458 48.79266847 69.723 0 4
2 50.1142589 8.74897844 48.8168246 69.723 0 4
2 48.79266847 4.06054733 52.14463662 69.723 0 4
2 48.8168246 4.1025423 45.46782276 69.723 0 4
2 43.4137434 3.31100156 52.89737944 69.723 0 4
2 54.23734899 7.48351454 52.94276227 69.723 0 4
2 52.94276227 -0.02054779 46.73328666 69.723 0 4
2 52.89737944 10.8030578 50.90579964 69.723 0 4
2 46.73328666 1.27403893 54.23734899 69.723 0 4
2 50.90579964 1.31942176 43.4137434 69.723 0 4
0 48.82365973 5.39314147 59.66701997 137.327 0 0
0 54.22791437 -0.01111317 65.07127461 137.327 0 0
0 43.39535671 8.09987015 59.68378924 137.327 0 1
0 54.16915967 2.71021042 59.74397699 137.327 0 1
0 48.90061675 0.04764153 62.34995102 137.327 0 1
0 48.840429 10.82144449 56.96029129 137.327 0 1
0 51.50659078 5.31618445 65.01251991 137.327 0 1
0 46.11693105 5.3763722 54.23871695 137.327 0 1
1 46.83283272 7.43057921 61.63425974 72.63 0 6
1 50.7908995 7.38396848 57.62958223 72.63 0 6
1 46.78622199 3.4259017 57.67619296 72.63 0 6
1 50.8214416 3.3953596 61.66480184 72.63 0 6
1 52.23645301 1.98034819 63.07981325 72.63 0 6
1 45.37498909 1.96193295 56.25896466 72.63 0 6
1 52.25486825 8.80119678 56.21834933 72.63 0 6
1 45.41560442 8.84181211 63.09822849 72.63 0 6
1 50.84967 3.44947253 57.64346904 72.63 0 6
1 46.8001088 3.3671312 61.61068891 72.63 0 6
1 50.76732867 7.4166924 61.69303024 72.63 0 6
1 45.39307273 8.82372847 56.23643297 72.63 0 6
1 52.20497418 8.80324821 63.13077258 72.63 0 6
1 45.41355299 1.92938886 63.04833442 72.63 0 6
1 52.28741234 2.01182702 56.25691323 72.63 0 6
1 48.79752962 2.68255362 54.25341892 72.63 0 5
1 43.41005868 5.41927158 62.37760782 72.63 0 5
1 51.53424758 10.80674252 59.64088986 72.63 0 5
1 52.19601488 5.43090731 58.41134461 72.63 0 7
1 45.43850815 5.41455757 58.42656154 72.63 0 7
1 47.56798437 2.02078632 59.62925413 72.63 0 7
1 47.5832013 8.77829305 59.64560387 72.63 0 7
1 48.80224363 6.6335999 56.28186839 72.63 0 7
1 48.78589389 6.64881683 63.03937512 72.63 0 7
1 43.41719291 3.36623056 55.48349768 72.63 0 7
1 43.40186847 7.4505537 55.4781038 72.63 0 7
1 44.64013744 10.79960829 61.69393088 72.63 0 7
1 44.63474356 10.81493273 57.60960774 72.63 0 7
1 46.7662475 9.58205764 54.24522871 72.63 0 7
1 50.85057064 9.57666376 54.26055315 72.63 0 7
2 46.82862852 7.38817268 57.67198876 69.723 0 3
2 48.80736232 8.10112014 54.25133118 69.723 0 2
2 43.40797094 5.40943888 56.9590413 69.723 0 2
2 46.11568106 10.80883026 59.65072256 69.723 0 2
2 45.47013386 5.3976655 60.95993024 69.723 0 4
2 52.14694772 5.42182163 61.00192521 69.723 0 4
2 50.15856497 2.06985348 59.63833981 69.723 0 4
2 50.11657 8.74666734 59.66249594 69.723 0 4
2 48.79497957 4.05823623 62.99030796 69.723 0 4
2 48.8191357 4.1002312 56.3134941 69.723 0 4
2 43.4160545 3.30869046 63.74305078 69.723 0 4
2 54.23966009 7.48120344 63.78843361 69.723 0 4
2 52.94507337 -0.02285889 57.578958 69.723 0 4
2 52.89969054 10.8007467 61.75147098 69.723 0 4
2 46.73559776 1.27172783 65.08302033 69.723 0 4
2 50.90811074 1.31711066 54.25941474 69.723 0 4
0 48.80979313 16.25036831 5.43635217 137.327 0 0
0 54.21404777 10.84611367 10.84060681 137.327 0 0
0 43.38149011 18.95709699 5.45312144 137.327 0 1
0 54.15529307 13.56743726 5.51330919 137.327 0 1
0 48.88675015 10.90486837 8.11928322 137.327 0 1
0 48.8265624 21.67867133 2.72962349 137.327 0 1
0 51.49272418 16.17341129 10.78185211 137.327 0 1
0 46.10306445 16.23359904 0.00804915 137.327 0 1
1 46.81896612 18.28780605 7.40359194 72.63 0 6
1 50.7770329 18.24119532 3.39891443 72.63 0 6
1 46.77235539 14.28312854 3.44552516 72.63 0 6
1 50.807575 14.25258644 7.43413404 72.63 0 6
1 52.22258641 12.83757503 8.84914545 72.63 0 6
1 45.36112249 12.81915979 2.02829686 72.63 0 6
1 52.24100165 19.65842362 1.98768153 72.63 0 6
1 45.40173782 19.69903895 8.86756069 72.63 0 6
1 50.8358034 14.30669937 3.41280124 72.63 0 6
1 46.7862422 14.22435804 7.38002111 72.63 0 6
1 50.75346207 18.27391924 7.46236244 72.63 0 6
1 45.37920613 19.68095531 2.00576517 72.63 0 6
1 52.19110758 19.66047505 8.90010478 72.63 0 6
1 45.39968639 12.7866157 8.81766662 72.63 0 6
1 52.27354574 12.86905386 2.02624543 72.63 0 6
1 48.78366302 13.53978046 0.02275112 72.63 0 5
1 43.39619208 16.27649842 8.14694002 72.63 0 5
1 51.52038098 21.66396936 5.41022206 72.63 0 5
1 52.18214828 16.28813415 4.18067681 72.63 0 7
1 45.42464155 16.27178441 4.19589374 72.63 0 7
1 47.55411777 12.87801316 5.39858633 72.63 0 7
1 47.5693347 19.63551989 5.41493607 72.63 0 7
1 48.78837703 17.49082674 2.05120059 72.63 0 7
1 48.77202729 17.50604367 8.80870732 72.63 0 7
1 43.40332631 14.2234574 1.25282988 72.63 0 7
1 43.38800187 18.30778054 1.247436 72.63 0 7
1 44.62627084 21.65683513 7.46326308 72.63 0 7
1 44.62087696 21.67215957 3.37893994 72.63 0 7
1 46.7523809 20.43928448 0.01456091 72.63 0 7
1 50.83670404 20.4338906 0.02988535 72.63 0 7
2 46.81476192 18.24539952 3.44132096 69.723 0 3
2 48.79349572 18.95834698 0.02066338 69.723 0 2
2 43.39410434 16.26666572 2.7283735 69.723 0 2
2 46.10181446 21.6660571 5.42005476 69.723 0 2
2 45.45626726 16.25489234 6.72926244 69.723 0 4
2 52.13308112 16.27904847 6.77125741 69.723 0 4
2 50.14469837 12.92708032 5.40767201 69.723 0 4
2 50.1027034 19.60389418 5.43182814 69.723 0 4
2 48.78111297 14.91546307 8.75964016 69.723 0 4
2 48.8052691 14.95745804 2.0828263 69.723 0 4
2 43.4021879 14.1659173 9.51238298 69.723 0 4
2 54.22579349 18.33843028 9.55776581 69.723 0 4
2 52.93120677 10.83436795 3.3482902 69.723 0 4
2 52.88582394 21.65797354 7.52080318 69.723 0 4
2 46.72173116 12.12895467 10.85235253 69.723 0 4
2 50.89424414 12.1743375 0.02874694 69.723 0 4
0 48.81210423 16.24805721 16.28202351 137.327 0 0
0 54.21635887 10.84380257 21.68627815 137.327 0 0
0 43.38380121 18.95478589 16.29879278 137.327 0 1
0 54.15760417 13.56512616 16.35898053 137.327 0 1
0 48.88906125 10.90255727 18.96495456 137.327 0 1
0 48.8288735 21.67636023 13.57529483 137.327 0 1
0 51.49503528 16.17110019 21.62752345 137.327 0 1
0 46.10537555 16.23128794 10.85372049 137.327 0 1
1 46.82127722 18.28549495 18.24926328 72.63 0 6
1 50.779344 18.23888422 14.24458577 72.63 0 6
1 46.77466649 14.28081744 14.2911965 72.63 0 6
1 50.8098861 14.25027534 18.27980538 72.63 0 6
1 52.22489751 12.83526393 19.69481679 72.63 0 6
1 45.36343359 12.81684869 12.8739682 72.63 0 6
1 52.24331275 19.65611252 12.83335287 72.63 0 6
1 45.40404892 19.69672785 19.71323203 72.63 0 6
1 50.8381145 14.30438827 14.25847258 72.63 0 6
1 46.7885533 14.22204694 18.22569245 72.63 0 6
1 50.75577317 18.27160814 18.30803378 72.63 0 6
1 45.38151723 19.67864421 12.85143651 72.63 0 6
1 52.19341868 19.65816395 19.74577612 72.63 0 6
1 45.40199749 12.7843046 19.66333796 72.63 0 6
1 52.27585684 12.86674276 12.87191677 72.63 0 6
1 48.78597412 13.53746936 10.86842246 72.63 0 5
1 43.39850318 16.27418732 18.99261136 72.63 0 5
1 51.52269208 21.66165826 16.2558934 72.63 0 5
1 52.18445938 16.28582305 15.02634815 72.63 0 7
1 45.42695265 16.26947331 15.04156508 72.63 0 7
1 47.55642887 12.87570206 16.24425767 72.63 0 7
1 47.5716458 19.63320879 16.26060741 72.63 0 7
1 48.79068813 17.48851564 12.89687193 72.63 0 7
1 48.77433839 17.50373257 19.65437866 72.63 0 7
1 43.40563741 14.2211463 12.09850122 72.63 0 7
1 43.39031297 18.30546944 12.09310734 72.63 0 7
1 44.62858194 21.65452403 18.30893442 72.63 0 7
1 44.62318806 21.66984847 14.22461128 72.63 0 7
1 46.754692 20.43697338 10.86023225 72.63 0 7
1 50.83901514 20.4315795 10.87555669 72.63 0 7
2 46.81707302 18.24308842 14.2869923 69.723 0 3
2 48.79580682 18.95603588 10.86633472 69.723 0 2
2 43.39641544 16.26435462 13.57404484 69.723 0 2
2 46.10412556 21.663746 16.2657261 69.723 0 2
2 45.45857836 16.25258124 17.57493378 69.723 0 4
2 52.13539222 16.27673737 17.61692875 69.723 0 4
2 50.14700947 12.92476922 16.25334335 69.723 0 4
2 50.1050145 19.60158308 16.27749948 69.723 0 4
2 48.78342407 14.91315197 19.6053115 69.723 0 4
2 48.8075802 14.95514694 12.92849764 69.723 0 4
2 43.404499 14.1636062 20.35805432 69.723 0 4
2 54.22810459 18.33611918 20.40343715 69.723 0 4
2 52.93351787 10.83205685 14.19396154 69.723 0 4
2 52.88813504 21.65566244 18.36647452 69.723 0 4
2 46.72404226 12.12664357 21.69802387 69.723 0 4
2 50.89655524 12.1720264 10.87441828 69.723 0 4
0 48.81441533 16.24574611 27.12769485 137.327 0 0
0 54.21866997 10.84149147 32.53194949 137.327 0 0
0 43.38611231 18.95247479 27.14446412 137.327 0 1
0 54.15991527 13.56281506 27.20465187 137.327 0 1
0 48.89137235 10.90024617 29.8106259 137.327 0 1
0 48.8311846 21.67404913 24.42096617 137.327 0 1
0 51.49734638 16.16878909 32.47319479 137.327 0 1
0 46.10768665 16.22897684 21.69939183 137.327 0 1
1 46.82358832 18.28318385 29.09493462 72.63 0 6
1 50.7816551 18.23657312 25.09025711 72.63 0 6
1 46.77697759 14.27850634 25.13686784 72.63 0 6
1 50.8121972 14.24796424 29.12547672 72.63 0 6
1 52.22720861 12.83295283 30.54048813 72.63 0 6
1 45.36574469 12.81453759 23.71963954 72.63 0 6
1 52.24562385 19.65380142 23.67902421 72.63 0 6
1 45.40636002 19.69441675 30.55890337 72.63 0 6
1 50.8404256 14.30207717 25.10414392 72.63 0 6
1 46.7908644 14.21973584 29.07136379 72.63 0 6
1 50.75808427 18.26929704 29.15370512 72.63 0 6
1 45.38382833 19.67633311 23.69710785 72.63 0 6
1 52.19572978 19.65585285 30.59144746 72.63 0 6
1 45.40430859 12.7819935 30.5090093 72.63 0 6
1 52.27816794 12.86443166 23.71758811 72.63 0 6
1 48.78828522 13.53515826 21.7140938 72.63 0 5
1 43.40081428 16.27187622 29.8382827 72.63 0 5
1 51.52500318 21.65934716 27.10156474 72.63 0 5
1 52.18677048 16.28351195 25.87201949 72.63 0 7
1 45.42926375 16.26716221 25.88723642 72.63 0 7
1 47.55873997 12.87339096 27.08992901 72.63 0 7
1 47.5739569 19.63089769 27.10627875 72.63 0 7
1 48.79299923 17.48620454 23.74254327 72.63 0 7
1 48.77664949 17.50142147 30.50005 72.63 0 7
1 43.40794851 14.2188352 22.94417256 72.63 0 7
1 43.39262407 18.30315834 22.93877868 72.63 0 7
1 44.63089304 21.65221293 29.15460576 72.63 0 7
1 44.62549916 21.66753737 25.07028262 72.63 0 7
1 46.7570031 20.43466228 21.70590359 72.63 0 7
1 50.84132624 20.4292684 21.72122803 72.63 0 7
2 46.81938412 18.24077732 25.13266364 69.723 0 3
2 48.79811792 18.95372478 21.71200606 69.723 0 2
2 43.39872654 16.26204352 24.41971618 69.723 0 2
2 46.10643666 21.6614349 27.11139744 69.723 0 2
2 45.46088946 16.25027014 28.42060512 69.723 0 4
2 52.13770332 16.27442627 28.46260009 69.723 0 4
2 50.14932057 12.92245812 27.09901469 69.723 0 4
2 50.1073256 19.59927198 27.12317082 69.723 0 4
2 48.78573517 14.91084087 30.45098284 69.723 0 4
2 48.8098913 14.95283584 23.77416898 69.723 0 4
2 43.4068101 14.1612951 31.20372566 69.723 0 4
2 54.23041569 18.33380808 31.24910849 69.723 0 4
2 52.93582897 10.82974575 25.03963288 69.723 0 4
2 52.89044614 21.65335134 29.21214586 69.723 0 4
2 46.72635336 12.12433247 32.54369521 69.723 0 4
2 50.89886634 12.1697153 21.72008962 69.723 0 4
0 48.81672643 16.24343501 37.97336619 137.327 0 0
0 54.22098107 10.83918037 43.37762083 137.327 0 0
0 43.38842341 18.95016369 37.99013546 137.327 0 1
0 54.16222637 13.56050396 38.05032321 137.327 0 1
0 48.89368345 10.89793507 40.65629724 137.327 0 1
0 48.8334957 21.67173803 35.26663751 137.327 0 1
0 51.49965748 16.16647799 43.31886613 137.327 0 1
0 46.10999775 16.22666574 32.54506317 137.327 0 1
1 46.82589942 18.28087275 39.94060596 72.63 0 6
1 50.7839662 18.23426202 35.93592845 72.63 0 6
1 46.77928869 14.27619524 35.98253918 72.63 0 6
1 50.8145083 14.24565314 39.97114806 72.63 0 6
1 52.22951971 12.83064173 41.38615947 72.63 0 6
1 45.36805579 12.81222649 34.56531088 72.63 0 6
1 52.24793495 19.65149032 34.52469555 72.63 0 6
1 45.40867112 19.69210565 41.40457471 72.63 0 6
1 50.8427367 14.29976607 35.94981526 72.63 0 6
1 46.7931755 14.21742474 39.91703513 72.63 0 6
1 50.76039537 18.26698594 39.99937646 72.63 0 6
1 45.38613943 19.67402201 34.54277919 72.63 0 6
1 52.19804088 19.65354175 41.4371188 72.63 0 6
1 45.40661969 12.7796824 41.35468064 72.63 0 6
1 52.28047904 12.86212056 34.56325945 72.63 0 6
1 48.79059632 13.53284716 32.55976514 72.63 0 5
1 43.40312538 16.26956512 40.68395404 72.63 0 5
1 51.52731428 21.65703606 37.94723608 72.63 0 5
1 52.18908158 16.28120085 36.71769083 72.63 0 7
1 45.43157485 16.26485111 36.73290776 72.63 0 7
1 47.56105107 12.87107986 37.93560035 72.63 0 7
1 47.576268 19.62858659 37.95195009 72.63 0 7
1 48.79531033 17.48389344 34.58821461 72.63 0 7
1 48.77896059 17.49911037 41.34572134 72.63 0 7
1 43.41025961 14.2165241 33.7898439 72.63 0 7
1 43.39493517 18.30084724 33.78445002 72.63 0 7
1 44.63320414 21.64990183 40.0002771 72.63 0 7
1 44.62781026 21.66522627 35.91595396 72.63 0 7
1 46.7593142 20.43235118 32.55157493 72.63 0 7
1 50.84363734 20.4269573 32.56689937 72.63 0 7
2 46.82169522 18.23846622 35.97833498 69.723 0 3
2 48.80042902 18.95141368 32.5576774 69.723 0 2
2 43.40103764 16.25973242 35.26538752 69.723 0 2
2 46.10874776 21.6591238 37.95706878 69.723 0 2
2 45.46320056 16.24795904 39.26627646 69.723 0 4
2 52.14001442 16.27211517 39.30827143 69.723 0 4
2 50.15163167 12.92014702 37.94468603 69.723 0 4
2 50.1096367 19.59696088 37.96884216 69.723 0 4
2 48.78804627 14.90852977 41.29665418 69.723 0 4
2 48.8122024 14.95052474 34.61984032 69.723 0 4
2 43.4091212 14.158984 42.049397 69.723 0 4
2 54.23272679 18.33149698 42.09477983 69.723 0 4
2 52.93814007 10.82743465 35.88530422 69.723 0 4
2 52.89275724 21.65104024 40.0578172 69.723 0 4
2 46.72866446 12.12202137 43.38936655 69.723 0 4
2 50.90117744 12.1674042 32.56576096 69.723 0 4
0 48.81903753 16.24112391 48.81903753 137.327 0 0
0 54.22329217 10.83686927 54.22329217 137.327 0 0
0 43.39073451 18.94785259 48.8358068 137.327 0 1
0 54.16453747 13.55819286 48.89599455 137.327 0 1
0 48.89599455 10.89562397 51.50196858 137.327 0 1
0 48.8358068 21.66942693 46.11230885 137.327 0 1
0 51.50196858 16.16416689 54.16453747 137.327 0 1
0 46.11230885 16.22435464 43.39073451 137.327 0 1
1 46.82821052 18.27856165 50.7862773 72.63 0 6
1 50.7862773 18.23195092 46.78159979 72.63 0 6
1 46.78159979 14.27388414 46.82821052 72.63 0 6
1 50.8168194 14.24334204 50.8168194 72.63 0 6
1 52.23183081 12.82833063 52.23183081 72.63 0 6
1 45.37036689 12.80991539 45.41098222 72.63 0 6
1 52.25024605 19.64917922 45.37036689 72.63 0 6
1 45.41098222 19.68979455 52.25024605 72.63 0 6
1 50.8450478 14.29745497 46.7954866 72.63 0 6
1 46.7954866 14.21511364 50.76270647 72.63 0 6
1 50.76270647 18.26467484 50.8450478 72.63 0 6
1 45.38845053 19.67171091 45.38845053 72.63 0 6
1 52.20035198 19.65123065 52.28279014 72.63 0 6
1 45.40893079 12.7773713 52.20035198 72.63 0 6
1 52.28279014 12.85980946 45.40893079 72.63 0 6
1 48.79290742 13.53053606 43.40543648 72.63 0 5
1 43.40543648 16.26725402 51.52962538 72.63 0 5
1 51.52962538 21.65472496 48.79290742 72.63 0 5
1 52.19139268 16.27888975 47.56336217 72.63 0 7
1 45.43388595 16.26254001 47.5785791 72.63 0 7
1 47.56336217 12.86876876 48.78127169 72.63 0 7
1 47.5785791 19.62627549 48.79762143 72.63 0 7
1 48.79762143 17.48158234 45.43388595 72.63 0 7
1 48.78127169 17.49679927 52.19139268 72.63 0 7
1 43.41257071 14.214213 44.63551524 72.63 0 7
1 43.39724627 18.29853614 44.63012136 72.63 0 7
1 44.63551524 21.64759073 50.84594844 72.63 0 7
1 44.63012136 21.66291517 46.7616253 72.63 0 7
1 46.7616253 20.43004008 43.39724627 72.63 0 7
1 50.84594844 20.4246462 43.41257071 72.63 0 7
2 46.82400632 18.23615512 46.82400632 69.723 0 3
2 48.80274012 18.94910258 43.40334874 69.723 0 2
2 43.40334874 16.25742132 46.11105886 69.723 0 2
2 46.11105886 21.6568127 48.80274012 69.723 0 2
2 45.46551166 16.24564794 50.1119478 69.723 0 4
2 52.14232552 16.26980407 50.15394277 69.723 0 4
2 50.15394277 12.91783592 48.79035737 69.723 0 4
2 50.1119478 19.59464978 48.8145135 69.723 0 4
2 48.79035737 14.90621867 52.14232552 69.723 0 4
2 48.8145135 14.94821364 45.46551166 69.723 0 4
2 43.4114323 14.1566729 52.89506834 69.723 0 4
2 54.23503789 18.32918588 52.94045117 69.723 0 4
2 52.94045117 10.82512355 46.73097556 69.723 0 4
2 52.89506834 21.64872914 50.90348854 69.723 0 4
2 46.73097556 12.11971027 54.23503789 69.723 0 4
2 50.90348854 12.1650931 43.4114323 69.723 0 4
0 48.82134863 16.23881281 59.66470887 137.327 0 0
0 54.22560327 10.83455817 65.06896351 137.327 0 0
0 43.39304561 18.94554149 59.68147814 137.327 0 1
0 54.16684857 13.55588176 59.74166589 137.327 0 1
0 48.89830565 10.89331287 62.34763992 137.327 0 1
0 48.8381179 21.66711583 56.95798019 137.327 0 1
0 51.50427968 16.16185579 65.01020881 137.327 0 1
0 46.11461995 16.22204354 54.23640585 137.327 0 1
1 46.83052162 18.27625055 61.63194864 72.63 0 6
1 50.7885884 18.22963982 57.62727113 72.63 0 6
1 46.78391089 14.27157304 57.67388186 72.63 0 6
1 50.8191305 14.24103094 61.66249074 72.63 0 6
1 52.23414191 12.82601953 63.07750215 72.63 0 6
1 45.37267799 12.80760429 56.25665356 72.63 0 6
1 52.25255715 19.64686812 56.21603823 72.63 0 6
1 45.41329332 19.68748345 63.09591739 72.63 0 6
1 50.8473589 14.29514387 57.64115794 72.63 0 6
1 46.7977977 14.21280254 61.60837781 72.63 0 6
1 50.76501757 18.26236374 61.69071914 72.63 0 6
1 45.39076163 19.66939981 56.23412187 72.63 0 6
1 52.20266308 19.64891955 63.12846148 72.63 0 6
1 45.41124189 12.7750602 63.04602332 72.63 0 6
1 52.28510124 12.85749836 56.25460213 72.63 0 6
1 48.79521852 13.52822496 54.25110782 72.63 0 5
1 43.40774758 16.26494292 62.37529672 72.63 0 5
1 51.53193648 21.65241386 59.63857876 72.63 0 5
1 52.19370378 16.27657865 58.40903351 72.63 0 7
1 45.43619705 16.26022891 58.42425044 72.63 0 7
1 47.56567327 12.86645766 59.62694303 72.63 0 7
1 47.5808902 19.62396439 59.64329277 72.63 0 7
1 48.79993253 17.47927124 56.27955729 72.63 0 7
1 48.78358279 17.49448817 63.03706402 72.63 0 7
1 43.41488181 14.2119019 55.48118658 72.63 0 7
1 43.39955737 18.29622504 55.4757927 72.63 0 7
1 44.63782634 21.64527963 61.69161978 72.63 0 7
1 44.63243246 21.66060407 57.60729664 72.63 0 7
1 46.7639364 20.42772898 54.24291761 72.63 0 7
1 50.84825954 20.4223351 54.25824205 72.63 0 7
2 46.82631742 18.23384402 57.66967766 69.723 0 3
2 48.80505122 18.94679148 54.24902008 69.723 0 2
2 43.40565984 16.25511022 56.9567302 69.723 0 2
2 46.11336996 21.6545016 59.64841146 69.723 0 2
2 45.46782276 16.24333684 60.95761914 69.723 0 4
2 52.14463662 16.26749297 60.99961411 69.723 0 4
2 50.15625387 12.91552482 59.63602871 69.723 0 4
2 50.1142589 19.59233868 59.66018484 69.723 0 4
2 48.79266847 14.90390757 62.98799686 69.723 0 4
2 48.8168246 14.94590254 56.311183 69.723 0 4
2 43.4137434 14.1543618 63.74073968 69.723 0 4
2 54.23734899 18.32687478 63.78612251 69.723 0 4
2 52.94276227 10.82281245 57.5766469 69.723 0 4
2 52.89737944 21.64641804 61.74915988 69.723 0 4
2 46.73328666 12.11739917 65.08070923 69.723 0 4
2 50.90579964 12.162782 54.25710364 69.723 0 4
0 48.80748203 27.09603965 5.43404107 137.327 0 0
0 54.21173667 21.69178501 10.83829571 137.327 0 0
0 43.37917901 29.80276833 5.45081034 137.327 0 1
0 54.15298197 24.4131086 5.51099809 137.327 0 1
0 48.88443905 21.75053971 8.11697212 137.327 0 1
0 48.8242513 32.52434267 2.72731239 137.327 0 1
0 51.49041308 27.01908263 10.77954101 137.327 0 1
0 46.10075335 27.07927038 0.00573805 137.327 0 1
1 46.81665502 29.13347739 7.40128084 72.63 0 6
1 50.7747218 29.08686666 3.39660333 72.63 0 6
1 46.77004429 25.12879988 3.44321406 72.63 0 6
1 50.8052639 25.09825778 7.43182294 72.63 0 6
1 52.22027531 23.68324637 8.84683435 72.63 0 6
1 45.35881139 23.66483113 2.02598576 72.63 0 6
1 52.23869055 30.50409496 1.98537043 72.63 0 6
1 45.39942672 30.54471029 8.86524959 72.63 0 6
1 50.8334923 25.15237071 3.41049014 72.63 0 6
1 46.7839311 25.07002938 7.37771001 72.63 0 6
1 50.75115097 29.11959058 7.46005134 72.63 0 6
1 45.37689503 30.52662665 2.00345407 72.63 0 6
1 52.18879648 30.50614639 8.89779368 72.63 0 6
1 45.39737529 23.63228704 8.81535552 72.63 0 6
1 52.27123464 23.7147252 2.02393433 72.63 0 6
1 48.78135192 24.3854518 0.02044002 72.63 0 5
1 43.39388098 27.12216976 8.14462892 72.63 0 5
1 51.51806988 32.5096407 5.40791096 72.63 0 5
1 52.17983718 27.13380549 4.17836571 72.63 0 7
1 45.42233045 27.11745575 4.19358264 72.63 0 7
1 47.55180667 23.7236845 5.39627523 72.63 0 7
1 47.5670236 30.48119123 5.41262497 72.63 0 7
1 48.78606593 28.33649808 2.04888949 72.63 0 7
1 48.76971619 28.35171501 8.80639622 72.63 0 7
1 43.40101521 25.06912874 1.25051878 72.63 0 7
1 43.38569077 29.15345188 1.2451249 72.63 0 7
1 44.62395974 32.50250647 7.46095198 72.63 0 7
1 44.61856586 32.51783091 3.37662884 72.63 0 7
1 46.7500698 31.28495582 0.01224981 72.63 0 7
1 50.83439294 31.27956194 0.02757425 72.63 0 7
2 46.81245082 29.09107086 3.43900986 69.723 0 3
2 48.79118462 29.80401832 0.01835228 69.723 0 2
2 43.39179324 27.11233706 2.7260624 69.723 0 2
2 46.09950336 32.51172844 5.41774366 69.723 0 2
2 45.45395616 27.10056368 6.72695134 69.723 0 4
2 52.13077002 27.12471981 6.76894631 69.723 0 4
2 50.14238727 23.77275166 5.40536091 69.723 0 4
2 50.1003923 30.44956552 5.42951704 69.723 0 4
2 48.77880187 25.76113441 8.75732906 69.723 0 4
2 48.802958 25.80312938 2.0805152 69.723 0 4
2 43.3998768 25.01158864 9.51007188 69.723 0 4
2 54.22348239 29.18410162 9.55545471 69.723 0 4
2 52.92889567 21.68003929 3.3459791 69.723 0 4
2 52.88351284 32.50364488 7.51849208 69.723 0 4
2 46.71942006 22.97462601 10.85004143 69.723 0 4
2 50.89193304 23.02000884 0.02643584 69.723 0 4
0 48.80979313 27.09372855 16.27971241 137.327 0 0
0 54.21404777 21.68947391 21.68396705 137.327 0 0
0 43.38149011 29.80045723 16.29648168 137.327 0 1
0 54.15529307 24.4107975 16.35666943 137.327 0 1
0 48.88675015 21.74822861 18.96264346 137.327 0 1
0 48.8265624 32.52203157 13.57298373 137.327 0 1
0 51.49272418 27.01677153 21.62521235 137.327 0 1
0 46.10306445 27.07695928 10.85140939 137.327 0 1
1 46.81896612 29.13116629 18.24695218 72.63 0 6
1 50.7770329 29.08455556 14.24227467 72.63 0 6
1 46.77235539 25.12648878 14.2888854 72.63 0 6
1 50.807575 25.09594668 18.27749428 72.63 0 6
1 52.22258641 23.68093527 19.69250569 72.63 0 6
1 45.36112249 23.66252003 12.8716571 72.63 0 6
1 52.24100165 30.50178386 12.83104177 72.63 0 6
1 45.40173782 30.54239919 19.71092093 72.63 0 6
1 50.8358034 25.15005961 14.25616148 72.63 0 6
1 46.7862422 25.06771828 18.22338135 72.63 0 6
1 50.75346207 29.11727948 18.30572268 72.63 0 6
1 45.37920613 30.52431555 12.84912541 72.63 0 6
1 52.19110758 30.50383529 19.74346502 72.63 0 6
1 45.39968639 23.62997594 19.66102686 72.63 0 6
1 52.27354574 23.7124141 12.86960567 72.63 0 6
1 48.78366302 24.3831407 10.86611136 72.63 0 5
1 43.39619208 27.11985866 18.99030026 72.63 0 5
1 51.52038098 32.5073296 16.2535823 72.63 0 5
1 52.18214828 27.13149439 15.02403705 72.63 0 7
1 45.42464155 27.11514465 15.03925398 72.63 0 7
1 47.55411777 23.7213734 16.24194657 72.63 0 7
1 47.5693347 30.47888013 16.25829631 72.63 0 7
1 48.78837703 28.33418698 12.89456083 72.63 0 7
1 48.77202729 28.34940391 19.65206756 72.63 0 7
1 43.40332631 25.06681764 12.09619012 72.63 0 7
1 43.38800187 29.15114078 12.09079624 72.63 0 7
1 44.62627084 32.50019537 18.30662332 72.63 0 7
1 44.62087696 32.51551981 14.22230018 72.63 0 7
1 46.7523809 31.28264472 10.85792115 72.63 0 7
1 50.83670404 31.27725084 10.87324559 72.63 0 7
2 46.81476192 29.08875976 14.2846812 69.723 0 3
2 48.79349572 29.80170722 10.86402362 69.723 0 2
2 43.39410434 27.11002596 13.57173374 69.723 0 2
2 46.10181446 32.50941734 16.263415 69.723 0 2
2 45.45626726 27.09825258 17.57262268 69.723 0 4
2 52.13308112 27.12240871 17.61461765 69.723 0 4
2 50.14469837 23.77044056 16.25103225 69.723 0 4
2 50.1027034 30.44725442 16.27518838 69.723 0 4
2 48.78111297 25.75882331 19.6030004 69.723 0 4
2 48.8052691 25.80081828 12.92618654 69.723 0 4
2 43.4021879 25.00927754 20.35574322 69.723 0 4
2 54.22579349 29.18179052 20.40112605 69.723 0 4
2 52.93120677 21.67772819 14.19165044 69.723 0 4
2 52.88582394 32.50133378 18.36416342 69.723 0 4
2 46.72173116 22.97231491 21.69571277 69.723 0 4
2 50.89424414 23.01769774 10.87210718 69.723 0 4
0 48.81210423 27.09141745 27.12538375 137.327 0 0
0 54.21635887 21.68716281 32.52963839 137.327 0 0
0 43.38380121 29.79814613 27.14215302 137.327 0 1
0 54.15760417 24.4084864 27.20234077 137.327 0 1
0 48.88906125 21.74591751 29.8083148 137.327 0 1
0 48.8288735 32.51972047 24.41865507 137.327 0 1
0 51.49503528 27.01446043 32.47088369 137.327 0 1
0 46.10537555 27.07464818 21.69708073 137.327 0 1
1 46.82127722 29.12885519 29.09262352 72.63 0 6
1 50.779344 29.08224446 25.08794601 72.63 0 6
1 46.77466649 25.12417768 25.13455674 72.63 0 6
1 50.8098861 25.09363558 29.12316562 72.63 0 6
1 52.22489751 23.67862417 30.53817703 72.63 0 6
1 45.36343359 23.66020893 23.71732844 72.63 0 6
1 52.24331275 30.49947276 23.67671311 72.63 0 6
1 45.40404892 30.54008809 30.55659227 72.63 0 6
1 50.8381145 25.14774851 25.10183282 72.63 0 6
1 46.7885533 25.06540718 29.06905269 72.63 0 6
1 50.75577317 29.11496838 29.15139402 72.63 0 6
1 45.38151723 30.52200445 23.69479675 72.63 0 6
1 52.19341868 30.50152419 30.58913636 72.63 0 6
1 45.40199749 23.62766484 30.5066982 72.63 0 6
1 52.27585684 23.710103 23.71527701 72.63 0 6
1 48.78597412 24.3808296 21.7117827 72.63 0 5
1 43.39850318 27.11754756 29.8359716 72.63 0 5
1 51.52269208 32.5050185 27.09925364 72.63 0 5
1 52.18445938 27.12918329 25.86970839 72.63 0 7
1 45.42695265 27.11283355 25.88492532 72.63 0 7
1 47.55642887 23.7190623 27.08761791 72.63 0 7
1 47.5716458 30.47656903 27.10396765 72.63 0 7
1 48.79068813 28.33187588 23.74023217 72.63 0 7
1 48.77433839 28.34709281 30.4977389 72.63 0 7
1 43.40563741 25.06450654 22.94186146 72.63 0 7
1 43.39031297 29.14882968 22.93646758 72.63 0 7
1 44.62858194 32.49788427 29.15229466 72.63 0 7
1 44.62318806 32.51320871 25.06797152 72.63 0 7
1 46.754692 31.28033362 21.70359249 72.63 0 7
1 50.83901514 31.27493974 21.71891693 72.63 0 7
2 46.81707302 29.08644866 25.13035254 69.723 0 3
2 48.79580682 29.79939612 21.70969496 69.723 0 2
2 43.39641544 27.10771486 24.41740508 69.723 0 2
2 46.10412556 32.50710624 27.10908634 69.723 0 2
2 45.45857836 27.09594148 28.41829402 69.723 0 4
2 52.13539222 27.12009761 28.46028899 69.723 0 4
2 50.14700947 23.76812946 27.09670359 69.723 0 4
2 50.1050145 30.44494332 27.12085972 69.723 0 4
2 48.78342407 25.75651221 30.44867174 69.723 0 4
2 48.8075802 25.79850718 23.77185788 69.723 0 4
2 43.404499 25.00696644 31.20141456 69.723 0 4
2 54.22810459 29.17947942 31.24679739 69.723 0 4
2 52.93351787 21.67541709 25.03732178 69.723 0 4
2 52.88813504 32.49902268 29.20983476 69.723 0 4
2 46.72404226 22.97000381 32.54138411 69.723 0 4
2 50.89655524 23.01538664 21.71777852 69.723 0 4
0 48.81441533 27.08910635 37.97105509 137.327 0 0
0 54.21866997 21.68485171 43.37530973 137.327 0 0
0 43.38611231 29.79583503 37.98782436 137.327 0 1
0 54.15991527 24.4061753 38.04801211 137.327 0 1
0 48.89137235 21.74360641 40.65398614 137.327 0 1
0 48.8311846 32.51740937 35.26432641 137.327 0 1
0 51.49734638 27.01214933 43.31655503 137.327 0 1
0 46.10768665 27.07233708 32.54275207 137.327 0 1
1 46.82358832 29.12654409 39.93829486 72.63 0 6
1 50.7816551 29.07993336 35.93361735 72.63 0 6
1 46.77697759 25.12186658 35.98022808 72.63 0 6
1 50.8121972 25.09132448 39.96883696 72.63 0 6
1 52.22720861 23.67631307 41.38384837 72.63 0 6
1 45.36574469 23.65789783 34.56299978 72.63 0 6
1 52.24562385 30.49716166 34.52238445 72.63 0 6
1 45.40636002 30.53777699 41.40226361 72.63 0 6
1 50.8404256 25.14543741 35.94750416 72.63 0 6
1 46.7908644 25.06309608 39.91472403 72.63 0 6
1 50.75808427 29.11265728 39.99706536 72.63 0 6
1 45.38382833 30.51969335 34.54046809 72.63 0 6
1 52.19572978 30.49921309 41.4348077 72.63 0 6
1 45.40430859 23.62535374 41.35236954 72.63 0 6
1 52.27816794 23.7077919 34.56094835 72.63 0 6
1 48.78828522 24.3785185 32.55745404 72.63 0 5
1 43.40081428 27.11523646 40.68164294 72.63 0 5
1 51.52500318 32.5027074 37.94492498 72.63 0 5
1 52.18677048 27.12687219 36.71537973 72.63 0 7
1 45.42926375 27.11052245 36.73059666 72.63 0 7
1 47.55873997 23.7167512 37.93328925 72.63 0 7
1 47.5739569 30.47425793 37.94963899 72.63 0 7
1 48.79299923 28.32956478 34.58590351 72.63 0 7
1 48.77664949 28.34478171 41.34341024 72.63 0 7
1 43.40794851 25.06219544 33.7875328 72.63 0 7
1 43.39262407 29.14651858 33.78213892 72.63 0 7
1 44.63089304 32.49557317 39.997966 72.63 0 7
1 44.62549916 32.51089761 35.91364286 72.63 0 7
1 46.7570031 31.27802252 32.54926383 72.63 0 7
1 50.84132624 31.27262864 32.56458827 72.63 0 7
2 46.81938412 29.08413756 35.97602388 69.723 0 3
2 48.79811792 29.79708502 32.5553663 69.723 0 2
2 43.39872654 27.10540376 35.26307642 69.723 0 2
2 46.10643666 32.50479514 37.95475768 69.723 0 2
2 45.46088946 27.09363038 39.26396536 69.723 0 4
2 52.13770332 27.11778651 39.30596033 69.723 0 4
2 50.14932057 23.76581836 37.94237493 69.723 0 4
2 50.1073256 30.44263222 37.96653106 69.723 0 4
2 48.78573517 25.75420111 41.29434308 69.723 0 4
2 48.8098913 25.79619608 34.61752922 69.723 0 4
2 43.4068101 25.00465534 42.0470859 69.723 0 4
2 54.23041569 29.17716832 42.09246873 69.723 0 4
2 52.93582897 21.67310599 35.88299312 69.723 0 4
2 52.89044614 32.49671158 40.0555061 69.723 0 4
2 46.72635336 22.96769271 43.38705545 69.723 0 4
2 50.89886634 23.01307554 32.56344986 69.723 0 4
0 48.81672643 27.08679525 48.81672643 137.327 0 0
0 54.22098107 21.68254061 54.22098107 137.327 0 0
0 43.38842341 29.79352393 48.8334957 137.327 0 1
0 54.16222637 24.4038642 48.89368345 137.327 0 1
0 48.89368345 21.74129531 51.49965748 137.327 0 1
0 48.8334957 32.51509827 46.10999775 137.327 0 1
0 51.49965748 27.00983823 54.16222637 137.327 0 1
0 46.10999775 27.07002598 43.38842341 137.327 0 1
1 46.82589942 29.12423299 50.7839662 72.63 0 6
1 50.7839662 29.07762226 46.77928869 72.63 0 6
1 46.77928869 25.11955548 46.82589942 72.63 0 6
1 50.8145083 25.08901338 50.8145083 72.63 0 6
1 52.22951971 23.67400197 52.22951971 72.63 0 6
1 45.36805579 23.65558673 45.40867112 72.63 0 6
1 52.24793495 30.49485056 45.36805579 72.63 0 6
1 45.40867112 30.53546589 52.24793495 72.63 0 6
1 50.8427367 25.14312631 46.7931755 72.63 0 6
1 46.7931755 25.06078498 50.76039537 72.63 0 6
1 50.76039537 29.11034618 50.8427367 72.63 0 6
1 45.38613943 30.51738225 45.38613943 72.63 0 6
1 52.19804088 30.49690199 52.28047904 72.63 0 6
1 45.40661969 23.62304264 52.19804088 72.63 0 6
1 52.28047904 23.7054808 45.40661969 72.63 0 6
1 48.79059632 24.3762074 43.40312538 72.63 0 5
1 43.40312538 27.11292536 51.52731428 72.63 0 5
1 51.52731428 32.5003963 48.79059632 72.63 0 5
1 52.18908158 27.12456109 47.56105107 72.63 0 7
1 45.43157485 27.10821135 47.576268 72.63 0 7
1 47.56105107 23.7144401 48.77896059 72.63 0 7
1 47.576268 30.47194683 48.79531033 72.63 0 7
1 48.79531033 28.32725368 45.43157485 72.63 0 7
1 48.77896059 28.34247061 52.18908158 72.63 0 7
1 43.41025961 25.05988434 44.63320414 72.63 0 7
1 43.39493517 29.14420748 44.62781026 72.63 0 7
1 44.63320414 32.49326207 50.84363734 72.63 0 7
1 44.62781026 32.50858651 46.7593142 72.63 0 7
1 46.7593142 31.27571142 43.39493517 72.63 0 7
1 50.84363734 31.27031754 43.41025961 72.63 0 7
2 46.82169522 29.08182646 46.82169522 69.723 0 3
2 48.80042902 29.79477392 43.40103764 69.723 0 2
2 43.40103764 27.10309266 46.10874776 69.723 0 2
2 46.10874776 32.50248404 48.80042902 69.723 0 2
2 45.46320056 27.09131928 50.1096367 69.723 0 4
2 52.14001442 27.11547541 50.15163167 69.723 0 4
2 50.15163167 23.76350726 48.78804627 69.723 0 4
2 50.1096367 30.44032112 48.8122024 69.723 0 4
2 48.78804627 25.75189001 52.14001442 69.723 0 4
2 48.8122024 25.79388498 45.46320056 69.723 0 4
2 43.4091212 25.00234424 52.89275724 69.723 0 4
2 54.23272679 29.17485722 52.93814007 69.723 0 4
2 52.93814007 21.67079489 46.72866446 69.723 0 4
2 52.89275724 32.49440048 50.90117744 69.723 0 4
2 46.72866446 22.96538161 54.23272679 69.723 0 4
2 50.90117744 23.01076444 43.4091212 69.723 0 4
0 48.81903753 27.08448415 59.66239777 137.327 0 0
0 54.22329217 21.68022951 65.06665241 137.327 0 0
0 43.39073451 29.79121283 59.67916704 137.327 0 1
0 54.16453747 24.4015531 59.73935479 137.327 0 1
0 48.89599455 21.73898421 62.34532882 137.327 0 1
0 48.8358068 32.51278717 56.95566909 137.327 0 1
0 51.50196858 27.00752713 65.00789771 137.327 0 1
0 46.11230885 27.06771488 54.23409475 137.327 0 1
1 46.82821052 29.12192189 61.62963754 72.63 0 6
1 50.7862773 29.07531116 57.62496003 72.63 0 6
1 46.78159979 25.11724438 57.67157076 72.63 0 6
1 50.8168194 25.08670228 61.66017964 72.63 0 6
1 52.23183081 23.67169087 63.07519105 72.63 0 6
1 45.37036689 23.65327563 56.25434246 72.63 0 6
1 52.25024605 30.49253946 56.21372713 72.63 0 6
1 45.41098222 30.53315479 63.09360629 72.63 0 6
1 50.8450478 25.14081521 57.63884684 72.63 0 6
1 46.7954866 25.05847388 61.60606671 72.63 0 6
1 50.76270647 29.10803508 61.68840804 72.63 0 6
1 45.38845053 30.51507115 56.23181077 72.63 0 6
1 52.20035198 30.49459089 63.12615038 72.63 0 6
1 45.40893079 23.62073154 63.04371222 72.63 0 6
1 52.28279014 23.7031697 56.25229103 72.63 0 6
1 48.79290742 24.3738963 54.24879672 72.63 0 5
1 43.40543648 27.11061426 62.37298562 72.63 0 5
1 51.52962538 32.4980852 59.63626766 72.63 0 5
1 52.19139268 27.12224999 58.40672241 72.63 0 7
1 45.43388595 27.10590025 58.42193934 72.63 0 7
1 47.56336217 23.712129 59.62463193 72.63 0 7
1 47.5785791 30.46963573 59.64098167 72.63 0 7
1 48.79762143 28.32494258 56.27724619 72.63 0 7
1 48.78127169 28.34015951 63.03475292 72.63 0 7
1 43.41257071 25.05757324 55.47887548 72.63 0 7
1 43.39724627 29.14189638 55.4734816 72.63 0 7
1 44.63551524 32.49095097 61.68930868 72.63 0 7
1 44.63012136 32.50627541 57.60498554 72.63 0 7
1 46.7616253 31.27340032 54.24060651 72.63 0 7
1 50.84594844 31.26800644 54.25593095 72.63 0 7
2 46.82400632 29.07951536 57.66736656 69.723 0 3
2 48.80274012 29.79246282 54.24670898 69.723 0 2
2 43.40334874 27.10078156 56.9544191 69.723 0 2
2 46.11105886 32.50017294 59.64610036 69.723 0 2
2 45.46551166 27.08900818 60.95530804 69.723 0 4
2 52.14232552 27.11316431 60.99730301 69.723 0 4
2 50.15394277 23.76119616 59.63371761 69.723 0 4
2 50.1119478 30.43801002 59.65787374 69.723 0 4
2 48.79035737 25.74957891 62.98568576 69.723 0 4
2 48.8145135 25.79157388 56.3088719 69.723 0 4
2 43.4114323 25.00003314 63.73842858 69.723 0 4
2 54.23503789 29.17254612 63.78381141 69.723 0 4
2 52.94045117 21.66848379 57.5743358 69.723 0 4
2 52.89506834 32.49208938 61.74684878 69.723 0 4
2 46.73097556 22.96307051 65.07839813 69.723 0 4
2 50.90348854 23.00845334 54.25479254 69.723 0 4
0 48.80517093 37.94171099 5.43172997 137.327 0 0
0 54.20942557 32.53745635 10.83598461 137.327 0 0
0 43.37686791 40.64843967 5.44849924 137.327 0 1
0 54.15067087 35.25877994 5.50868699 137.327 0 1
0 48.88212795 32.59621105 8.11466102 137.327 0 1
0 48.8219402 43.37001401 2.72500129 137.327 0 1
0 51.48810198 37.86475397 10.77722991 137.327 0 1
0 46.09844225 37.92494172 0.00342695 137.327 0 1
1 46.81434392 39.97914873 7.39896974 72.63 0 6
1 50.7724107 39.932538 3.39429223 72.63 0 6
1 46.76773319 35.97447122 3.44090296 72.63 0 6
1 50.8029528 35.94392912 7.42951184 72.63 0 6
1 52.21796421 34.52891771 8.84452325 72.63 0 6
1 45.35650029 34.51050247 2.02367466 72.63 0 6
1 52.23637945 41.3497663 1.98305933 72.63 0 6
1 45.39711562 41.39038163 8.86293849 72.63 0 6
1 50.8311812 35.99804205 3.40817904 72.63 0 6
1 46.78162 35.91570072 7.37539891 72.63 0 6
1 50.74883987 39.96526192 7.45774024 72.63 0 6
1 45.37458393 41.37229799 2.00114297 72.63 0 6
1 52.18648538 41.35181773 8.89548258 72.63 0 6
1 45.39506419 34.47795838 8.81304442 72.63 0 6
1 52.26892354 34.56039654 2.02162323 72.63 0 6
1 48.77904082 35.23112314 0.01812892 72.63 0 5
1 43.39156988 37.9678411 8.14231782 72.63 0 5
1 51.51575878 43.35531204 5.40559986 72.63 0 5
1 52.17752608 37.97947683 4.17605461 72.63 0 7
1 45.42001935 37.96312709 4.19127154 72.63 0 7
1 47.54949557 34.56935584 5.39396413 72.63 0 7
1 47.5647125 41.32686257 5.41031387 72.63 0 7
1 48.78375483 39.18216942 2.04657839 72.63 0 7
1 48.76740509 39.19738635 8.80408512 72.63 0 7
1 43.39870411 35.91480008 1.24820768 72.63 0 7
1 43.38337967 39.99912322 1.2428138 72.63 0 7
1 44.62164864 43.34817781 7.45864088 72.63 0 7
1 44.61625476 43.36350225 3.37431774 72.63 0 7
1 46.7477587 42.13062716 0.00993871 72.63 0 7
1 50.83208184 42.12523328 0.02526315 72.63 0 7
2 46.81013972 39.9367422 3.43669876 69.723 0 3
2 48.78887352 40.64968966 0.01604118 69.723 0 2
2 43.38948214 37.9580084 2.7237513 69.723 0 2
2 46.09719226 43.35739978 5.41543256 69.723 0 2
2 45.45164506 37.94623502 6.72464024 69.723 0 4
2 52.12845892 37.97039115 6.76663521 69.723 0 4
2 50.14007617 34.618423 5.40304981 69.723 0 4
2 50.0980812 41.29523686 5.42720594 69.723 0 4
2 48.77649077 36.60680575 8.75501796 69.723 0 4
2 48.8006469 36.64880072 2.0782041 69.723 0 4
2 43.3975657 35.85725998 9.50776078 69.723 0 4
2 54.22117129 40.02977296 9.55314361 69.723 0 4
2 52.92658457 32.52571063 3.343668 69.723 0 4
2 52.88120174 43.34931622 7.51618098 69.723 0 4
2 46.71710896 33.82029735 10.84773033 69.723 0 4
2 50.88962194 33.86568018 0.02412474 69.723 0 4
0 48.80748203 37.93939989 16.27740131 137.327 0 0
0 54.21173667 32.53514525 21.68165595 137.327 0 0
0 43.37917901 40.64612857 16.29417058 137.327 0 1
0 54.15298197 35.25646884 16.35435833 137.327 0 1
0 48.88443905 32.59389995 18.96033236 137.327 0 1
0 48.8242513 43.36770291 13.57067263 137.327 0 1
0 51.49041308 37.86244287 21.62290125 137.327 0 1
0 46.10075335 37.92263062 10.84909829 137.327 0 1
1 46.81665502 39.97683763 18.24464108 72.63 0 6
1 50.7747218 39.9302269 14.23996357 72.63 0 6
1 46.77004429 35.97216012 14.2865743 72.63 0 6
1 50.8052639 35.94161802 18.27518318 72.63 0 6
1 52.22027531 34.52660661 19.69019459 72.63 0 6
1 45.35881139 34.50819137 12.869346 72.63 0 6
1 52.23869055 41.3474552 12.82873067 72.63 0 6
1 45.39942672 41.38807053 19.70860983 72.63 0 6
1 50.8334923 35.99573095 14.25385038 72.63 0 6
1 46.7839311 35.91338962 18.22107025 72.63 0 6
1 50.75115097 39.96295082 18.30341158 72.63 0 6
1 45.37689503 41.36998689 12.84681431 72.63 0 6
1 52.18879648 41.34950663 19.74115392 72.63 0 6
1 45.39737529 34.47564728 19.65871576 72.63 0 6
1 52.27123464 34.55808544 12.86729457 72.63 0 6
1 48.78135192 35.22881204 10.86380026 72.63 0 5
1 43.39388098 37.96553 18.98798916 72.63 0 5
1 51.51806988 43.35300094 16.2512712 72.63 0 5
1 52.17983718 37.97716573 15.02172595 72.63 0 7
1 45.42233045 37.96081599 15.03694288 72.63 0 7
1 47.55180667 34.56704474 16.23963547 72.63 0 7
1 47.5670236 41.32455147 16.25598521 72.63 0 7
1 48.78606593 39.17985832 12.89224973 72.63 0 7
1 48.76971619 39.19507525 19.64975646 72.63 0 7
1 43.40101521 35.91248898 12.09387902 72.63 0 7
1 43.38569077 39.99681212 12.08848514 72.63 0 7
1 44.62395974 43.34586671 18.30431222 72.63 0 7
1 44.61856586 43.36119115 14.21998908 72.63 0 7
1 46.7500698 42.12831606 10.85561005 72.63 0 7
1 50.83439294 42.12292218 10.87093449 72.63 0 7
2 46.81245082 39.9344311 14.2823701 69.723 0 3
2 48.79118462 40.64737856 10.86171252 69.723 0 2
2 43.39179324 37.9556973 13.56942264 69.723 0 2
2 46.09950336 43.35508868 16.2611039 69.723 0 2
2 45.45395616 37.94392392 17.57031158 69.723 0 4
2 52.13077002 37.96808005 17.61230655 69.723 0 4
2 50.14238727 34.6161119 16.24872115 69.723 0 4
2 50.1003923 41.29292576 16.27287728 69.723 0 4
2 48.77880187 36.60449465 19.6006893 69.723 0 4
2 48.802958 36.64648962 12.92387544 69.723 0 4
2 43.3998768 35.85494888 20.35343212 69.723 0 4
2 54.22348239 40.02746186 20.39881495 69.723 0 4
2 52.92889567 32.52339953 14.18933934 69.723 0 4
2 52.88351284 43.34700512 18.36185232 69.723 0 4
2 46.71942006 33.81798625 21.69340167 69.723 0 4
2 50.89193304 33.86336908 10.86979608 69.723 0 4
0 48.80979313 37.93708879 27.12307265 137.327 0 0
0 54.21404777 32.53283415 32.52732729 137.327 0 0
0 43.38149011 40.64381747 27.13984192 137.327 0 1
0 54.15529307 35.25415774 27.20002967 137.327 0 1
0 48.88675015 32.59158885 29.8060037 137.327 0 1
0 48.8265624 43.36539181 24.41634397 137.327 0 1
0 51.49272418 37.86013177 32.46857259 137.327 0 1
0 46.10306445 37.92031952 21.69476963 137.327 0 1
1 46.81896612 39.97452653 29.09031242 72.63 0 6
1 50.7770329 39.9279158 25.08563491 72.63 0 6
1 46.77235539 35.96984902 25.13224564 72.63 0 6
1 50.807575 35.93930692 29.12085452 72.63 0 6
1 52.22258641 34.52429551 30.53586593 72.63 0 6
1 45.36112249 34.50588027 23.71501734 72.63 0 6
1 52.24100165 41.3451441 23.67440201 72.63 0 6
1 45.40173782 41.38575943 30.55428117 72.63 0 6
1 50.8358034 35.99341985 25.09952172 72.63 0 6
1 46.7862422 35.91107852 29.06674159 72.63 0 6
1 50.75346207 39.96063972 29.14908292 72.63 0 6
1 45.37920613 41.36767579 23.69248565 72.63 0 6
1 52.19110758 41.34719553 30.58682526 72.63 0 6
1 45.39968639 34.47333618 30.5043871 72.63 0 6
1 52.27354574 34.55577434 23.71296591 72.63 0 6
1 48.78366302 35.22650094 21.7094716 72.63 0 5
1 43.39619208 37.9632189 29.8336605 72.63 0 5
1 51.52038098 43.35068984 27.09694254 72.63 0 5
1 52.18214828 37.97485463 25.86739729 72.63 0 7
1 45.42464155 37.95850489 25.88261422 72.63 0 7
1 47.55411777 34.56473364 27.08530681 72.63 0 7
1 47.5693347 41.32224037 27.10165655 72.63 0 7
1 48.78837703 39.17754722 23.73792107 72.63 0 7
1 48.77202729 39.19276415 30.4954278 72.63 0 7
1 43.40332631 35.91017788 22.93955036 72.63 0 7
1 43.38800187 39.99450102 22.93415648 72.63 0 7
1 44.62627084 43.34355561 29.14998356 72.63 0 7
1 44.62087696 43.35888005 25.06566042 72.63 0 7
1 46.7523809 42.12600496 21.70128139 72.63 0 7
1 50.83670404 42.12061108 21.71660583 72.63 0 7
2 46.81476192 39.93212 25.12804144 69.723 0 3
2 48.79349572 40.64506746 21.70738386 69.723 0 2
2 43.39410434 37.9533862 24.41509398 69.723 0 2
2 46.10181446 43.35277758 27.10677524 69.723 0 2
2 45.45626726 37.94161282 28.41598292 69.723 0 4
2 52.13308112 37.96576895 28.45797789 69.723 0 4
2 50.14469837 34.6138008 27.09439249 69.723 0 4
2 50.1027034 41.29061466 27.11854862 69.723 0 4
2 48.78111297 36.60218355 30.44636064 69.723 0 4
2 48.8052691 36.64417852 23.76954678 69.723 0 4
2 43.4021879 35.85263778 31.19910346 69.723 0 4
2 54.22579349 40.02515076 31.24448629 69.723 0 4
2 52.93120677 32.52108843 25.03501068 69.723 0 4
2 52.88582394 43.34469402 29.20752366 69.723 0 4
2 46.72173116 33.81567515 32.53907301 69.723 0 4
2 50.89424414 33.86105798 21.71546742 69.723 0 4
0 48.81210423 37.93477769 37.96874399 137.327 0 0
0 54.21635887 32.53052305 43.37299863 137.327 0 0
0 43.38380121 40.64150637 37.98551326 137.327 0 1
0 54.15760417 35.25184664 38.04570101 137.327 0 1
0 48.88906125 32.58927775 40.65167504 137.327 0 1
0 48.8288735 43.36308071 35.26201531 137.327 0 1
0 51.49503528 37.85782067 43.31424393 137.327 0 1
0 46.10537555 37.91800842 32.54044097 137.327 0 1
1 46.82127722 39.97221543 39.93598376 72.63 0 6
1 50.779344 39.9256047 35.93130625 72.63 0 6
1 46.77466649 35.96753792 35.97791698 72.63 0 6
1 50.8098861 35.93699582 39.96652586 72.63 0 6
1 52.22489751 34.52198441 41.38153727 72.63 0 6
1 45.36343359 34.50356917 34.56068868 72.63 0 6
1 52.24331275 41.342833 34.52007335 72.63 0 6
1 45.40404892 41.38344833 41.39995251 72.63 0 6
1 50.8381145 35.99110875 35.94519306 72.63 0 6
1 46.7885533 35.90876742 39.91241293 72.63 0 6
1 50.75577317 39.95832862 39.99475426 72.63 0 6
1 45.38151723 41.36536469 34.53815699 72.63 0 6
1 52.19341868 41.34488443 41.4324966 72.63 0 6
1 45.40199749 34.47102508 41.35005844 72.63 0 6
1 52.27585684 34.55346324 34.55863725 72.63 0 6
1 48.78597412 35.22418984 32.55514294 72.63 0 5
1 43.39850318 37.9609078 40.67933184 72.63 0 5
1 51.52269208 43.34837874 37.94261388 72.63 0 5
1 52.18445938 37.97254353 36.71306863 72.63 0 7
1 45.42695265 37.95619379 36.72828556 72.63 0 7
1 47.55642887 34.56242254 37.93097815 72.63 0 7
1 47.5716458 41.31992927 37.94732789 72.63 0 7
1 48.79068813 39.17523612 34.58359241 72.63 0 7
1 48.77433839 39.19045305 41.34109914 72.63 0 7
1 43.40563741 35.90786678 33.7852217 72.63 0 7
1 43.39031297 39.99218992 33.77982782 72.63 0 7
1 44.62858194 43.34124451 39.9956549 72.63 0 7
1 44.62318806 43.35656895 35.91133176 72.63 0 7
1 46.754692 42.12369386 32.54695273 72.63 0 7
1 50.83901514 42.11829998 32.56227717 72.63 0 7
2 46.81707302 39.9298089 35.97371278 69.723 0 3
2 48.79580682 40.64275636 32.5530552 69.723 0 2
2 43.39641544 37.9510751 35.26076532 69.723 0 2
2 46.10412556 43.35046648 37.95244658 69.723 0 2
2 45.45857836 37.93930172 39.26165426 69.723 0 4
2 52.13539222 37.96345785 39.30364923 69.723 0 4
2 50.14700947 34.6114897 37.94006383 69.723 0 4
2 50.1050145 41.28830356 37.96421996 69.723 0 4
2 48.78342407 36.59987245 41.29203198 69.723 0 4
2 48.8075802 36.64186742 34.61521812 69.723 0 4
2 43.404499 35.85032668 42.0447748 69.723 0 4
2 54.22810459 40.02283966 42.09015763 69.723 0 4
2 52.93351787 32.51877733 35.88068202 69.723 0 4
2 52.88813504 43.34238292 40.053195 69.723 0 4
2 46.72404226 33.81336405 43.38474435 69.723 0 4
2 50.89655524 33.85874688 32.56113876 69.723 0 4
0 48.81441533 37.93246659 48.81441533 137.327 0 0
0 54.21866997 32.52821195 54.21866997 137.327 0 0
0 43.38611231 40.63919527 48.8311846 137.327 0 1
0 54.15991527 35.24953554 48.89137235 137.327 0 1
0 48.89137235 32.58696665 51.49734638 137.327 0 1
0 48.8311846 43.36076961 46.10768665 137.327 0 1
0 51.49734638 37.85550957 54.15991527 137.327 0 1
0 46.10768665 37.91569732 43.38611231 137.327 0 1
1 46.82358832 39.96990433 50.7816551 72.63 0 6
1 50.7816551 39.9232936 46.77697759 72.63 0 6
1 46.77697759 35.96522682 46.82358832 72.63 0 6
1 50.8121972 35.93468472 50.8121972 72.63 0 6
1 52.22720861 34.51967331 52.22720861 72.63 0 6
1 45.36574469 34.50125807 45.40636002 72.63 0 6
1 52.24562385 41.3405219 45.36574469 72.63 0 6
1 45.40636002 41.38113723 52.24562385 72.63 0 6
1 50.8404256 35.98879765 46.7908644 72.63 0 6
1 46.7908644 35.90645632 50.75808427 72.63 0 6
1 50.75808427 39.95601752 50.8404256 72.63 0 6
1 45.38382833 41.36305359 45.38382833 72.63 0 6
1 52.19572978 41.34257333 52.27816794 72.63 0 6
1 45.40430859 34.46871398 52.19572978 72.63 0 6
1 52.27816794 34.55115214 45.40430859 72.63 0 6
1 48.78828522 35.22187874 43.40081428 72.63 0 5
1 43.40081428 37.9585967 51.52500318 72.63 0 5
1 51.52500318 43.34606764 48.78828522 72.63 0 5
1 52.18677048 37.97023243 47.55873997 72.63 0 7
1 45.42926375 37.95388269 47.5739569 72.63 0 7
1 47.55873997 34.56011144 48.77664949 72.63 0 7
1 47.5739569 41.31761817 48.79299923 72.63 0 7
1 48.79299923 39.17292502 45.42926375 72.63 0 7
1 48.77664949 39.18814195 52.18677048 72.63 0 7
1 43.40794851 35.90555568 44.63089304 72.63 0 7
1 43.39262407 39.98987882 44.62549916 72.63 0 7
1 44.63089304 43.33893341 50.84132624 72.63 0 7
1 44.62549916 43.35425785 46.7570031 72.63 0 7
1 46.7570031 42.12138276 43.39262407 72.63 0 7
1 50.84132624 42.11598888 43.40794851 72.63 0 7
2 46.81938412 39.9274978 46.81938412 69.723 0 3
2 48.79811792 40.64044526 43.39872654 69.723 0 2
2 43.39872654 37.948764 46.10643666 69.723 0 2
2 46.10643666 43.34815538 48.79811792 69.723 0 2
2 45.46088946 37.93699062 50.1073256 69.723 0 4
2 52.13770332 37.96114675 50.14932057 69.723 0 4
2 50.14932057 34.6091786 48.78573517 69.723 0 4
2 50.1073256 41.28599246 48.8098913 69.723 0 4
2 48.78573517 36.59756135 52.13770332 69.723 0 4
2 48.8098913 36.63955632 45.46088946 69.723 0 4
2 43.4068101 35.84801558 52.89044614 69.723 0 4
2 54.23041569 40.02052856 52.93582897 69.723 0 4
2 52.93582897 32.51646623 46.72635336 69.723 0 4
2 52.89044614 43.34007182 50.89886634 69.723 0 4
2 46.72635336 33.81105295 54.23041569 69.723 0 4
2 50.89886634 33.85643578 43.4068101 69.723 0 4
0 48.81672643 37.93015549 59.66008667 137.327 0 0
0 54.22098107 32.52590085 65.06434131 137.327 0 0
0 43.38842341 40.63688417 59.67685594 137.327 0 1
0 54.16222637 35.24722444 59.73704369 137.327 0 1
0 48.89368345 32.58465555 62.34301772 137.327 0 1
0 48.8334957 43.35845851 56.95335799 137.327 0 1
0 51.49965748 37.85319847 65.00558661 137.327 0 1
0 46.10999775 37.91338622 54.23178365 137.327 0 1
1 46.82589942 39.96759323 61.62732644 72.63 0 6
1 50.7839662 39.9209825 57.62264893 72.63 0 6
1 46.77928869 35.96291572 57.66925966 72.63 0 6
1 50.8145083 35.93237362 61.65786854 72.63 0 6
1 52.22951971 34.51736221 63.07287995 72.63 0 6
1 45.36805579 34.49894697 56.25203136 72.63 0 6
1 52.24793495 41.3382108 56.21141603 72.63 0 6
1 45.40867112 41.37882613 63.09129519 72.63 0 6
1 50.8427367 35.98648655 57.63653574 72.63 0 6
1 46.7931755 35.90414522 61.60375561 72.63 0 6
1 50.76039537 39.95370642 61.68609694 72.63 0 6
1 45.38613943 41.36074249 56.22949967 72.63 0 6
1 52.19804088 41.34026223 63.12383928 72.63 0 6
1 45.40661969 34.46640288 63.04140112 72.63 0 6
1 52.28047904 34.54884104 56.24997993 72.63 0 6
1 48.79059632 35.21956764 54.24648562 72.63 0 5
1 43.40312538 37.9562856 62.37067452 72.63 0 5
1 51.52731428 43.34375654 59.63395656 72.63 0 5
1 52.18908158 37.96792133 58.40441131 72.63 0 7
1 45.43157485 37.95157159 58.41962824 72.63 0 7
1 47.56105107 34.55780034 59.62232083 72.63 0 7
1 47.576268 41.31530707 59.63867057 72.63 0 7
1 48.79531033 39.17061392 56.27493509 72.63 0 7
1 48.77896059 39.18583085 63.03244182 72.63 0 7
1 43.41025961 35.90324458 55.47656438 72.63 0 7
1 43.39493517 39.98756772 55.4711705 72.63 0 7
1 44.63320414 43.33662231 61.68699758 72.63 0 7
1 44.62781026 43.35194675 57.60267444 72.63 0 7
1 46.7593142 42.11907166 54.23829541 72.63 0 7
1 50.84363734 42.11367778 54.25361985 72.63 0 7
2 46.82169522 39.9251867 57.66505546 69.723 0 3
2 48.80042902 40.63813416 54.24439788 69.723 0 2
2 43.40103764 37.9464529 56.952108 69.723 0 2
2 46.10874776 43.34584428 59.64378926 69.723 0 2
2 45.46320056 37.93467952 60.95299694 69.723 0 4
2 52.14001442 37.95883565 60.99499191 69.723 0 4
2 50.15163167 34.6068675 59.63140651 69.723 0 4
2 50.1096367 41.28368136 59.65556264 69.723 0 4
2 48.78804627 36.59525025 62.98337466 69.723 0 4
2 48.8122024 36.63724522 56.3065608 69.723 0 4
2 43.4091212 35.84570448 63.73611748 69.723 0 4
2 54.23272679 40.01821746 63.78150031 69.723 0 4
2 52.93814007 32.51415513 57.5720247 69.723 0 4
2 52.89275724 43.33776072 61.74453768 69.723 0 4
2 46.72866446 33.80874185 65.07608703 69.723 0 4
2 50.90117744 33.85412468 54.25248144 69.723 0 4
0 48.80285983 48.78738233 5.42941887 137.327 0 0
0 54.20711447 43.38312769 10.83367351 137.327 0 0
0 43.37455681 51.49411101 5.44618814 137.327 0 1
0 54.14835977 46.10445128 5.50637589 137.327 0 1
0 48.87981685 43.44188239 8.11234992 137.327 0 1
0 48.8196291 54.21568535 2.72269019 137.327 0 1
0 51.48579088 48.71042531 10.77491881 137.327 0 1
0 46.09613115 48.77061306 0.00111585 137.327 0 1
1 46.81203282 50.82482007 7.39665864 72.63 0 6
1 50.7700996 50.77820934 3.39198113 72.63 0 6
1 46.76542209 46.82014256 3.43859186 72.63 0 6
1 50.8006417 46.78960046 7.42720074 72.63 0 6
1 52.21565311 45.37458905 8.84221215 72.63 0 6
1 45.35418919 45.35617381 2.02136356 72.63 0 6
1 52.23406835 52.19543764 1.98074823 72.63 0 6
1 45.39480452 52.23605297 8.86062739 72.63 0 6
1 50.8288701 46.84371339 3.40586794 72.63 0 6
1 46.7793089 46.76137206 7.37308781 72.63 0 6
1 50.74652877 50.81093326 7.45542914 72.63 0 6
1 45.37227283 52.21796933 1.99883187 72.63 0 6
1 52.18417428 52.19748907 8.89317148 72.63 0 6
1 45.39275309 45.32362972 8.81073332 72.63 0 6
1 52.26661244 45.40606788 2.01931213 72.63 0 6
1 48.77672972 46.07679448 0.01581782 72.63 0 5
1 43.38925878 48.81351244 8.14000672 72.63 0 5
1 51.51344768 54.20098338 5.40328876 72.63 0 5
1 52.17521498 48.82514817 4.17374351 72.63 0 7
1 45.41770825 48.80879843 4.18896044 72.63 0 7
1 47.54718447 45.41502718 5.39165303 72.63 0 7
1 47.5624014 52.17253391 5.40800277 72.63 0 7
1 48.78144373 50.02784076 2.04426729 72.63 0 7
1 48.76509399 50.04305769 8.80177402 72.63 0 7
1 43.39639301 46.76047142 1.24589658 72.63 0 7
1 43.38106857 50.84479456 1.2405027 72.63 0 7
1 44.61933754 54.19384915 7.45632978 72.63 0 7
1 44.61394366 54.20917359 3.37200664 72.63 0 7
1 46.7454476 52.9762985 0.00762761 72.63 0 7
1 50.82977074 52.97090462 0.02295205 72.63 0 7
2 46.80782862 50.78241354 3.43438766 69.723 0 3
2 48.78656242 51.495361 0.01373008 69.723 0 2
2 43.38717104 48.80367974 2.7214402 69.723 0 2
2 46.09488116 54.20307112 5.41312146 69.723 0 2
2 45.44933396 48.79190636 6.72232914 69.723 0 4
2 52.12614782 48.81606249 6.76432411 69.723 0 4
2 50.13776507 45.46409434 5.40073871 69.723 0 4
2 50.0957701 52.1409082 5.42489484 69.723 0 4
2 48.77417967 47.45247709 8.75270686 69.723 0 4
2 48.7983358 47.49447206 2.075893 69.723 0 4
2 43.3952546 46.70293132 9.50544968 69.723 0 4
2 54.21886019 50.8754443 9.55083251 69.723 0 4
2 52.92427347 43.37138197 3.3413569 69.723 0 4
2 52.87889064 54.19498756 7.51386988 69.723 0 4
2 46.71479786 44.66596869 10.84541923 69.723 0 4
2 50.88731084 44.71135152 0.02181364 69.723 0 4
0 48.80517093 48.78507123 16.27509021 137.327 0 0
0 54.20942557 43.38081659 21.67934485 137.327 0 0
0 43.37686791 51.49179991 16.29185948 137.327 0 1
0 54.15067087 46.10214018 16.35204723 137.327 0 1
0 48.88212795 43.43957129 18.95802126 137.327 0 1
0 48.8219402 54.21337425 13.56836153 137.327 0 1
0 51.48810198 48.70811421 21.62059015 137.327 0 1
0 46.09844225 48.76830196 10.84678719 137.327 0 1
1 46.81434392 50.82250897 18.24232998 72.63 0 6
1 50.7724107 50.77589824 14.23765247 72.63 0 6
1 46.76773319 46.81783146 14.2842632 72.63 0 6
1 50.8029528 46.78728936 18.27287208 72.63 0 6
1 52.21796421 45.37227795 19.68788349 72.63 0 6
1 45.35650029 45.35386271 12.8670349 72.63 0 6
1 52.23637945 52.19312654 12.82641957 72.63 0 6
1 45.39711562 52.23374187 19.70629873 72.63 0 6
1 50.8311812 46.84140229 14.25153928 72.63 0 6
1 46.78162 46.75906096 18.21875915 72.63 0 6
1 50.74883987 50.80862216 18.30110048 72.63 0 6
1 45.37458393 52.21565823 12.84450321 72.63 0 6
1 52.18648538 52.19517797 19.73884282 72.63 0 6
1 45.39506419 45.32131862 19.65640466 72.63 0 6
1 52.26892354 45.40375678 12.86498347 72.63 0 6
1 48.77904082 46.07448338 10.86148916 72.63 0 5
1 43.39156988 48.81120134 18.98567806 72.63 0 5
1 51.51575878 54.19867228 16.2489601 72.63 0 5
1 52.17752608 48.82283707 15.01941485 72.63 0 7
1 45.42001935 48.80648733 15.03463178 72.63 0 7
1 47.54949557 45.41271608 16.23732437 72.63 0 7
1 47.5647125 52.17022281 16.25367411 72.63 0 7
1 48.78375483 50.02552966 12.88993863 72.63 0 7
1 48.76740509 50.04074659 19.64744536 72.63 0 7
1 43.39870411 46.75816032 12.09156792 72.63 0 7
1 43.38337967 50.84248346 12.08617404 72.63 0 7
1 44.62164864 54.19153805 18.30200112 72.63 0 7
1 44.61625476 54.20686249 14.21767798 72.63 0 7
1 46.7477587 52.9739874 10.85329895 72.63 0 7
1 50.83208184 52.96859352 10.86862339 72.63 0 7
2 46.81013972 50.78010244 14.280059 69.723 0 3
2 48.78887352 51.4930499 10.85940142 69.723 0 2
2 43.38948214 48.80136864 13.56711154 69.723 0 2
2 46.09719226 54.20076002 16.2587928 69.723 0 2
2 45.45164506 48.78959526 17.56800048 69.723 0 4
2 52.12845892 48.81375139 17.60999545 69.723 0 4
2 50.14007617 45.46178324 16.24641005 69.723 0 4
2 50.0980812 52.1385971 16.27056618 69.723 0 4
2 48.77649077 47.45016599 19.5983782 69.723 0 4
2 48.8006469 47.49216096 12.92156434 69.723 0 4
2 43.3975657 46.70062022 20.35112102 69.723 0 4
2 54.22117129 50.8731332 20.39650385 69.723 0 4
2 52.92658457 43.36907087 14.18702824 69.723 0 4
2 52.88120174 54.19267646 18.35954122 69.723 0 4
2 46.71710896 44.66365759 21.69109057 69.723 0 4
2 50.88962194 44.70904042 10.86748498 69.723 0 4
0 48.80748203 48.78276013 27.12076155 137.327 0 0
0 54.21173667 43.37850549 32.52501619 137.327 0 0
0 43.37917901 51.48948881 27.13753082 137.327 0 1
0 54.15298197 46.09982908 27.19771857 137.327 0 1
0 48.88443905 43.43726019 29.8036926 137.327 0 1
0 48.8242513 54.21106315 24.41403287 137.327 0 1
0 51.49041308 48.70580311 32.46626149 137.327 0 1
0 46.10075335 48.76599086 21.69245853 137.327 0 1
1 46.81665502 50.82019787 29.08800132 72.63 0 6
1 50.7747218 50.77358714 25.08332381 72.63 0 6
1 46.77004429 46.81552036 25.12993454 72.63 0 6
1 50.8052639 46.78497826 29.11854342 72.63 0 6
1 52.22027531 45.36996685 30.53355483 72.63 0 6
1 45.35881139 45.35155161 23.71270624 72.63 0 6
1 52.23869055 52.19081544 23.67209091 72.63 0 6
1 45.39942672 52.23143077 30.55197007 72.63 0 6
1 50.8334923 46.83909119 25.09721062 72.63 0 6
1 46.7839311 46.75674986 29.06443049 72.63 0 6
1 50.75115097 50.80631106 29.14677182 72.63 0 6
1 45.37689503 52.21334713 23.69017455 72.63 0 6
1 52.18879648 52.19286687 30.58451416 72.63 0 6
1 45.39737529 45.31900752 30.502076 72.63 0 6
1 52.27123464 45.40144568 23.71065481 72.63 0 6
1 48.78135192 46.07217228 21.7071605 72.63 0 5
1 43.39388098 48.80889024 29.8313494 72.63 0 5
1 51.51806988 54.19636118 27.09463144 72.63 0 5
1 52.17983718 48.82052597 25.86508619 72.63 0 7
1 45.42233045 48.80417623 25.88030312 72.63 0 7
1 47.55180667 45.41040498 27.08299571 72.63 0 7
1 47.5670236 52.16791171 27.09934545 72.63 0 7
1 48.78606593 50.02321856 23.73560997 72.63 0 7
1 48.76971619 50.03843549 30.4931167 72.63 0 7
1 43.40101521 46.75584922 22.93723926 72.63 0 7
1 43.38569077 50.84017236 22.93184538 72.63 0 7
1 44.62395974 54.18922695 29.14767246 72.63 0 7
1 44.61856586 54.20455139 25.06334932 72.63 0 7
1 46.7500698 52.9716763 21.69897029 72.63 0 7
1 50.83439294 52.96628242 21.71429473 72.63 0 7
2 46.81245082 50.77779134 25.12573034 69.723 0 3
2 48.79118462 51.4907388 21.70507276 69.723 0 2
2 43.39179324 48.79905754 24.41278288 69.723 0 2
2 46.09950336 54.19844892 27.10446414 69.723 0 2
2 45.45395616 48.78728416 28.41367182 69.723 0 4
2 52.13077002 48.81144029 28.45566679 69.723 0 4
2 50.14238727 45.45947214 27.09208139 69.723 0 4
2 50.1003923 52.136286 27.11623752 69.723 0 4
2 48.77880187 47.44785489 30.44404954 69.723 0 4
2 48.802958 47.48984986 23.76723568 69.723 0 4
2 43.3998768 46.69830912 31.19679236 69.723 0 4
2 54.22348239 50.8708221 31.24217519 69.723 0 4
2 52.92889567 43.36675977 25.03269958 69.723 0 4
2 52.88351284 54.19036536 29.20521256 69.723 0 4
2 46.71942006 44.66134649 32.53676191 69.723 0 4
2 50.89193304 44.70672932 21.71315632 69.723 0 4
0 48.80979313 48.78044903 37.96643289 137.327 0 0
0 54.21404777 43.37619439 43.37068753 137.327 0 0
0 43.38149011 51.48717771 37.98320216 137.327 0 1
0 54.15529307 46.09751798 38.04338991 137.327 0 1
0 48.88675015 43.43494909 40.64936394 137.327 0 1
0 48.8265624 54.20875205 35.25970421 137.327 0 1
0 51.49272418 48.70349201 43.31193283 137.327 0 1
0 46.10306445 48.76367976 32.53812987 137.327 0 1
1 46.81896612 50.81788677 39.93367266 72.63 0 6
1 50.7770329 50.77127604 35.92899515 72.63 0 6
1 46.77235539 46.81320926 35.97560588 72.63 0 6
1 50.807575 46.78266716 39.96421476 72.63 0 6
1 52.22258641 45.36765575 41.37922617 72.63 0 6
1 45.36112249 45.34924051 34.55837758 72.63 0 6
1 52.24100165 52.18850434 34.51776225 72.63 0 6
1 45.40173782 52.22911967 41.39764141 72.63 0 6
1 50.8358034 46.83678009 35.94288196 72.63 0 6
1 46.7862422 46.75443876 39.91010183 72.63 0 6
1 50.75346207 50.80399996 39.99244316 72.63 0 6
1 45.37920613 52.21103603 34.53584589 72.63 0 6
1 52.19110758 52.19055577 41.4301855 72.63 0 6
1 45.39968639 45.31669642 41.34774734 72.63 0 6
1 52.27354574 45.39913458 34.55632615 72.63 0 6
1 48.78366302 46.06986118 32.55283184 72.63 0 5
1 43.39619208 48.80657914 40.67702074 72.63 0 5
1 51.52038098 54.19405008 37.94030278 72.63 0 5
1 52.18214828 48.81821487 36.71075753 72.63 0 7
1 45.42464155 48.80186513 36.72597446 72.63 0 7
1 47.55411777 45.40809388 37.92866705 72.63 0 7
1 47.5693347 52.16560061 37.94501679 72.63 0 7
1 48.78837703 50.02090746 34.58128131 72.63 0 7
1 48.77202729 50.03612439 41.33878804 72.63 0 7
1 43.40332631 46.75353812 33.7829106 72.63 0 7
1 43.38800187 50.83786126 33.77751672 72.63 0 7
1 44.62627084 54.18691585 39.9933438 72.63 0 7
1 44.62087696 54.20224029 35.90902066 72.63 0 7
1 46.7523809 52.9693652 32.54464163 72.63 0 7
1 50.83670404 52.96397132 32.55996607 72.63 0 7
2 46.81476192 50.77548024 35.97140168 69.723 0 3
2 48.79349572 51.4884277 32.5507441 69.723 0 2
2 43.39410434 48.79674644 35.25845422 69.723 0 2
2 46.10181446 54.19613782 37.95013548 69.723 0 2
2 45.45626726 48.78497306 39.25934316 69.723 0 4
2 52.13308112 48.80912919 39.30133813 69.723 0 4
2 50.14469837 45.45716104 37.93775273 69.723 0 4
2 50.1027034 52.1339749 37.96190886 69.723 0 4
2 48.78111297 47.44554379 41.28972088 69.723 0 4
2 48.8052691 47.48753876 34.61290702 69.723 0 4
2 43.4021879 46.69599802 42.0424637 69.723 0 4
2 54.22579349 50.868511 42.08784653 69.723 0 4
2 52.93120677 43.36444867 35.87837092 69.723 0 4
2 52.88582394 54.18805426 40.0508839 69.723 0 4
2 46.72173116 44.65903539 43.38243325 69.723 0 4
2 50.89424414 44.70441822 32.55882766 69.723 0 4
0 48.81210423 48.77813793 48.81210423 137.327 0 0
0 54.21635887 43.37388329 54.21635887 137.327 0 0
0 43.38380121 51.48486661 48.8288735 137.327 0 1
0 54.15760417 46.09520688 48.88906125 137.327 0 1
0 48.88906125 43.43263799 51.49503528 137.327 0 1
0 48.8288735 54.20644095 46.10537555 137.327 0 1
0 51.49503528 48.70118091 54.15760417 137.327 0 1
0 46.10537555 48.76136866 43.38380121 137.327 0 1
1 46.82127722 50.81557567 50.779344 72.63 0 6
1 50.779344 50.76896494 46.77466649 72.63 0 6
1 46.77466649 46.81089816 46.82127722 72.63 0 6
1 50.8098861 46.78035606 50.8098861 72.63 0 6
1 52.22489751 45.36534465 52.22489751 72.63 0 6
1 45.36343359 45.34692941 45.40404892 72.63 0 6
1 52.24331275 52.18619324 45.36343359 72.63 0 6
1 45.40404892 52.22680857 52.24331275 72.63 0 6
1 50.8381145 46.83446899 46.7885533 72.63 0 6
1 46.7885533 46.75212766 50.75577317 72.63 0 6
1 50.75577317 50.80168886 50.8381145 72.63 0 6
1 45.38151723 52.20872493 45.38151723 72.63 0 6
1 52.19341868 52.18824467 52.27585684 72.63 0 6
1 45.40199749 45.31438532 52.19341868 72.63 0 6
1 52.27585684 45.39682348 45.40199749 72.63 0 6
1 48.78597412 46.06755008 43.39850318 72.63 0 5
1 43.39850318 48.80426804 51.52269208 72.63 0 5
1 51.52269208 54.19173898 48.78597412 72.63 0 5
1 52.18445938 48.81590377 47.55642887 72.63 0 7
1 45.42695265 48.79955403 47.5716458 72.63 0 7
1 47.55642887 45.40578278 48.77433839 72.63 0 7
1 47.5716458 52.16328951 48.79068813 72.63 0 7
1 48.79068813 50.01859636 45.42695265 72.63 0 7
1 48.77433839 50.03381329 52.18445938 72.63 0 7
1 43.40563741 46.75122702 44.62858194 72.63 0 7
1 43.39031297 50.83555016 44.62318806 72.63 0 7
1 44.62858194 54.18460475 50.83901514 72.63 0 7
1 44.62318806 54.19992919 46.754692 72.63 0 7
1 46.754692 52.9670541 43.39031297 72.63 0 7
1 50.83901514 52.96166022 43.40563741 72.63 0 7
2 46.81707302 50.77316914 46.81707302 69.723 0 3
2 48.79580682 51.4861166 43.39641544 69.723 0 2
2 43.39641544 48.79443534 46.10412556 69.723 0 2
2 46.10412556 54.19382672 48.79580682 69.723 0 2
2 45.45857836 48.78266196 50.1050145 69.723 0 4
2 52.13539222 48.80681809 50.14700947 69.723 0 4
2 50.14700947 45.45484994 48.78342407 69.723 0 4
2 50.1050145 52.1316638 48.8075802 69.723 0 4
2 48.78342407 47.44323269 52.13539222 69.723 0 4
2 48.8075802 47.48522766 45.45857836 69.723 0 4
2 43.404499 46.69368692 52.88813504 69.723 0 4
2 54.22810459 50.8661999 52.93351787 69.723 0 4
2 52.93351787 43.36213757 46.72404226 69.723 0 4
2 52.88813504 54.18574316 50.89655524 69.723 0 4
2 46.72404226 44.65672429 54.22810459 69.723 0 4
2 50.89655524 44.70210712 43.404499 69.723 0 4
0 48.81441533 48.77582683 59.65777557 137.327 0 0
0 54.21866997 43.37157219 65.06203021 137.327 0 0
0 43.38611231 51.48255551 59.67454484 137.327 0 1
0 54.15991527 46.09289578 59.73473259 137.327 0 1
0 48.89137235 43.43032689 62.34070662 137.327 0 1
0 48.8311846 54.20412985 56.95104689 137.327 0 1
0 51.49734638 48.69886981 65.00327551 137.327 0 1
0 46.10768665 48.75905756 54.22947255 137.327 0 1
1 46.82358832 50.81326457 61.62501534 72.63 0 6
1 50.7816551 50.76665384 57.62033783 72.63 0 6
1 46.77697759 46.80858706 57.66694856 72.63 0 6
1 50.8121972 46.77804496 61.65555744 72.63 0 6
1 52.22720861 45.36303355 63.07056885 72.63 0 6
1 45.36574469 45.34461831 56.24972026 72.63 0 6
1 52.24562385 52.18388214 56.20910493 72.63 0 6
1 45.40636002 52.22449747 63.08898409 72.63 0 6
1 50.8404256 46.83215789 57.63422464 72.63 0 6
1 46.7908644 46.74981656 61.60144451 72.63 0 6
1 50.75808427 50.79937776 61.68378584 72.63 0 6
1 45.38382833 52.20641383 56.22718857 72.63 0 6
1 52.19572978 52.18593357 63.12152818 72.63 0 6
1 45.40430859 45.31207422 63.03909002 72.63 0 6
1 52.27816794 45.39451238 56.24766883 72.63 0 6
1 48.78828522 46.06523898 54.24417452 72.63 0 5
1 43.40081428 48.80195694 62.36836342 72.63 0 5
1 51.52500318 54.18942788 59.63164546 72.63 0 5
1 52.18677048 48.81359267 58.40210021 72.63 0 7
1 45.42926375 48.79724293 58.41731714 72.63 0 7
1 47.55873997 45.40347168 59.62000973 72.63 0 7
1 47.5739569 52.16097841 59.63635947 72.63 0 7
1 48.79299923 50.01628526 56.27262399 72.63 0 7
1 48.77664949 50.03150219 63.03013072 72.63 0 7
1 43.40794851 46.74891592 55.47425328 72.63 0 7
1 43.39262407 50.83323906 55.4688594 72.63 0 7
1 44.63089304 54.18229365 61.68468648 72.63 0 7
1 44.62549916 54.19761809 57.60036334 72.63 0 7
1 46.7570031 52.964743 54.23598431 72.63 0 7
1 50.84132624 52.95934912 54.25130875 72.63 0 7
2 46.81938412 50.77085804 57.66274436 69.723 0 3
2 48.79811792 51.4838055 54.24208678 69.723 0 2
2 43.39872654 48.79212424 56.9497969 69.723 0 2
2 46.10643666 54.19151562 59.64147816 69.723 0 2
2 45.46088946 48.78035086 60.95068584 69.723 0 4
2 52.13770332 48.80450699 60.99268081 69.723 0 4
2 50.14932057 45.45253884 59.62909541 69.723 0 4
2 50.1073256 52.1293527 59.65325154 69.723 0 4
2 48.78573517 47.44092159 62.98106356 69.723 0 4
2 48.8098913 47.48291656 56.3042497 69.723 0 4
2 43.4068101 46.69137582 63.73380638 69.723 0 4
2 54.23041569 50.8638888 63.77918921 69.723 0 4
2 52.93582897 43.35982647 57.5697136 69.723 0 4
2 52.89044614 54.18343206 61.74222658 69.723 0 4
2 46.72635336 44.65441319 65.07377593 69.723 0 4
2 50.89886634 44.69979602 54.25017034 69.723 0 4
0 48.80054873 59.63305367 5.42710777 137.327 0 0
0 54.20480337 54.22879903 10.83136241 137.327 0 0
0 43.37224571 62.33978235 5.44387704 137.327 0 1
0 54.14604867 56.95012262 5.50406479 137.327 0 1
0 48.87750575 54.28755373 8.11003882 137.327 0 1
0 48.817318 65.06135669 2.72037909 137.327 0 1
0 51.48347978 59.55609665 10.77260771 137.327 0 1
0 46.09382005 59.6162844 -0.00119525 137.327 0 1
1 46.80972172 61.67049141 7.39434754 72.63 0 6
1 50.7677885 61.62388068 3.38967003 72.63 0 6
1 46.76311099 57.6658139 3.43628076 72.63 0 6
1 50.7983306 57.6352718 7.42488964 72.63 0 6
1 52.21334201 56.22026039 8.83990105 72.63 0 6
1 45.35187809 56.20184515 2.01905246 72.63 0 6
1 52.23175725 63.04110898 1.97843713 72.63 0 6
1 45.39249342 63.08172431 8.85831629 72.63 0 6
1 50.826559 57.68938473 3.40355684 72.63 0 6
1 46.7769978 57.6070434 7.37077671 72.63 0 6
1 50.74421767 61.6566046 7.45311804 72.63 0 6
1 45.36996173 63.06364067 1.99652077 72.63 0 6
1 52.18186318 63.04316041 8.89086038 72.63 0 6
1 45.39044199 56.16930106 8.80842222 72.63 0 6
1 52.26430134 56.25173922 2.01700103 72.63 0 6
1 48.77441862 56.92246582 0.01350672 72.63 0 5
1 43.38694768 59.65918378 8.13769562 72.63 0 5
1 51.51113658 65.04665472 5.40097766 72.63 0 5
1 52.17290388 59.67081951 4.17143241 72.63 0 7
1 45.41539715 59.65446977 4.18664934 72.63 0 7
1 47.54487337 56.26069852 5.38934193 72.63 0 7
1 47.5600903 63.01820525 5.40569167 72.63 0 7
1 48.77913263 60.8735121 2.04195619 72.63 0 7
1 48.76278289 60.88872903 8.79946292 72.63 0 7
1 43.39408191 57.60614276 1.24358548 72.63 0 7
1 43.37875747 61.6904659 1.2381916 72.63 0 7
1 44.61702644 65.03952049 7.45401868 72.63 0 7
1 44.61163256 65.05484493 3.36969554 72.63 0 7
1 46.7431365 63.82196984 0.00531651 72.63 0 7
1 50.82745964 63.81657596 0.02064095 72.63 0 7
2 46.80551752 61.62808488 3.43207656 69.723 0 3
2 48.78425132 62.34103234 0.01141898 69.723 0 2
2 43.38485994 59.64935108 2.7191291 69.723 0 2
2 46.09257006 65.04874246 5.41081036 69.723 0 2
2 45.44702286 59.6375777 6.72001804 69.723 0 4
2 52.12383672 59.66173383 6.76201301 69.723 0 4
2 50.13545397 56.30976568 5.39842761 69.723 0 4
2 50.093459 62.98657954 5.42258374 69.723 0 4
2 48.77186857 58.29814843 8.75039576 69.723 0 4
2 48.7960247 58.3401434 2.0735819 69.723 0 4
2 43.3929435 57.54860266 9.50313858 69.723 0 4
2 54.21654909 61.72111564 9.54852141 69.723 0 4
2 52.92196237 54.21705331 3.3390458 69.723 0 4
2 52.87657954 65.0406589 7.51155878 69.723 0 4
2 46.71248676 55.51164003 10.84310813 69.723 0 4
2 50.88499974 55.55702286 0.01950254 69.723 0 4
0 48.80285983 59.63074257 16.27277911 137.327 0 0
0 54.20711447 54.22648793 21.67703375 137.327 0 0
0 43.37455681 62.33747125 16.28954838 137.327 0 1
0 54.14835977 56.94781152 16.34973613 137.327 0 1
0 48.87981685 54.28524263 18.95571016 137.327 0 1
0 48.8196291 65.05904559 13.56605043 137.327 0 1
0 51.48579088 59.55378555 21.61827905 137.327 0 1
0 46.09613115 59.6139733 10.84447609 137.327 0 1
1 46.81203282 61.66818031 18.24001888 72.63 0 6
1 50.7700996 61.62156958 14.23534137 72.63 0 6
1 46.76542209 57.6635028 14.2819521 72.63 0 6
1 50.8006417 57.6329607 18.27056098 72.63 0 6
1 52.21565311 56.21794929 19.68557239 72.63 0 6
1 45.35418919 56.19953405 12.8647238 72.63 0 6
1 52.23406835 63.03879788 12.82410847 72.63 0 6
1 45.39480452 63.07941321 19.70398763 72.63 0 6
1 50.8288701 57.68707363 14.24922818 72.63 0 6
1 46.7793089 57.6047323 18.21644805 72.63 0 6
1 50.74652877 61.6542935 18.29878938 72.63 0 6
1 45.37227283 63.06132957 12.84219211 72.63 0 6
1 52.18417428 63.04084931 19.73653172 72.63 0 6
1 45.39275309 56.16698996 19.65409356 72.63 0 6
1 52.26661244 56.24942812 12.86267237 72.63 0 6
1 48.77672972 56.92015472 10.85917806 72.63 0 5
1 43.38925878 59.65687268 18.98336696 72.63 0 5
1 51.51344768 65.04434362 16.246649 72.63 0 5
1 52.17521498 59.66850841 15.01710375 72.63 0 7
1 45.41770825 59.65215867 15.03232068 72.63 0 7
1 47.54718447 56.25838742 16.23501327 72.63 0 7
1 47.5624014 63.01589415 16.25136301 72.63 0 7
1 48.78144373 60.871201 12.88762753 72.63 0 7
1 48.76509399 60.88641793 19.64513426 72.63 0 7
1 43.39639301 57.60383166 12.08925682 72.63 0 7
1 43.38106857 61.6881548 12.08386294 72.63 0 7
1 44.61933754 65.03720939 18.29969002 72.63 0 7
1 44.61394366 65.05253383 14.21536688 72.63 0 7
1 46.7454476 63.81965874 10.85098785 72.63 0 7
1 50.82977074 63.81426486 10.86631229 72.63 0 7
2 46.80782862 61.62577378 14.2777479 69.723 0 3
2 48.78656242 62.33872124 10.85709032 69.723 0 2
2 43.38717104 59.64703998 13.56480044 69.723 0 2
2 46.09488116 65.04643136 16.2564817 69.723 0 2
2 45.44933396 59.6352666 17.56568938 69.723 0 4
2 52.12614782 59.65942273 17.60768435 69.723 0 4
2 50.13776507 56.30745458 16.24409895 69.723 0 4
2 50.0957701 62.98426844 16.26825508 69.723 0 4
2 48.77417967 58.29583733 19.5960671 69.723 0 4
2 48.7983358 58.3378323 12.91925324 69.723 0 4
2 43.3952546 57.54629156 20.34880992 69.723 0 4
2 54.21886019 61.71880454 20.39419275 69.723 0 4
2 52.92427347 54.21474221 14.18471714 69.723 0 4
2 52.87889064 65.0383478 18.35723012 69.723 0 4
2 46.71479786 55.50932893 21.68877947 69.723 0 4
2 50.88731084 55.55471176 10.86517388 69.723 0 4
0 48.80517093 59.62843147 27.11845045 137.327 0 0
0 54.20942557 54.22417683 32.52270509 137.327 0 0
0 43.37686791 62.33516015 27.13521972 137.327 0 1
0 54.15067087 56.94550042 27.19540747 137.327 0 1
0 48.88212795 54.28293153 29.8013815 137.327 0 1
0 48.8219402 65.05673449 24.41172177 137.327 0 1
0 51.48810198 59.55147445 32.46395039 137.327 0 1
0 46.09844225 59.6116622 21.69014743 137.327 0 1
1 46.81434392 61.66586921 29.08569022 72.63 0 6
1 50.7724107 61.61925848 25.08101271 72.63 0 6
1 46.76773319 57.6611917 25.12762344 72.63 0 6
1 50.8029528 57.6306496 29.11623232 72.63 0 6
1 52.21796421 56.21563819 30.53124373 72.63 0 6
1 45.35650029 56.19722295 23.71039514 72.63 0 6
1 52.23637945 63.03648678 23.66977981 72.63 0 6
1 45.39711562 63.07710211 30.54965897 72.63 0 6
1 50.8311812 57.68476253 25.09489952 72.63 0 6
1 46.78162 57.6024212 29.06211939 72.63 0 6
1 50.74883987 61.6519824 29.14446072 72.63 0 6
1 45.37458393 63.05901847 23.68786345 72.63 0 6
1 52.18648538 63.03853821 30.58220306 72.63 0 6
1 45.39506419 56.16467886 30.4997649 72.63 0 6
1 52.26892354 56.24711702 23.70834371 72.63 0 6
1 48.77904082 56.91784362 21.7048494 72.63 0 5
1 43.39156988 59.65456158 29.8290383 72.63 0 5
1 51.51575878 65.04203252 27.09232034 72.63 0 5
1 52.17752608 59.66619731 25.86277509 72.63 0 7
1 45.42001935 59.64984757 25.87799202 72.63 0 7
1 47.54949557 56.25607632 27.08068461 72.63 0 7
1 47.5647125 63.01358305 27.09703435 72.63 0 7
1 48.78375483 60.8688899 23.73329887 72.63 0 7
1 48.76740509 60.88410683 30.4908056 72.63 0 7
1 43.39870411 57.60152056 22.93492816 72.63 0 7
1 43.38337967 61.6858437 22.92953428 72.63 0 7
1 44.62164864 65.03489829 29.14536136 72.63 0 7
1 44.61625476 65.05022273 25.06103822 72.63 0 7
1 46.7477587 63.81734764 21.69665919 72.63 0 7
1 50.83208184 63.81195376 21.71198363 72.63 0 7
2 46.81013972 61.62346268 25.12341924 69.723 0 3
2 48.78887352 62.33641014 21.70276166 69.723 0 2
2 43.38948214 59.64472888 24.41047178 69.723 0 2
2 46.09719226 65.04412026 27.10215304 69.723 0 2
2 45.45164506 59.6329555 28.41136072 69.723 0 4
2 52.12845892 59.65711163 28.45335569 69.723 0 4
2 50.14007617 56.30514348 27.08977029 69.723 0 4
2 50.0980812 62.98195734 27.11392642 69.723 0 4
2 48.77649077 58.29352623 30.44173844 69.723 0 4
2 48.8006469 58.3355212 23.76492458 69.723 0 4
2 43.3975657 57.54398046 31.19448126 69.723 0 4
2 54.22117129 61.71649344 31.23986409 69.723 0 4
2 52.92658457 54.21243111 25.03038848 69.723 0 4
2 52.88120174 65.0360367 29.20290146 69.723 0 4
2 46.71710896 55.50701783 32.53445081 69.723 0 4
2 50.88962194 55.55240066 21.71084522 69.723 0 4
0 48.80748203 59.62612037 37.96412179 137.327 0 0
0 54.21173667 54.22186573 43.36837643 137.327 0 0
0 43.37917901 62.33284905 37.98089106 137.327 0 1
0 54.15298197 56.94318932 38.04107881 137.327 0 1
0 48.88443905 54.28062043 40.64705284 137.327 0 1
0 48.8242513 65.05442339 35.25739311 137.327 0 1
0 51.49041308 59.54916335 43.30962173 137.327 0 1
0 46.10075335 59.6093511 32.53581877 137.327 0 1
1 46.81665502 61.66355811 39.93136156 72.63 0 6
1 50.7747218 61.61694738 35.92668405 72.63 0 6
1 46.77004429 57.6588806 35.97329478 72.63 0 6
1 50.8052639 57.6283385 39.96190366 72.63 0 6
1 52.22027531 56.21332709 41.37691507 72.63 0 6
1 45.35881139 56.19491185 34.55606648 72.63 0 6
1 52.23869055 63.03417568 34.51545115 72.63 0 6
1 45.39942672 63.07479101 41.39533031 72.63 0 6
1 50.8334923 57.68245143 35.94057086 72.63 0 6
1 46.7839311 57.6001101 39.90779073 72.63 0 6
1 50.75115097 61.6496713 39.99013206 72.63 0 6
1 45.37689503 63.05670737 34.53353479 72.63 0 6
1 52.18879648 63.03622711 41.4278744 72.63 0 6
1 45.39737529 56.16236776 41.34543624 72.63 0 6
1 52.27123464 56.24480592 34.55401505 72.63 0 6
1 48.78135192 56.91553252 32.55052074 72.63 0 5
1 43.39388098 59.65225048 40.67470964 72.63 0 5
1 51.51806988 65.03972142 37.93799168 72.63 0 5
1 52.17983718 59.66388621 36.70844643 72.63 0 7
1 45.42233045 59.64753647 36.72366336 72.63 0 7
1 47.55180667 56.25376522 37.92635595 72.63 0 7
1 47.5670236 63.01127195 37.94270569 72.63 0 7
1 48.78606593 60.8665788 34.57897021 72.63 0 7
1 48.76971619 60.88179573 41.33647694 72.63 0 7
1 43.40101521 57.59920946 33.7805995 72.63 0 7
1 43.38569077 61.6835326 33.77520562 72.63 0 7
1 44.62395974 65.03258719 39.9910327 72.63 0 7
1 44.61856586 65.04791163 35.90670956 72.63 0 7
1 46.7500698 63.81503654 32.54233053 72.63 0 7
1 50.83439294 63.80964266 32.55765497 72.63 0 7
2 46.81245082 61.62115158 35.96909058 69.723 0 3
2 48.79118462 62.33409904 32.548433 69.723 0 2
2 43.39179324 59.64241778 35.25614312 69.723 0 2
2 46.09950336 65.04180916 37.94782438 69.723 0 2
2 45.45395616 59.6306444 39.25703206 69.723 0 4
2 52.13077002 59.65480053 39.29902703 69.723 0 4
2 50.14238727 56.30283238 37.93544163 69.723 0 4
2 50.1003923 62.97964624 37.95959776 69.723 0 4
2 48.77880187 58.29121513 41.28740978 69.723 0 4
2 48.802958 58.3332101 34.61059592 69.723 0 4
2 43.3998768 57.54166936 42.0401526 69.723 0 4
2 54.22348239 61.71418234 42.08553543 69.723 0 4
2 52.92889567 54.21012001 35.87605982 69.723 0 4
2 52.88351284 65.0337256 40.0485728 69.723 0 4
2 46.71942006 55.50470673 43.38012215 69.723 0 4
2 50.89193304 55.55008956 32.55651656 69.723 0 4
0 48.80979313 59.62380927 48.80979313 137.327 0 0
0 54.21404777 54.21955463 54.21404777 137.327 0 0
0 43.38149011 62.33053795 48.8265624 137.327 0 1
0 54.15529307 56.94087822 48.88675015 137.327 0 1
0 48.88675015 54.27830933 51.49272418 137.327 0 1
0 48.8265624 65.05211229 46.10306445 137.327 0 1
0 51.49272418 59.54685225 54.15529307 137.327 0 1
0 46.10306445 59.60704 43.38149011 137.327 0 1
1 46.81896612 61.66124701 50.7770329 72.63 0 6
1 50.7770329 61.61463628 46.77235539 72.63 0 6
1 46.77235539 57.6565695 46.81896612 72.63 0 6
1 50.807575 57.6260274 50.807575 72.63 0 6
1 52.22258641 56.21101599 52.22258641 72.63 0 6
1 45.36112249 56.19260075 45.40173782 72.63 0 6
1 52.24100165 63.03186458 45.36112249 72.63 0 6
1 45.40173782 63.07247991 52.24100165 72.63 0 6
1 50.8358034 57.68014033 46.7862422 72.63 0 6
1 46.7862422 57.597799 50.75346207 72.63 0 6
1 50.75346207 61.6473602 50.8358034 72.63 0 6
1 45.37920613 63.05439627 45.37920613 72.63 0 6
1 52.19110758 63.03391601 52.27354574 72.63 0 6
1 45.39968639 56.16005666 52.19110758 72.63 0 6
1 52.27354574 56.24249482 45.39968639 72.63 0 6
1 48.78366302 56.91322142 43.39619208 72.63 0 5
1 43.39619208 59.64993938 51.52038098 72.63 0 5
1 51.52038098 65.03741032 48.78366302 72.63 0 5
1 52.18214828 59.66157511 47.55411777 72.63 0 7
1 45.42464155 59.64522537 47.5693347 72.63 0 7
1 47.55411777 56.25145412 48.77202729 72.63 0 7
1 47.5693347 63.00896085 48.78837703 72.63 0 7
1 48.78837703 60.8642677 45.42464155 72.63 0 7
1 48.77202729 60.87948463 52.18214828 72.63 0 7
1 43.40332631 57.59689836 44.62627084 72.63 0 7
1 43.38800187 61.6812215 44.62087696 72.63 0 7
1 44.62627084 65.03027609 50.83670404 72.63 0 7
1 44.62087696 65.04560053 46.7523809 72.63 0 7
1 46.7523809 63.81272544 43.38800187 72.63 0 7
1 50.83670404 63.80733156 43.40332631 72.63 0 7
2 46.81476192 61.61884048 46.81476192 69.723 0 3
2 48.79349572 62.33178794 43.39410434 69.723 0 2
2 43.39410434 59.64010668 46.10181446 69.723 0 2
2 46.10181446 65.03949806 48.79349572 69.723 0 2
2 45.45626726 59.6283333 50.1027034 69.723 0 4
2 52.13308112 59.65248943 50.14469837 69.723 0 4
2 50.14469837 56.30052128 48.78111297 69.723 0 4
2 50.1027034 62.97733514 48.8052691 69.723 0 4
2 48.78111297 58.28890403 52.13308112 69.723 0 4
2 48.8052691 58.330899 45.45626726 69.723 0 4
2 43.4021879 57.53935826 52.88582394 69.723 0 4
2 54.22579349 61.71187124 52.93120677 69.723 0 4
2 52.93120677 54.20780891 46.72173116 69.723 0 4
2 52.88582394 65.0314145 50.89424414 69.723 0 4
2 46.72173116 55.50239563 54.22579349 69.723 0 4
2 50.89424414 55.54777846 43.4021879 69.723 0 4
0 48.81210423 59.62149817 59.65546447 137.327 0 0
0 54.21635887 54.21724353 65.05971911 137.327 0 0
0 43.38380121 62.32822685 59.67223374 137.327 0 1
0 54.15760417 56.93856712 59.73242149 137.327 0 1
0 48.88906125 54.27599823 62.33839552 137.327 0 1
0 48.8288735 65.04980119 56.94873579 137.327 0 1
0 51.49503528 59.54454115 65.00096441 137.327 0 1
0 46.10537555 59.6047289 54.22716145 137.327 0 1
1 46.82127722 61.65893591 61.62270424 72.63 0 6
1 50.779344 61.61232518 57.61802673 72.63 0 6
1 46.77466649 57.6542584 57.66463746 72.63 0 6
1 50.8098861 57.6237163 61.65324634 72.63 0 6
1 52.22489751 56.20870489 63.06825775 72.63 0 6
1 45.36343359 56.19028965 56.24740916 72.63 0 6
1 52.24331275 63.02955348 56.20679383 72.63 0 6
1 45.40404892 63.07016881 63.08667299 72.63 0 6
1 50.8381145 57.67782923 57.63191354 72.63 0 6
1 46.7885533 57.5954879 61.59913341 72.63 0 6
1 50.75577317 61.6450491 61.68147474 72.63 0 6
1 45.38151723 63.05208517 56.22487747 72.63 0 6
1 52.19341868 63.03160491 63.11921708 72.63 0 6
1 45.40199749 56.15774556 63.03677892 72.63 0 6
1 52.27585684 56.24018372 56.24535773 72.63 0 6
1 48.78597412 56.91091032 54.24186342 72.63 0 5
1 43.39850318 59.64762828 62.36605232 72.63 0 5
1 51.52269208 65.03509922 59.62933436 72.63 0 5
1 52.18445938 59.65926401 58.39978911 72.63 0 7
1 45.42695265 59.64291427 58.41500604 72.63 0 7
1 47.55642887 56.24914302 59.61769863 72.63 0 7
1 47.5716458 63.00664975 59.63404837 72.63 0 7
1 48.79068813 60.8619566 56.27031289 72.63 0 7
1 48.77433839 60.87717353 63.02781962 72.63 0 7
1 43.40563741 57.59458726 55.47194218 72.63 0 7
1 43.39031297 61.6789104 55.4665483 72.63 0 7
1 44.62858194 65.02796499 61.68237538 72.63 0 7
1 44.62318806 65.04328943 57.59805224 72.63 0 7
1 46.754692 63.81041434 54.23367321 72.63 0 7
1 50.83901514 63.80502046 54.24899765 72.63 0 7
2 46.81707302 61.61652938 57.66043326 69.723 0 3
2 48.79580682 62.32947684 54.23977568 69.723 0 2
2 43.39641544 59.63779558 56.9474858 69.723 0 2
2 46.10412556 65.03718696 59.63916706 69.723 0 2
2 45.45857836 59.6260222 60.94837474 69.723 0 4
2 52.13539222 59.65017833 60.99036971 69.723 0 4
2 50.14700947 56.29821018 59.62678431 69.723 0 4
2 50.1050145 62.97502404 59.65094044 69.723 0 4
2 48.78342407 58.28659293 62.97875246 69.723 0 4
2 48.8075802 58.3285879 56.3019386 69.723 0 4
2 43.404499 57.53704716 63.73149528 69.723 0 4
2 54.22810459 61.70956014 63.77687811 69.723 0 4
2 52.93351787 54.20549781 57.5674025 69.723 0 4
2 52.88813504 65.0291034 61.73991548 69.723 0 4
2 46.72404226 55.50008453 65.07146483 69.723 0 4
2 50.89655524 55.54546736 54.24785924 69.723 0 4
0 59.65777557 5.40238587 5.44097437 137.327 0 0
0 65.06203021 -0.00186877 10.84522901 137.327 0 0
0 54.22947255 8.10911455 5.45774364 137.327 0 1
0 65.00327551 2.71945482 5.51793139 137.327 0 1
0 59.73473259 0.05688593 8.12390542 137.327 0 1
0 59.67454484 10.83068889 2.73424569 137.327 0 1
0 62.34070662 5.32542885 10.78647431 137.327 0 1
0 56.95104689 5.3856166 0.01267135 137.327 0 1
1 57.66694856 7.43982361 7.40821414 72.63 0 6
1 61.62501534 7.39321288 3.40353663 72.63 0 6
1 57.62033783 3.4351461 3.45014736 72.63 0 6
1 61.65555744 3.404604 7.43875624 72.63 0 6
1 63.07056885 1.98959259 8.85376765 72.63 0 6
1 56.20910493 1.97117735 2.03291906 72.63 0 6
1 63.08898409 8.81044118 1.99230373 72.63 0 6
1 56.24972026 8.85105651 8.87218289 72.63 0 6
1 61.68378584 3.45871693 3.41742344 72.63 0 6
1 57.63422464 3.3763756 7.38464331 72.63 0 6
1 61.60144451 7.4259368 7.46698464 72.63 0 6
1 56.22718857 8.83297287 2.01038737 72.63 0 6
1 63.03909002 8.81249261 8.90472698 72.63 0 6
1 56.24766883 1.93863326 8.82228882 72.63 0 6
1 63.12152818 2.02107142 2.03086763 72.63 0 6
1 59.63164546 2.69179802 0.02737332 72.63 0 5
1 54.24417452 5.42851598 8.15156222 72.63 0 5
1 62.36836342 10.81598692 5.41484426 72.63 0 5
1 63.03013072 5.44015171 4.18529901 72.63 0 7
1 56.27262399 5.42380197 4.20051594 72.63 0 7
1 58.40210021 2.03003072 5.40320853 72.63 0 7
1 58.41731714 8.78753745 5.41955827 72.63 0 7
1 59.63635947 6.6428443 2.05582279 72.63 0 7
1 59.62000973 6.65806123 8.81332952 72.63 0 7
1 54.25130875 3.37547496 1.25745208 72.63 0 7
1 54.23598431 7.4597981 1.2520582 72.63 0 7
1 55.47425328 10.80885269 7.46788528 72.63 0 7
1 55.4688594 10.82417713 3.38356214 72.63 0 7
1 57.60036334 9.59130204 0.01918311 72.63 0 7
1 61.68468648 9.58590816 0.03450755 72.63 0 7
2 57.66274436 7.39741708 3.44594316 69.723 0 3
2 59.64147816 8.11036454 0.02528558 69.723 0 2
2 54.24208678 5.41868328 2.7329957 69.723 0 2
2 56.9497969 10.81807466 5.42467696 69.723 0 2
2 56.3042497 5.4069099 6.73388464 69.723 0 4
2 62.98106356 5.43106603 6.77587961 69.723 0 4
2 60.99268081 2.07909788 5.41229421 69.723 0 4
2 60.95068584 8.75591174 5.43645034 69.723 0 4
2 59.62909541 4.06748063 8.76426236 69.723 0 4
2 59.65325154 4.1094756 2.0874485 69.723 0 4
2 54.25017034 3.31793486 9.51700518 69.723 0 4
2 65.07377593 7.49044784 9.56238801 69.723 0 4
2 63.77918921 -0.01361449 3.3529124 69.723 0 4
2 63.73380638 10.8099911 7.52542538 69.723 0 4
2 57.5697136 1.28097223 10.85697473 69.723 0 4
2 61.74222658 1.32635506 0.03336914 69.723 0 4
0 59.66008667 5.40007477 16.28664571 137.327 0 0
0 65.06434131 -0.00417987 21.69090035 137.327 0 0
0 54.23178365 8.10680345 16.30341498 137.327 0 1
0 65.00558661 2.71714372 16.36360273 137.327 0 1
0 59.73704369 0.05457483 18.96957676 137.327 0 1
0 59.67685594 10.82837779 13.57991703 137.327 0 1
0 62.34301772 5.32311775 21.63214565 137.327 0 1
0 56.95335799 5.3833055 10.85834269 137.327 0 1
1 57.66925966 7.43751251 18.25388548 72.63 0 6
1 61.62732644 7.39090178 14.24920797 72.63 0 6
1 57.62264893 3.432835 14.2958187 72.63 0 6
1 61.65786854 3.4022929 18.28442758 72.63 0 6
1 63.07287995 1.98728149 19.69943899 72.63 0 6
1 56.21141603 1.96886625 12.8785904 72.63 0 6
1 63.09129519 8.80813008 12.83797507 72.63 0 6
1 56.25203136 8.84874541 19.71785423 72.63 0 6
1 61.68609694 3.45640583 14.26309478 72.63 0 6
1 57.63653574 3.3740645 18.23031465 72.63 0 6
1 61.60375561 7.4236257 18.31265598 72.63 0 6
1 56.22949967 8.83066177 12.85605871 72.63 0 6
1 63.04140112 8.81018151 19.75039832 72.63 0 6
1 56.24997993 1.93632216 19.66796016 72.63 0 6
1 63.12383928 2.01876032 12.87653897 72.63 0 6
1 59.63395656 2.68948692 10.87304466 72.63 0 5
1 54.24648562 5.42620488 18.99723356 72.63 0 5
1 62.37067452 10.81367582 16.2605156 72.63 0 5
1 63.03244182 5.43784061 15.03097035 72.63 0 7
1 56.27493509 5.42149087 15.04618728 72.63 0 7
1 58.40441131 2.02771962 16.24887987 72.63 0 7
1 58.41962824 8.78522635 16.26522961 72.63 0 7
1 59.63867057 6.6405332 12.90149413 72.63 0 7
1 59.62232083 6.65575013 19.65900086 72.63 0 7
1 54.25361985 3.37316386 12.10312342 72.63 0 7
1 54.23829541 7.457487 12.09772954 72.63 0 7
1 55.47656438 10.80654159 18.31355662 72.63 0 7
1 55.4711705 10.82186603 14.22923348 72.63 0 7
1 57.60267444 9.58899094 10.86485445 72.63 0 7
1 61.68699758 9.58359706 10.88017889 72.63 0 7
2 57.66505546 7.39510598 14.2916145 69.723 0 3
2 59.64378926 8.10805344 10.87095692 69.723 0 2
2 54.24439788 5.41637218 13.57866704 69.723 0 2
2 56.952108 10.81576356 16.2703483 69.723 0 2
2 56.3065608 5.4045988 17.57955598 69.723 0 4
2 62.98337466 5.42875493 17.62155095 69.723 0 4
2 60.99499191 2.07678678 16.25796555 69.723 0 4
2 60.95299694 8.75360064 16.28212168 69.723 0 4
2 59.63140651 4.06516953 19.6099337 69.723 0 4
2 59.65556264 4.1071645 12.93311984 69.723 0 4
2 54.25248144 3.31562376 20.36267652 69.723 0 4
2 65.07608703 7.48813674 20.40805935 69.723 0 4
2 63.78150031 -0.01592559 14.19858374 69.723 0 4
2 63.73611748 10.80768 18.37109672 69.723 0 4
2 57.5720247 1.27866113 21.70264607 69.723 0 4
2 61.74453768 1.32404396 10.87904048 69.723 0 4
0 59.66239777 5.39776367 27.13231705 137.327 0 0
0 65.06665241 -0.00649097 32.53657169 137.327 0 0
0 54.23409475 8.10449235 27.14908632 137.327 0 1
0 65.00789771 2.71483262 27.20927407 137.327 0 1
0 59.73935479 0.05226373 29.8152481 137.327 0 1
0 59.67916704 10.82606669 24.42558837 137.327 0 1
0 62.34532882 5.32080665 32.47781699 137.327 0 1
0 56.95566909 5.3809944 21.70401403 137.327 0 1
1 57.67157076 7.43520141 29.09955682 72.63 0 6
1 61.62963754 7.38859068 25.09487931 72.63 0 6
1 57.62496003 3.4305239 25.14149004 72.63 0 6
1 61.66017964 3.3999818 29.13009892 72.63 0 6
1 63.07519105 1.98497039 30.54511033 72.63 0 6
1 56.21372713 1.96655515 23.72426174 72.63 0 6
1 63.09360629 8.80581898 23.68364641 72.63 0 6
1 56.25434246 8.84643431 30.56352557 72.63 0 6
1 61.68840804 3.45409473 25.10876612 72.63 0 6
1 57.63884684 3.3717534 29.07598599 72.63 0 6
1 61.60606671 7.4213146 29.15832732 72.63 0 6
1 56.23181077 8.82835067 23.70173005 72.63 0 6
1 63.04371222 8.80787041 30.59606966 72.63 0 6
1 56.25229103 1.93401106 30.5136315 72.63 0 6
1 63.12615038 2.01644922 23.72221031 72.63 0 6
1 59.63626766 2.68717582 21.718716 72.63 0 5
1 54.24879672 5.42389378 29.8429049 72.63 0 5
1 62.37298562 10.81136472 27.10618694 72.63 0 5
1 63.03475292 5.43552951 25.87664169 72.63 0 7
1 56.27724619 5.41917977 25.89185862 72.63 0 7
1 58.40672241 2.02540852 27.09455121 72.63 0 7
1 58.42193934 8.78291525 27.11090095 72.63 0 7
1 59.64098167 6.6382221 23.74716547 72.63 0 7
1 59.62463193 6.65343903 30.5046722 72.63 0 7
1 54.25593095 3.37085276 22.94879476 72.63 0 7
1 54.24060651 7.4551759 22.94340088 72.63 0 7
1 55.47887548 10.80423049 29.15922796 72.63 0 7
1 55.4734816 10.81955493 25.07490482 72.63 0 7
1 57.60498554 9.58667984 21.71052579 72.63 0 7
1 61.68930868 9.58128596 21.72585023 72.63 0 7
2 57.66736656 7.39279488 25.13728584 69.723 0 3
2 59.64610036 8.10574234 21.71662826 69.723 0 2
2 54.24670898 5.41406108 24.42433838 69.723 0 2
2 56.9544191 10.81345246 27.11601964 69.723 0 2
2 56.3088719 5.4022877 28.42522732 69.723 0 4
2 62.98568576 5.42644383 28.46722229 69.723 0 4
2 60.99730301 2.07447568 27.10363689 69.723 0 4
2 60.95530804 8.75128954 27.12779302 69.723 0 4
2 59.63371761 4.06285843 30.45560504 69.723 0 4
2 59.65787374 4.1048534 23.77879118 69.723 0 4
2 54.25479254 3.31331266 31.20834786 69.723 0 4
2 65.07839813 7.48582564 31.25373069 69.723 0 4
2 63.78381141 -0.01823669 25.04425508 69.723 0 4
2 63.73842858 10.8053689 29.21676806 69.723 0 4
2 57.5743358 1.27635003 32.54831741 69.723 0 4
2 61.74684878 1.32173286 21.72471182 69.723 0 4
0 59.66470887 5.39545257 37.97798839 137.327 0 0
0 65.06896351 -0.00880207 43.38224303 137.327 0 0
0 54.23640585 8.10218125 37.99475766 137.327 0 1
0 65.01020881 2.71252152 38.05494541 137.327 0 1
0 59.74166589 0.04995263 40.66091944 137.327 0 1
0 59.68147814 10.82375559 35.27125971 137.327 0 1
0 62.34763992 5.31849555 43.32348833 137.327 0 1
0 56.95798019 5.3786833 32.54968537 137.327 0 1
1 57.67388186 7.43289031 39.94522816 72.63 0 6
1 61.63194864 7.38627958 35.94055065 72.63 0 6
1 57.62727113 3.4282128 35.98716138 72.63 0 6
1 61.66249074 3.3976707 39.97577026 72.63 0 6
1 63.07750215 1.98265929 41.39078167 72.63 0 6
1 56.21603823 1.96424405 34.56993308 72.63 0 6
1 63.09591739 8.80350788 34.52931775 72.63 0 6
1 56.25665356 8.84412321 41.40919691 72.63 0 6
1 61.69071914 3.45178363 35.95443746 72.63 0 6
1 57.64115794 3.3694423 39.92165733 72.63 0 6
1 61.60837781 7.4190035 40.00399866 72.63 0 6
1 56.23412187 8.82603957 34.54740139 72.63 0 6
1 63.04602332 8.80555931 41.441741 72.63 0 6
1 56.25460213 1.93169996 41.35930284 72.63 0 6
1 63.12846148 2.01413812 34.56788165 72.63 0 6
1 59.63857876 2.68486472 32.56438734 72.63 0 5
1 54.25110782 5.42158268 40.68857624 72.63 0 5
1 62.37529672 10.80905362 37.95185828 72.63 0 5
1 63.03706402 5.43321841 36.72231303 72.63 0 7
1 56.27955729 5.41686867 36.73752996 72.63 0 7
1 58.40903351 2.02309742 37.94022255 72.63 0 7
1 58.42425044 8.78060415 37.95657229 72.63 0 7
1 59.64329277 6.635911 34.59283681 72.63 0 7
1 59.62694303 6.65112793 41.35034354 72.63 0 7
1 54.25824205 3.36854166 33.7944661 72.63 0 7
1 54.24291761 7.4528648 33.78907222 72.63 0 7
1 55.48118658 10.80191939 40.0048993 72.63 0 7
1 55.4757927 10.81724383 35.92057616 72.63 0 7
1 57.60729664 9.58436874 32.55619713 72.63 0 7
1 61.69161978 9.57897486 32.57152157 72.63 0 7
2 57.66967766 7.39048378 35.98295718 69.723 0 3
2 59.64841146 8.10343124 32.5622996 69.723 0 2
2 54.24902008 5.41174998 35.27000972 69.723 0 2
2 56.9567302 10.81114136 37.96169098 69.723 0 2
2 56.311183 5.3999766 39.27089866 69.723 0 4
2 62.98799686 5.42413273 39.31289363 69.723 0 4
2 60.99961411 2.07216458 37.94930823 69.723 0 4
2 60.95761914 8.74897844 37.97346436 69.723 0 4
2 59.63602871 4.06054733 41.30127638 69.723 0 4
2 59.66018484 4.1025423 34.62446252 69.723 0 4
2 54.25710364 3.31100156 42.0540192 69.723 0 4
2 65.08070923 7.48351454 42.09940203 69.723 0 4
2 63.78612251 -0.02054779 35.88992642 69.723 0 4
2 63.74073968 10.8030578 40.0624394 69.723 0 4
2 57.5766469 1.27403893 43.39398875 69.723 0 4
2 61.74915988 1.31942176 32.57038316 69.723 0 4
0 59.66701997 5.39314147 48.82365973 137.327 0 0
0 65.07127461 -0.01111317 54.22791437 137.327 0 0
0 54.23871695 8.09987015 48.840429 137.327 0 1
0 65.01251991 2.71021042 48.90061675 137.327 0 1
0 59.74397699 0.04764153 51.50659078 137.327 0 1
0 59.68378924 10.82144449 46.11693105 137.327 0 1
0 62.34995102 5.31618445 54.16915967 137.327 0 1
0 56.96029129 5.3763722 43.39535671 137.327 0 1
1 57.67619296 7.43057921 50.7908995 72.63 0 6
1 61.63425974 7.38396848 46.78622199 72.63 0 6
1 57.62958223 3.4259017 46.83283272 72.63 0 6
1 61.66480184 3.3953596 50.8214416 72.63 0 6
1 63.07981325 1.98034819 52.23645301 72.63 0 6
1 56.21834933 1.96193295 45.41560442 72.63 0 6
1 63.09822849 8.80119678 45.37498909 72.63 0 6
1 56.25896466 8.84181211 52.25486825 72.63 0 6
1 61.69303024 3.44947253 46.8001088 72.63 0 6
1 57.64346904 3.3671312 50.76732867 72.63 0 6
1 61.61068891 7.4166924 50.84967 72.63 0 6
1 56.23643297 8.82372847 45.39307273 72.63 0 6
1 63.04833442 8.80324821 52.28741234 72.63 0 6
1 56.25691323 1.92938886 52.20497418 72.63 0 6
1 63.13077258 2.01182702 45.41355299 72.63 0 6
1 59.64088986 2.68255362 43.41005868 72.63 0 5
1 54.25341892 5.41927158 51.53424758 72.63 0 5
1 62.37760782 10.80674252 48.79752962 72.63 0 5
1 63.03937512 5.43090731 47.56798437 72.63 0 7
1 56.28186839 5.41455757 47.5832013 72.63 0 7
1 58.41134461 2.02078632 48.78589389 72.63 0 7
1 58.42656154 8.77829305 48.80224363 72.63 0 7
1 59.64560387 6.6335999 45.43850815 72.63 0 7
1 59.62925413 6.64881683 52.19601488 72.63 0 7
1 54.26055315 3.36623056 44.64013744 72.63 0 7
1 54.24522871 7.4505537 44.63474356 72.63 0 7
1 55.48349768 10.79960829 50.85057064 72.63 0 7
1 55.4781038 10.81493273 46.7662475 72.63 0 7
1 57.60960774 9.58205764 43.40186847 72.63 0 7
1 61.69393088 9.57666376 43.41719291 72.63 0 7
2 57.67198876 7.38817268 46.82862852 69.723 0 3
2 59.65072256 8.10112014 43.40797094 69.723 0 2
2 54.25133118 5.40943888 46.11568106 69.723 0 2
2 56.9590413 10.80883026 48.80736232 69.723 0 2
2 56.3134941 5.3976655 50.11657 69.723 0 4
2 62.99030796 5.42182163 50.15856497 69.723 0 4
2 61.00192521 2.06985348 48.79497957 69.723 0 4
2 60.95993024 8.74666734 48.8191357 69.723 0 4
2 59.63833981 4.05823623 52.14694772 69.723 0 4
2 59.66249594 4.1002312 45.47013386 69.723 0 4
2 54.25941474 3.30869046 52.89969054 69.723 0 4
2 65.08302033 7.48120344 52.94507337 69.723 0 4
2 63.78843361 -0.02285889 46.73559776 69.723 0 4
2 63.74305078 10.8007467 50.90811074 69.723 0 4
2 57.578958 1.27172783 54.23966009 69.723 0 4
2 61.75147098 1.31711066 43.4160545 69.723 0 4
0 59.66933107 5.39083037 59.66933107 137.327 0 0
0 65.07358571 -0.01342427 65.07358571 137.327 0 0
0 54.24102805 8.09755905 59.68610034 137.327 0 1
0 65.01483101 2.70789932 59.74628809 137.327 0 1
0 59.74628809 0.04533043 62.35226212 137.327 0 1
0 59.68610034 10.81913339 56.96260239 137.327 0 1
0 62.35226212 5.31387335 65.01483101 137.327 0 1
0 56.96260239 5.3740611 54.24102805 137.327 0 1
1 57.67850406 7.42826811 61.63657084 72.63 0 6
1 61.63657084 7.38165738 57.63189333 72.63 0 6
1 57.63189333 3.4235906 57.67850406 72.63 0 6
1 61.66711294 3.3930485 61.66711294 72.63 0 6
1 63.08212435 1.97803709 63.08212435 72.63 0 6
1 56.22066043 1.95962185 56.26127576 72.63 0 6
1 63.10053959 8.79888568 56.22066043 72.63 0 6
1 56.26127576 8.83950101 63.10053959 72.63 0 6
1 61.69534134 3.44716143 57.64578014 72.63 0 6
1 57.64578014 3.3648201 61.61300001 72.63 0 6
1 61.61300001 7.4143813 61.69534134 72.63 0 6
1 56.23874407 8.82141737 56.23874407 72.63 0 6
1 63.05064552 8.80093711 63.13308368 72.63 0 6
1 56.25922433 1.92707776 63.05064552 72.63 0 6
1 63.13308368 2.00951592 56.25922433 72.63 0 6
1 59.64320096 2.68024252 54.25573002 72.63 0 5
1 54.25573002 5.41696048 62.37991892 72.63 0 5
1 62.37991892 10.80443142 59.64320096 72.63 0 5
1 63.04168622 5.42859621 58.41365571 72.63 0 7
1 56.28417949 5.41224647 58.42887264 72.63 0 7
1 58.41365571 2.01847522 59.63156523 72.63 0 7
1 58.42887264 8.77598195 59.64791497 72.63 0 7
1 59.64791497 6.6312888 56.28417949 72.63 0 7
1 59.63156523 6.64650573 63.04168622 72.63 0 7
1 54.26286425 3.36391946 55.48580878 72.63 0 7
1 54.24753981 7.4482426 55.4804149 72.63 0 7
1 55.48580878 10.79729719 61.69624198 72.63 0 7
1 55.4804149 10.81262163 57.61191884 72.63 0 7
1 57.61191884 9.57974654 54.24753981 72.63 0 7
1 61.69624198 9.57435266 54.26286425 72.63 0 7
2 57.67429986 7.38586158 57.67429986 69.723 0 3
2 59.65303366 8.09880904 54.25364228 69.723 0 2
2 54.25364228 5.40712778 56.9613524 69.723 0 2
2 56.9613524 10.80651916 59.65303366 69.723 0 2
2 56.3158052 5.3953544 60.96224134 69.723 0 4
2 62.99261906 5.41951053 61.00423631 69.723 0 4
2 61.00423631 2.06754238 59.64065091 69.723 0 4
2 60.96224134 8.74435624 59.66480704 69.723 0 4
2 59.64065091 4.05592513 62.99261906 69.723 0 4
2 59.66480704 4.0979201 56.3158052 69.723 0 4
2 54.26172584 3.30637936 63.74536188 69.723 0 4
2 65.08533143 7.47889234 63.79074471 69.723 0 4
2 63.79074471 -0.02516999 57.5812691 69.723 0 4
2 63.74536188 10.7984356 61.75378208 69.723 0 4
2 57.5812691 1.26941673 65.08533143 69.723 0 4
2 61.75378208 1.31479956 54.26172584 69.723 0 4
0 59.65546447 16.24805721 5.43866327 137.327 0 0
0 65.05971911 10.84380257 10.84291791 137.327 0 0
0 54.22716145 18.95478589 5.45543254 137.327 0 1
0 65.00096441 13.56512616 5.51562029 137.327 0 1
0 59.73242149 10.90255727 8.12159432 137.327 0 1
0 59.67223374 21.67636023 2.73193459 137.327 0 1
0 62.33839552 16.17110019 10.78416321 137.327 0 1
0 56.94873579 16.23128794 0.01036025 137.327 0 1
1 57.66463746 18.28549495 7.40590304 72.63 0 6
1 61.62270424 18.23888422 3.40122553 72.63 0 6
1 57.61802673 14.28081744 3.44783626 72.63 0 6
1 61.65324634 14.25027534 7.43644514 72.63 0 6
1 63.06825775 12.83526393 8.85145655 72.63 0 6
1 56.20679383 12.81684869 2.03060796 72.63 0 6
1 63.08667299 19.65611252 1.98999263 72.63 0 6
1 56.24740916 19.69672785 8.86987179 72.63 0 6
1 61.68147474 14.30438827 3.41511234 72.63 0 6
1 57.63191354 14.22204694 7.38233221 72.63 0 6
1 61.59913341 18.27160814 7.46467354 72.63 0 6
1 56.22487747 19.67864421 2.00807627 72.63 0 6
1 63.03677892 19.65816395 8.90241588 72.63 0 6
1 56.24535773 12.7843046 8.81997772 72.63 0 6
1 63.11921708 12.86674276 2.02855653 72.63 0 6
1 59.62933436 13.53746936 0.02506222 72.63 0 5
1 54.24186342 16.27418732 8.14925112 72.63 0 5
1 62.36605232 21.66165826 5.41253316 72.63 0 5
1 63.02781962 16.28582305 4.18298791 72.63 0 7
1 56.27031289 16.26947331 4.19820484 72.63 0 7
1 58.39978911 12.87570206 5.40089743 72.63 0 7
1 58.41500604 19.63320879 5.41724717 72.63 0 7
1 59.63404837 17.48851564 2.05351169 72.63 0 7
1 59.61769863 17.50373257 8.81101842 72.63 0 7
1 54.24899765 14.2211463 1.25514098 72.63 0 7
1 54.23367321 18.30546944 1.2497471 72.63 0 7
1 55.47194218 21.65452403 7.46557418 72.63 0 7
1 55.4665483 21.66984847 3.38125104 72.63 0 7
1 57.59805224 20.43697338 0.01687201 72.63 0 7
1 61.68237538 20.4315795 0.03219645 72.63 0 7
2 57.66043326 18.24308842 3.44363206 69.723 0 3
2 59.63916706 18.95603588 0.02297448 69.723 0 2
2 54.23977568 16.26435462 2.7306846 69.723 0 2
2 56.9474858 21.663746 5.42236586 69.723 0 2
2 56.3019386 16.25258124 6.73157354 69.723 0 4
2 62.97875246 16.27673737 6.77356851 69.723 0 4
2 60.99036971 12.92476922 5.40998311 69.723 0 4
2 60.94837474 19.60158308 5.43413924 69.723 0 4
2 59.62678431 14.91315197 8.76195126 69.723 0 4
2 59.65094044 14.95514694 2.0851374 69.723 0 4
2 54.24785924 14.1636062 9.51469408 69.723 0 4
2 65.07146483 18.33611918 9.56007691 69.723 0 4
2 63.77687811 10.83205685 3.3506013 69.723 0 4
2 63.73149528 21.65566244 7.52311428 69.723 0 4
2 57.5674025 12.12664357 10.85466363 69.723 0 4
2 61.73991548 12.1720264 0.03105804 69.723 0 4
0 59.65777557 16.24574611 16.28433461 137.327 0 0
0 65.06203021 10.84149147 21.68858925 137.327 0 0
0 54.22947255 18.95247479 16.30110388 137.327 0 1
0 65.00327551 13.56281506 16.36129163 137.327 0 1
0 59.73473259 10.90024617 18.96726566 137.327 0 1
0 59.67454484 21.67404913 13.57760593 137.327 0 1
0 62.34070662 16.16878909 21.62983455 137.327 0 1
0 56.95104689 16.22897684 10.85603159 137.327 0 1
1 57.66694856 18.28318385 18.25157438 72.63 0 6
1 61.62501534 18.23657312 14.24689687 72.63 0 6
1 57.62033783 14.27850634 14.2935076 72.63 0 6
1 61.65555744 14.24796424 18.28211648 72.63 0 6
1 63.07056885 12.83295283 19.69712789 72.63 0 6
1 56.20910493 12.81453759 12.8762793 72.63 0 6
1 63.08898409 19.65380142 12.83566397 72.63 0 6
1 56.24972026 19.69441675 19.71554313 72.63 0 6
1 61.68378584 14.30207717 14.26078368 72.63 0 6
1 57.63422464 14.21973584 18.22800355 72.63 0 6
1 61.60144451 18.26929704 18.31034488 72.63 0 6
1 56.22718857 19.67633311 12.85374761 72.63 0 6
1 63.03909002 19.65585285 19.74808722 72.63 0 6
1 56.24766883 12.7819935 19.66564906 72.63 0 6
1 63.12152818 12.86443166 12.87422787 72.63 0 6
1 59.63164546 13.53515826 10.87073356 72.63 0 5
1 54.24417452 16.27187622 18.99492246 72.63 0 5
1 62.36836342 21.65934716 16.2582045 72.63 0 5
1 63.03013072 16.28351195 15.02865925 72.63 0 7
1 56.27262399 16.26716221 15.04387618 72.63 0 7
1 58.40210021 12.87339096 16.24656877 72.63 0 7
1 58.41731714 19.63089769 16.26291851 72.63 0 7
1 59.63635947 17.48620454 12.89918303 72.63 0 7
1 59.62000973 17.50142147 19.65668976 72.63 0 7
1 54.25130875 14.2188352 12.10081232 72.63 0 7
1 54.23598431 18.30315834 12.09541844 72.63 0 7
1 55.47425328 21.65221293 18.31124552 72.63 0 7
1 55.4688594 21.66753737 14.22692238 72.63 0 7
1 57.60036334 20.43466228 10.86254335 72.63 0 7
1 61.68468648 20.4292684 10.87786779 72.63 0 7
2 57.66274436 18.24077732 14.2893034 69.723 0 3
2 59.64147816 18.95372478 10.86864582 69.723 0 2
2 54.24208678 16.26204352 13.57635594 69.723 0 2
2 56.9497969 21.6614349 16.2680372 69.723 0 2
2 56.3042497 16.25027014 17.57724488 69.723 0 4
2 62.98106356 16.27442627 17.61923985 69.723 0 4
2 60.99268081 12.92245812 16.25565445 69.723 0 4
2 60.95068584 19.59927198 16.27981058 69.723 0 4
2 59.62909541 14.91084087 19.6076226 69.723 0 4
2 59.65325154 14.95283584 12.93080874 69.723 0 4
2 54.25017034 14.1612951 20.36036542 69.723 0 4
2 65.07377593 18.33380808 20.40574825 69.723 0 4
2 63.77918921 10.82974575 14.19627264 69.723 0 4
2 63.73380638 21.65335134 18.36878562 69.723 0 4
2 57.5697136 12.12433247 21.70033497 69.723 0 4
2 61.74222658 12.1697153 10.87672938 69.723 0 4
0 59.66008667 16.24343501 27.13000595 137.327 0 0
0 65.06434131 10.83918037 32.53426059 137.327 0 0
0 54.23178365 18.95016369 27.14677522 137.327 0 1
0 65.00558661 13.56050396 27.20696297 137.327 0 1
0 59.73704369 10.89793507 29.812937 137.327 0 1
0 59.67685594 21.67173803 24.42327727 137.327 0 1
0 62.34301772 16.16647799 32.47550589 137.327 0 1
0 56.95335799 16.22666574 21.70170293 137.327 0 1
1 57.66925966 18.28087275 29.09724572 72.63 0 6
1 61.62732644 18.23426202 25.09256821 72.63 0 6
1 57.62264893 14.27619524 25.13917894 72.63 0 6
1 61.65786854 14.24565314 29.12778782 72.63 0 6
1 63.07287995 12.83064173 30.54279923 72.63 0 6
1 56.21141603 12.81222649 23.72195064 72.63 0 6
1 63.09129519 19.65149032 23.68133531 72.63 0 6
1 56.25203136 19.69210565 30.56121447 72.63 0 6
1 61.68609694 14.29976607 25.10645502 72.63 0 6
1 57.63653574 14.21742474 29.07367489 72.63 0 6
1 61.60375561 18.26698594 29.15601622 72.63 0 6
1 56.22949967 19.67402201 23.69941895 72.63 0 6
1 63.04140112 19.65354175 30.59375856 72.63 0 6
1 56.24997993 12.7796824 30.5113204 72.63 0 6
1 63.12383928 12.86212056 23.71989921 72.63 0 6
1 59.63395656 13.53284716 21.7164049 72.63 0 5
1 54.24648562 16.26956512 29.8405938 72.63 0 5
1 62.37067452 21.65703606 27.10387584 72.63 0 5
1 63.03244182 16.28120085 25.87433059 72.63 0 7
1 56.27493509 16.26485111 25.88954752 72.63 0 7
1 58.40441131 12.87107986 27.09224011 72.63 0 7
1 58.41962824 19.62858659 27.10858985 72.63 0 7
1 59.63867057 17.48389344 23.74485437 72.63 0 7
1 59.62232083 17.49911037 30.5023611 72.63 0 7
1 54.25361985 14.2165241 22.94648366 72.63 0 7
1 54.23829541 18.30084724 22.94108978 72.63 0 7
1 55.47656438 21.64990183 29.15691686 72.63 0 7
1 55.4711705 21.66522627 25.07259372 72.63 0 7
1 57.60267444 20.43235118 21.70821469 72.63 0 7
1 61.68699758 20.4269573 21.72353913 72.63 0 7
2 57.66505546 18.23846622 25.13497474 69.723 0 3
2 59.64378926 18.95141368 21.71431716 69.723 0 2
2 54.24439788 16.25973242 24.42202728 69.723 0 2
2 56.952108 21.6591238 27.11370854 69.723 0 2
2 56.3065608 16.24795904 28.42291622 69.723 0 4
2 62.98337466 16.27211517 28.46491119 69.723 0 4
2 60.99499191 12.92014702 27.10132579 69.723 0 4
2 60.95299694 19.59696088 27.12548192 69.723 0 4
2 59.63140651 14.90852977 30.45329394 69.723 0 4
2 59.65556264 14.95052474 23.77648008 69.723 0 4
2 54.25248144 14.158984 31.20603676 69.723 0 4
2 65.07608703 18.33149698 31.25141959 69.723 0 4
2 63.78150031 10.82743465 25.04194398 69.723 0 4
2 63.73611748 21.65104024 29.21445696 69.723 0 4
2 57.5720247 12.12202137 32.54600631 69.723 0 4
2 61.74453768 12.1674042 21.72240072 69.723 0 4
0 59.66239777 16.24112391 37.97567729 137.327 0 0
0 65.06665241 10.83686927 43.37993193 137.327 0 0
0 54.23409475 18.94785259 37.99244656 137.327 0 1
0 65.00789771 13.55819286 38.05263431 137.327 0 1
0 59.73935479 10.89562397 40.65860834 137.327 0 1
0 59.67916704 21.66942693 35.26894861 137.327 0 1
0 62.34532882 16.16416689 43.32117723 137.327 0 1
0 56.95566909 16.22435464 32.54737427 137.327 0 1
1 57.67157076 18.27856165 39.94291706 72.63 0 6
1 61.62963754 18.23195092 35.93823955 72.63 0 6
1 57.62496003 14.27388414 35.98485028 72.63 0 6
1 61.66017964 14.24334204 39.97345916 72.63 0 6
1 63.07519105 12.82833063 41.38847057 72.63 0 6
1 56.21372713 12.80991539 34.56762198 72.63 0 6
1 63.09360629 19.64917922 34.52700665 72.63 0 6
1 56.25434246 19.68979455 41.40688581 72.63 0 6
1 61.68840804 14.29745497 35.95212636 72.63 0 6
1 57.63884684 14.21511364 39.91934623 72.63 0 6
1 61.60606671 18.26467484 40.00168756 72.63 0 6
1 56.23181077 19.67171091 34.54509029 72.63 0 6
1 63.04371222 19.65123065 41.4394299 72.63 0 6
1 56.25229103 12.7773713 41.35699174 72.63 0 6
1 63.12615038 12.85980946 34.56557055 72.63 0 6
1 59.63626766 13.53053606 32.56207624 72.63 0 5
1 54.24879672 16.26725402 40.68626514 72.63 0 5
1 62.37298562 21.65472496 37.94954718 72.63 0 5
1 63.03475292 16.27888975 36.72000193 72.63 0 7
1 56.27724619 16.26254001 36.73521886 72.63 0 7
1 58.40672241 12.86876876 37.93791145 72.63 0 7
1 58.42193934 19.62627549 37.95426119 72.63 0 7
1 59.64098167 17.48158234 34.59052571 72.63 0 7
1 59.62463193 17.49679927 41.34803244 72.63 0 7
1 54.25593095 14.214213 33.792155 72.63 0 7
1 54.24060651 18.29853614 33.78676112 72.63 0 7
1 55.47887548 21.64759073 40.0025882 72.63 0 7
1 55.4734816 21.66291517 35.91826506 72.63 0 7
1 57.60498554 20.43004008 32.55388603 72.63 0 7
1 61.68930868 20.4246462 32.56921047 72.63 0 7
2 57.66736656 18.23615512 35.98064608 69.723 0 3
2 59.64610036 18.94910258 32.5599885 69.723 0 2
2 54.24670898 16.25742132 35.26769862 69.723 0 2
2 56.9544191 21.6568127 37.95937988 69.723 0 2
2 56.3088719 16.24564794 39.26858756 69.723 0 4
2 62.98568576 16.26980407 39.31058253 69.723 0 4
2 60.99730301 12.91783592 37.94699713 69.723 0 4
2 60.95530804 19.59464978 37.97115326 69.723 0 4
2 59.63371761 14.90621867 41.29896528 69.723 0 4
2 59.65787374 14.94821364 34.62215142 69.723 0 4
2 54.25479254 14.1566729 42.0517081 69.723 0 4
2 65.07839813 18.32918588 42.09709093 69.723 0 4
2 63.78381141 10.82512355 35.88761532 69.723 0 4
2 63.73842858 21.64872914 40.0601283 69.723 0 4
2 57.5743358 12.11971027 43.39167765 69.723 0 4
2 61.74684878 12.1650931 32.56807206 69.723 0 4
0 59.66470887 16.23881281 48.82134863 137.327 0 0
0 65.06896351 10.83455817 54.22560327 137.327 0 0
0 54.23640585 18.94554149 48.8381179 137.327 0 1
0 65.01020881 13.55588176 48.89830565 137.327 0 1
0 59.74166589 10.89331287 51.50427968 137.327 0 1
0 59.68147814 21.66711583 46.11461995 137.327 0 1
0 62.34763992 16.16185579 54.16684857 137.327 0 1
0 56.95798019 16.22204354 43.39304561 137.327 0 1
1 57.67388186 18.27625055 50.7885884 72.63 0 6
1 61.63194864 18.22963982 46.78391089 72.63 0 6
1 57.62727113 14.27157304 46.83052162 72.63 0 6
1 61.66249074 14.24103094 50.8191305 72.63 0 6
1 63.07750215 12.82601953 52.23414191 72.63 0 6
1 56.21603823 12.80760429 45.41329332 72.63 0 6
1 63.09591739 19.64686812 45.37267799 72.63 0 6
1 56.25665356 19.68748345 52.25255715 72.63 0 6
1 61.69071914 14.29514387 46.7977977 72.63 0 6
1 57.64115794 14.21280254 50.76501757 72.63 0 6
1 61.60837781 18.26236374 50.8473589 72.63 0 6
1 56.23412187 19.66939981 45.39076163 72.63 0 6
1 63.04602332 19.64891955 52.28510124 72.63 0 6
1 56.25460213 12.7750602 52.20266308 72.63 0 6
1 63.12846148 12.85749836 45.41124189 72.63 0 6
1 59.63857876 13.52822496 43.40774758 72.63 0 5
1 54.25110782 16.26494292 51.53193648 72.63 0 5
1 62.37529672 21.65241386 48.79521852 72.63 0 5
1 63.03706402 16.27657865 47.56567327 72.63 0 7
1 56.27955729 16.26022891 47.5808902 72.63 0 7
1 58.40903351 12.86645766 48.78358279 72.63 0 7
1 58.42425044 19.62396439 48.79993253 72.63 0 7
1 59.64329277 17.47927124 45.43619705 72.63 0 7
1 59.62694303 17.49448817 52.19370378 72.63 0 7
1 54.25824205 14.2119019 44.63782634 72.63 0 7
1 54.24291761 18.29622504 44.63243246 72.63 0 7
1 55.48118658 21.64527963 50.84825954 72.63 0 7
1 55.4757927 21.66060407 46.7639364 72.63 0 7
1 57.60729664 20.42772898 43.39955737 72.63 0 7
1 61.69161978 20.4223351 43.41488181 72.63 0 7
2 57.66967766 18.23384402 46.82631742 69.723 0 3
2 59.64841146 18.94679148 43.40565984 69.723 0 2
2 54.24902008 16.25511022 46.11336996 69.723 0 2
2 56.9567302 21.6545016 48.80505122 69.723 0 2
2 56.311183 16.24333684 50.1142589 69.723 0 4
2 62.98799686 16.26749297 50.15625387 69.723 0 4
2 60.99961411 12.91552482 48.79266847 69.723 0 4
2 60.95761914 19.59233868 48.8168246 69.723 0 4
2 59.63602871 14.90390757 52.14463662 69.723 0 4
2 59.66018484 14.94590254 45.46782276 69.723 0 4
2 54.25710364 14.1543618 52.89737944 69.723 0 4
2 65.08070923 18.32687478 52.94276227 69.723 0 4
2 63.78612251 10.82281245 46.73328666 69.723 0 4
2 63.74073968 21.64641804 50.90579964 69.723 0 4
2 57.5766469 12.11739917 54.23734899 69.723 0 4
2 61.74915988 12.162782 43.4137434 69.723 0 4
0 59.66701997 16.23650171 59.66701997 137.327 0 0
0 65.07127461 10.83224707 65.07127461 137.327 0 0
0 54.23871695 18.94323039 59.68378924 137.327 0 1
0 65.01251991 13.55357066 59.74397699 137.327 0 1
0 59.74397699 10.89100177 62.34995102 137.327 0 1
0 59.68378924 21.66480473 56.96029129 137.327 0 1
0 62.34995102 16.15954469 65.01251991 137.327 0 1
0 56.96029129 16.21973244 54.23871695 137.327 0 1
1 57.67619296 18.27393945 61.63425974 72.63 0 6
1 61.63425974 18.22732872 57.62958223 72.63 0 6
1 57.62958223 14.26926194 57.67619296 72.63 0 6
1 61.66480184 14.23871984 61.66480184 72.63 0 6
1 63.07981325 12.82370843 63.07981325 72.63 0 6
1 56.21834933 12.80529319 56.25896466 72.63 0 6
1 63.09822849 19.64455702 56.21834933 72.63 0 6
1 56.25896466 19.68517235 63.09822849 72.63 0 6
1 61.69303024 14.29283277 57.64346904 72.63 0 6
1 57.64346904 14.21049144 61.61068891 72.63 0 6
1 61.61068891 18.26005264 61.69303024 72.63 0 6
1 56.23643297 19.66708871 56.23643297 72.63 0 6
1 63.04833442 19.64660845 63.13077258 72.63 0 6
1 56.25691323 12.7727491 63.04833442 72.63 0 6
1 63.13077258 12.85518726 56.25691323 72.63 0 6
1 59.64088986 13.52591386 54.25341892 72.63 0 5
1 54.25341892 16.26263182 62.37760782 72.63 0 5
1 62.37760782 21.65010276 59.64088986 72.63 0 5
1 63.03937512 16.27426755 58.41134461 72.63 0 7
1 56.28186839 16.25791781 58.42656154 72.63 0 7
1 58.41134461 12.86414656 59.62925413 72.63 0 7
1 58.42656154 19.62165329 59.64560387 72.63 0 7
1 59.64560387 17.47696014 56.28186839 72.63 0 7
1 59.62925413 17.49217707 63.03937512 72.63 0 7
1 54.26055315 14.2095908 55.48349768 72.63 0 7
1 54.24522871 18.29391394 55.4781038 72.63 0 7
1 55.48349768 21.64296853 61.69393088 72.63 0 7
1 55.4781038 21.65829297 57.60960774 72.63 0 7
1 57.60960774 20.42541788 54.24522871 72.63 0 7
1 61.69393088 20.420024 54.26055315 72.63 0 7
2 57.67198876 18.23153292 57.67198876 69.723 0 3
2 59.65072256 18.94448038 54.25133118 69.723 0 2
2 54.25133118 16.25279912 56.9590413 69.723 0 2
2 56.9590413 21.6521905 59.65072256 69.723 0 2
2 56.3134941 16.24102574 60.95993024 69.723 0 4
2 62.99030796 16.26518187 61.00192521 69.723 0 4
2 61.00192521 12.91321372 59.63833981 69.723 0 4
2 60.95993024 19.59002758 59.66249594 69.723 0 4
2 59.63833981 14.90159647 62.99030796 69.723 0 4
2 59.66249594 14.94359144 56.3134941 69.723 0 4
2 54.25941474 14.1520507 63.74305078 69.723 0 4
2 65.08302033 18.32456368 63.78843361 69.723 0 4
2 63.78843361 10.82050135 57.578958 69.723 0 4
2 63.74305078 21.64410694 61.75147098 69.723 0 4
2 57.578958 12.11508807 65.08302033 69.723 0 4
2 61.75147098 12.1604709 54.25941474 69.723 0 4
0 59.65315337 27.09372855 5.43635217 137.327 0 0
0 65.05740801 21.68947391 10.84060681 137.327 0 0
0 54.22485035 29.80045723 5.45312144 137.327 0 1
0 64.99865331 24.4107975 5.51330919 137.327 0 1
0 59.73011039 21.74822861 8.11928322 137.327 0 1
0 59.66992264 32.52203157 2.72962349 137.327 0 1
0 62.33608442 27.01677153 10.78185211 137.327 0 1
0 56.94642469 27.07695928 0.00804915 137.327 0 1
1 57.66232636 29.13116629 7.40359194 72.63 0 6
1 61.62039314 29.08455556 3.39891443 72.63 0 6
1 57.61571563 25.12648878 3.44552516 72.63 0 6
1 61.65093524 25.09594668 7.43413404 72.63 0 6
1 63.06594665 23.68093527 8.84914545 72.63 0 6
1 56.20448273 23.66252003 2.02829686 72.63 0 6
1 63.08436189 30.50178386 1.98768153 72.63 0 6
1 56.24509806 30.54239919 8.86756069 72.63 0 6
1 61.67916364 25.15005961 3.41280124 72.63 0 6
1 57.62960244 25.06771828 7.38002111 72.63 0 6
1 61.59682231 29.11727948 7.46236244 72.63 0 6
1 56.22256637 30.52431555 2.00576517 72.63 0 6
1 63.03446782 30.50383529 8.90010478 72.63 0 6
1 56.24304663 23.62997594 8.81766662 72.63 0 6
1 63.11690598 23.7124141 2.02624543 72.63 0 6
1 59.62702326 24.3831407 0.02275112 72.63 0 5
1 54.23955232 27.11985866 8.14694002 72.63 0 5
1 62.36374122 32.5073296 5.41022206 72.63 0 5
1 63.02550852 27.13149439 4.18067681 72.63 0 7
1 56.26800179 27.11514465 4.19589374 72.63 0 7
1 58.39747801 23.7213734 5.39858633 72.63 0 7
1 58.41269494 30.47888013 5.41493607 72.63 0 7
1 59.63173727 28.33418698 2.05120059 72.63 0 7
1 59.61538753 28.34940391 8.80870732 72.63 0 7
1 54.24668655 25.06681764 1.25282988 72.63 0 7
1 54.23136211 29.15114078 1.247436 72.63 0 7
1 55.46963108 32.50019537 7.46326308 72.63 0 7
1 55.4642372 32.51551981 3.37893994 72.63 0 7
1 57.59574114 31.28264472 0.01456091 72.63 0 7
1 61.68006428 31.27725084 0.02988535 72.63 0 7
2 57.65812216 29.08875976 3.44132096 69.723 0 3
2 59.63685596 29.80170722 0.02066338 69.723 0 2
2 54.23746458 27.11002596 2.7283735 69.723 0 2
2 56.9451747 32.50941734 5.42005476 69.723 0 2
2 56.2996275 27.09825258 6.72926244 69.723 0 4
2 62.97644136 27.12240871 6.77125741 69.723 0 4
2 60.98805861 23.77044056 5.40767201 69.723 0 4
2 60.94606364 30.44725442 5.43182814 69.723 0 4
2 59.62447321 25.75882331 8.75964016 69.723 0 4
2 59.64862934 25.80081828 2.0828263 69.723 0 4
2 54.24554814 25.00927754 9.51238298 69.723 0 4
2 65.06915373 29.18179052 9.55776581 69.723 0 4
2 63.77456701 21.67772819 3.3482902 69.723 0 4
2 63.72918418 32.50133378 7.52080318 69.723 0 4
2 57.5650914 22.97231491 10.85235253 69.723 0 4
2 61.73760438 23.01769774 0.02874694 69.723 0 4
0 59.65546447 27.09141745 16.28202351 137.327 0 0
0 65.05971911 21.68716281 21.68627815 137.327 0 0
0 54.22716145 29.79814613 16.29879278 137.327 0 1
0 65.00096441 24.4084864 16.35898053 137.327 0 1
0 59.73242149 21.74591751 18.96495456 137.327 0 1
0 59.67223374 32.51972047 13.57529483 137.327 0 1
0 62.33839552 27.01446043 21.62752345 137.327 0 1
0 56.94873579 27.07464818 10.85372049 137.327 0 1
1 57.66463746 29.12885519 18.24926328 72.63 0 6
1 61.62270424 29.08224446 14.24458577 72.63 0 6
1 57.61802673 25.12417768 14.2911965 72.63 0 6
1 61.65324634 25.09363558 18.27980538 72.63 0 6
1 63.06825775 23.67862417 19.69481679 72.63 0 6
1 56.20679383 23.66020893 12.8739682 72.63 0 6
1 63.08667299 30.49947276 12.83335287 72.63 0 6
1 56.24740916 30.54008809 19.71323203 72.63 0 6
1 61.68147474 25.14774851 14.25847258 72.63 0 6
1 57.63191354 25.06540718 18.22569245 72.63 0 6
1 61.59913341 29.11496838 18.30803378 72.63 0 6
1 56.22487747 30.52200445 12.85143651 72.63 0 6
1 63.03677892 30.50152419 19.74577612 72.63 0 6
1 56.24535773 23.62766484 19.66333796 72.63 0 6
1 63.11921708 23.710103 12.87191677 72.63 0 6
1 59.62933436 24.3808296 10.86842246 72.63 0 5
1 54.24186342 27.11754756 18.99261136 72.63 0 5
1 62.36605232 32.5050185 16.2558934 72.63 0 5
1 63.02781962 27.12918329 15.02634815 72.63 0 7
1 56.27031289 27.11283355 15.04156508 72.63 0 7
1 58.39978911 23.7190623 16.24425767 72.63 0 7
1 58.41500604 30.47656903 16.26060741 72.63 0 7
1 59.63404837 28.33187588 12.89687193 72.63 0 7
1 59.61769863 28.34709281 19.65437866 72.63 0 7
1 54.24899765 25.06450654 12.09850122 72.63 0 7
1 54.23367321 29.14882968 12.09310734 72.63 0 7
1 55.47194218 32.49788427 18.30893442 72.63 0 7
1 55.4665483 32.51320871 14.22461128 72.63 0 7
1 57.59805224 31.28033362 10.86023225 72.63 0 7
1 61.68237538 31.27493974 10.87555669 72.63 0 7
2 57.66043326 29.08644866 14.2869923 69.723 0 3
2 59.63916706 29.79939612 10.86633472 69.723 0 2
2 54.23977568 27.10771486 13.57404484 69.723 0 2
2 56.9474858 32.50710624 16.2657261 69.723 0 2
2 56.3019386 27.09594148 17.57493378 69.723 0 4
2 62.97875246 27.12009761 17.61692875 69.723 0 4
2 60.99036971 23.76812946 16.25334335 69.723 0 4
2 60.94837474 30.44494332 16.27749948 69.723 0 4
2 59.62678431 25.75651221 19.6053115 69.723 0 4
2 59.65094044 25.79850718 12.92849764 69.723 0 4
2 54.24785924 25.00696644 20.35805432 69.723 0 4
2 65.07146483 29.17947942 20.40343715 69.723 0 4
2 63.77687811 21.67541709 14.19396154 69.723 0 4
2 63.73149528 32.49902268 18.36647452 69.723 0 4
2 57.5674025 22.97000381 21.69802387 69.723 0 4
2 61.73991548 23.01538664 10.87441828 69.723 0 4
0 59.65777557 27.08910635 27.12769485 137.327 0 0
0 65.06203021 21.68485171 32.53194949 137.327 0 0
0 54.22947255 29.79583503 27.14446412 137.327 0 1
0 65.00327551 24.4061753 27.20465187 137.327 0 1
0 59.73473259 21.74360641 29.8106259 137.327 0 1
0 59.67454484 32.51740937 24.42096617 137.327 0 1
0 62.34070662 27.01214933 32.47319479 137.327 0 1
0 56.95104689 27.07233708 21.69939183 137.327 0 1
1 57.66694856 29.12654409 29.09493462 72.63 0 6
1 61.62501534 29.07993336 25.09025711 72.63 0 6
1 57.62033783 25.12186658 25.13686784 72.63 0 6
1 61.65555744 25.09132448 29.12547672 72.63 0 6
1 63.07056885 23.67631307 30.54048813 72.63 0 6
1 56.20910493 23.65789783 23.71963954 72.63 0 6
1 63.08898409 30.49716166 23.67902421 72.63 0 6
1 56.24972026 30.53777699 30.55890337 72.63 0 6
1 61.68378584 25.14543741 25.10414392 72.63 0 6
1 57.63422464 25.06309608 29.07136379 72.63 0 6
1 61.60144451 29.11265728 29.15370512 72.63 0 6
1 56.22718857 30.51969335 23.69710785 72.63 0 6
1 63.03909002 30.49921309 30.59144746 72.63 0 6
1 56.24766883 23.62535374 30.5090093 72.63 0 6
1 63.12152818 23.7077919 23.71758811 72.63 0 6
1 59.63164546 24.3785185 21.7140938 72.63 0 5
1 54.24417452 27.11523646 29.8382827 72.63 0 5
1 62.36836342 32.5027074 27.10156474 72.63 0 5
1 63.03013072 27.12687219 25.87201949 72.63 0 7
1 56.27262399 27.11052245 25.88723642 72.63 0 7
1 58.40210021 23.7167512 27.08992901 72.63 0 7
1 58.41731714 30.47425793 27.10627875 72.63 0 7
1 59.63635947 28.32956478 23.74254327 72.63 0 7
1 59.62000973 28.34478171 30.50005 72.63 0 7
1 54.25130875 25.06219544 22.94417256 72.63 0 7
1 54.23598431 29.14651858 22.93877868 72.63 0 7
1 55.47425328 32.49557317 29.15460576 72.63 0 7
1 55.4688594 32.51089761 25.07028262 72.63 0 7
1 57.60036334 31.27802252 21.70590359 72.63 0 7
1 61.68468648 31.27262864 21.72122803 72.63 0 7
2 57.66274436 29.08413756 25.13266364 69.723 0 3
2 59.64147816 29.79708502 21.71200606 69.723 0 2
2 54.24208678 27.10540376 24.41971618 69.723 0 2
2 56.9497969 32.50479514 27.11139744 69.723 0 2
2 56.3042497 27.09363038 28.42060512 69.723 0 4
2 62.98106356 27.11778651 28.46260009 69.723 0 4
2 60.99268081 23.76581836 27.09901469 69.723 0 4
2 60.95068584 30.44263222 27.12317082 69.723 0 4
2 59.62909541 25.75420111 30.45098284 69.723 0 4
2 59.65325154 25.79619608 23.77416898 69.723 0 4
2 54.25017034 25.00465534 31.20372566 69.723 0 4
2 65.07377593 29.17716832 31.24910849 69.723 0 4
2 63.77918921 21.67310599 25.03963288 69.723 0 4
2 63.73380638 32.49671158 29.21214586 69.723 0 4
2 57.5697136 22.96769271 32.54369521 69.723 0 4
2 61.74222658 23.01307554 21.72008962 69.723 0 4
0 59.66008667 27.08679525 37.97336619 137.327 0 0
0 65.06434131 21.68254061 43.37762083 137.327 0 0
0 54.23178365 29.79352393 37.99013546 137.327 0 1
0 65.00558661 24.4038642 38.05032321 137.327 0 1
0 59.73704369 21.74129531 40.65629724 137.327 0 1
0 59.67685594 32.51509827 35.26663751 137.327 0 1
0 62.34301772 27.00983823 43.31886613 137.327 0 1
0 56.95335799 27.07002598 32.54506317 137.327 0 1
1 57.66925966 29.12423299 39.94060596 72.63 0 6
1 61.62732644 29.07762226 35.93592845 72.63 0 6
1 57.62264893 25.11955548 35.98253918 72.63 0 6
1 61.65786854 25.08901338 39.97114806 72.63 0 6
1 63.07287995 23.67400197 41.38615947 72.63 0 6
1 56.21141603 23.65558673 34.56531088 72.63 0 6
1 63.09129519 30.49485056 34.52469555 72.63 0 6
1 56.25203136 30.53546589 41.40457471 72.63 0 6
1 61.68609694 25.14312631 35.94981526 72.63 0 6
1 57.63653574 25.06078498 39.91703513 72.63 0 6
1 61.60375561 29.11034618 39.99937646 72.63 0 6
1 56.22949967 30.51738225 34.54277919 72.63 0 6
1 63.04140112 30.49690199 41.4371188 72.63 0 6
1 56.24997993 23.62304264 41.35468064 72.63 0 6
1 63.12383928 23.7054808 34.56325945 72.63 0 6
1 59.63395656 24.3762074 32.55976514 72.63 0 5
1 54.24648562 27.11292536 40.68395404 72.63 0 5
1 62.37067452 32.5003963 37.94723608 72.63 0 5
1 63.03244182 27.12456109 36.71769083 72.63 0 7
1 56.27493509 27.10821135 36.73290776 72.63 0 7
1 58.40441131 23.7144401 37.93560035 72.63 0 7
1 58.41962824 30.47194683 37.95195009 72.63 0 7
1 59.63867057 28.32725368 34.58821461 72.63 0 7
1 59.62232083 28.34247061 41.34572134 72.63 0 7
1 54.25361985 25.05988434 33.7898439 72.63 0 7
1 54.23829541 29.14420748 33.78445002 72.63 0 7
1 55.47656438 32.49326207 40.0002771 72.63 0 7
1 55.4711705 32.50858651 35.91595396 72.63 0 7
1 57.60267444 31.27571142 32.55157493 72.63 0 7
1 61.68699758 31.27031754 32.56689937 72.63 0 7
2 57.66505546 29.08182646 35.97833498 69.723 0 3
2 59.64378926 29.79477392 32.5576774 69.723 0 2
2 54.24439788 27.10309266 35.26538752 69.723 0 2
2 56.952108 32.50248404 37.95706878 69.723 0 2
2 56.3065608 27.09131928 39.26627646 69.723 0 4
2 62.98337466 27.11547541 39.30827143 69.723 0 4
2 60.99499191 23.76350726 37.94468603 69.723 0 4
2 60.95299694 30.44032112 37.96884216 69.723 0 4
2 59.63140651 25.75189001 41.29665418 69.723 0 4
2 59.65556264 25.79388498 34.61984032 69.723 0 4
2 54.25248144 25.00234424 42.049397 69.723 0 4
2 65.07608703 29.17485722 42.09477983 69.723 0 4
2 63.78150031 21.67079489 35.88530422 69.723 0 4
2 63.73611748 32.49440048 40.0578172 69.723 0 4
2 57.5720247 22.96538161 43.38936655 69.723 0 4
2 61.74453768 23.01076444 32.56576096 69.723 0 4
0 59.66239777 27.08448415 48.81903753 137.327 0 0
0 65.06665241 21.68022951 54.22329217 137.327 0 0
0 54.23409475 29.79121283 48.8358068 137.327 0 1
0 65.00789771 24.4015531 48.89599455 137.327 0 1
0 59.73935479 21.73898421 51.50196858 137.327 0 1
0 59.67916704 32.51278717 46.11230885 137.327 0 1
0 62.34532882 27.00752713 54.16453747 137.327 0 1
0 56.95566909 27.06771488 43.39073451 137.327 0 1
1 57.67157076 29.12192189 50.7862773 72.63 0 6
1 61.62963754 29.07531116 46.78159979 72.63 0 6
1 57.62496003 25.11724438 46.82821052 72.63 0 6
1 61.66017964 25.08670228 50.8168194 72.63 0 6
1 63.07519105 23.67169087 52.23183081 72.63 0 6
1 56.21372713 23.65327563 45.41098222 72.63 0 6
1 63.09360629 30.49253946 45.37036689 72.63 0 6
1 56.25434246 30.53315479 52.25024605 72.63 0 6
1 61.68840804 25.14081521 46.7954866 72.63 0 6
1 57.63884684 25.05847388 50.76270647 72.63 0 6
1 61.60606671 29.10803508 50.8450478 72.63 0 6
1 56.23181077 30.51507115 45.38845053 72.63 0 6
1 63.04371222 30.49459089 52.28279014 72.63 0 6
1 56.25229103 23.62073154 52.20035198 72.63 0 6
1 63.12615038 23.7031697 45.40893079 72.63 0 6
1 59.63626766 24.3738963 43.40543648 72.63 0 5
1 54.24879672 27.11061426 51.52962538 72.63 0 5
1 62.37298562 32.4980852 48.79290742 72.63 0 5
1 63.03475292 27.12224999 47.56336217 72.63 0 7
1 56.27724619 27.10590025 47.5785791 72.63 0 7
1 58.40672241 23.712129 48.78127169 72.63 0 7
1 58.42193934 30.46963573 48.79762143 72.63 0 7
1 59.64098167 28.32494258 45.43388595 72.63 0 7
1 59.62463193 28.34015951 52.19139268 72.63 0 7
1 54.25593095 25.05757324 44.63551524 72.63 0 7
1 54.24060651 29.14189638 44.63012136 72.63 0 7
1 55.47887548 32.49095097 50.84594844 72.63 0 7
1 55.4734816 32.50627541 46.7616253 72.63 0 7
1 57.60498554 31.27340032 43.39724627 72.63 0 7
1 61.68930868 31.26800644 43.41257071 72.63 0 7
2 57.66736656 29.07951536 46.82400632 69.723 0 3
2 59.64610036 29.79246282 43.40334874 69.723 0 2
2 54.24670898 27.10078156 46.11105886 69.723 0 2
2 56.9544191 32.50017294 48.80274012 69.723 0 2
2 56.3088719 27.08900818 50.1119478 69.723 0 4
2 62.98568576 27.11316431 50.15394277 69.723 0 4
2 60.99730301 23.76119616 48.79035737 69.723 0 4
2 60.95530804 30.43801002 48.8145135 69.723 0 4
2 59.63371761 25.74957891 52.14232552 69.723 0 4
2 59.65787374 25.79157388 45.46551166 69.723 0 4
2 54.25479254 25.00003314 52.89506834 69.723 0 4
2 65.07839813 29.17254612 52.94045117 69.723 0 4
2 63.78381141 21.66848379 46.73097556 69.723 0 4
2 63.73842858 32.49208938 50.90348854 69.723 0 4
2 57.5743358 22.96307051 54.23503789 69.723 0 4
2 61.74684878 23.00845334 43.4114323 69.723 0 4
0 59.66470887 27.08217305 59.66470887 137.327 0 0
0 65.06896351 21.67791841 65.06896351 137.327 0 0
0 54.23640585 29.78890173 59.68147814 137.327 0 1
0 65.01020881 24.399242 59.74166589 137.327 0 1
0 59.74166589 21.73667311 62.34763992 137.327 0 1
0 59.68147814 32.51047607 56.95798019 137.327 0 1
0 62.34763992 27.00521603 65.01020881 137.327 0 1
0 56.95798019 27.06540378 54.23640585 137.327 0 1
1 57.67388186 29.11961079 61.63194864 72.63 0 6
1 61.63194864 29.07300006 57.62727113 72.63 0 6
1 57.62727113 25.11493328 57.67388186 72.63 0 6
1 61.66249074 25.08439118 61.66249074 72.63 0 6
1 63.07750215 23.66937977 63.07750215 72.63 0 6
1 56.21603823 23.65096453 56.25665356 72.63 0 6
1 63.09591739 30.49022836 56.21603823 72.63 0 6
1 56.25665356 30.53084369 63.09591739 72.63 0 6
1 61.69071914 25.13850411 57.64115794 72.63 0 6
1 57.64115794 25.05616278 61.60837781 72.63 0 6
1 61.60837781 29.10572398 61.69071914 72.63 0 6
1 56.23412187 30.51276005 56.23412187 72.63 0 6
1 63.04602332 30.49227979 63.12846148 72.63 0 6
1 56.25460213 23.61842044 63.04602332 72.63 0 6
1 63.12846148 23.7008586 56.25460213 72.63 0 6
1 59.63857876 24.3715852 54.25110782 72.63 0 5
1 54.25110782 27.10830316 62.37529672 72.63 0 5
1 62.37529672 32.4957741 59.63857876 72.63 0 5
1 63.03706402 27.11993889 58.40903351 72.63 0 7
1 56.27955729 27.10358915 58.42425044 72.63 0 7
1 58.40903351 23.7098179 59.62694303 72.63 0 7
1 58.42425044 30.46732463 59.64329277 72.63 0 7
1 59.64329277 28.32263148 56.27955729 72.63 0 7
1 59.62694303 28.33784841 63.03706402 72.63 0 7
1 54.25824205 25.05526214 55.48118658 72.63 0 7
1 54.24291761 29.13958528 55.4757927 72.63 0 7
1 55.48118658 32.48863987 61.69161978 72.63 0 7
1 55.4757927 32.50396431 57.60729664 72.63 0 7
1 57.60729664 31.27108922 54.24291761 72.63 0 7
1 61.69161978 31.26569534 54.25824205 72.63 0 7
2 57.66967766 29.07720426 57.66967766 69.723 0 3
2 59.64841146 29.79015172 54.24902008 69.723 0 2
2 54.24902008 27.09847046 56.9567302 69.723 0 2
2 56.9567302 32.49786184 59.64841146 69.723 0 2
2 56.311183 27.08669708 60.95761914 69.723 0 4
2 62.98799686 27.11085321 60.99961411 69.723 0 4
2 60.99961411 23.75888506 59.63602871 69.723 0 4
2 60.95761914 30.43569892 59.66018484 69.723 0 4
2 59.63602871 25.74726781 62.98799686 69.723 0 4
2 59.66018484 25.78926278 56.311183 69.723 0 4
2 54.25710364 24.99772204 63.74073968 69.723 0 4
2 65.08070923 29.17023502 63.78612251 69.723 0 4
2 63.78612251 21.66617269 57.5766469 69.723 0 4
2 63.74073968 32.48977828 61.74915988 69.723 0 4
2 57.5766469 22.96075941 65.08070923 69.723 0 4
2 61.74915988 23.00614224 54.25710364 69.723 0 4
0 59.65084227 37.93939989 5.43404107 137.327 0 0
0 65.05509691 32.53514525 10.83829571 137.327 0 0
0 54.22253925 40.64612857 5.45081034 137.327 0 1
0 64.99634221 35.25646884 5.51099809 137.327 0 1
0 59.72779929 32.59389995 8.11697212 137.327 0 1
0 59.66761154 43.36770291 2.72731239 137.327 0 1
0 62.33377332 37.86244287 10.77954101 137.327 0 1
0 56.94411359 37.92263062 0.00573805 137.327 0 1
1 57.66001526 39.97683763 7.40128084 72.63 0 6
1 61.61808204 39.9302269 3.39660333 72.63 0 6
1 57.61340453 35.97216012 3.44321406 72.63 0 6
1 61.64862414 35.94161802 7.43182294 72.63 0 6
1 63.06363555 34.52660661 8.84683435 72.63 0 6
1 56.20217163 34.50819137 2.02598576 72.63 0 6
1 63.08205079 41.3474552 1.98537043 72.63 0 6
1 56.24278696 41.38807053 8.86524959 72.63 0 6
1 61.67685254 35.99573095 3.41049014 72.63 0 6
1 57.62729134 35.91338962 7.37771001 72.63 0 6
1 61.59451121 39.96295082 7.46005134 72.63 0 6
1 56.22025527 41.36998689 2.00345407 72.63 0 6
1 63.03215672 41.34950663 8.89779368 72.63 0 6
1 56.24073553 34.47564728 8.81535552 72.63 0 6
1 63.11459488 34.55808544 2.02393433 72.63 0 6
1 59.62471216 35.22881204 0.02044002 72.63 0 5
1 54.23724122 37.96553 8.14462892 72.63 0 5
1 62.36143012 43.35300094 5.40791096 72.63 0 5
1 63.02319742 37.97716573 4.17836571 72.63 0 7
1 56.26569069 37.96081599 4.19358264 72.63 0 7
1 58.39516691 34.56704474 5.39627523 72.63 0 7
1 58.41038384 41.32455147 5.41262497 72.63 0 7
1 59.62942617 39.17985832 2.04888949 72.63 0 7
1 59.61307643 39.19507525 8.80639622 72.63 0 7
1 54.24437545 35.91248898 1.25051878 72.63 0 7
1 54.22905101 39.99681212 1.2451249 72.63 0 7
1 55.46731998 43.34586671 7.46095198 72.63 0 7
1 55.4619261 43.36119115 3.37662884 72.63 0 7
1 57.59343004 42.12831606 0.01224981 72.63 0 7
1 61.67775318 42.12292218 0.02757425 72.63 0 7
2 57.65581106 39.9344311 3.43900986 69.723 0 3
2 59.63454486 40.64737856 0.01835228 69.723 0 2
2 54.23515348 37.9556973 2.7260624 69.723 0 2
2 56.9428636 43.35508868 5.41774366 69.723 0 2
2 56.2973164 37.94392392 6.72695134 69.723 0 4
2 62.97413026 37.96808005 6.76894631 69.723 0 4
2 60.98574751 34.6161119 5.40536091 69.723 0 4
2 60.94375254 41.29292576 5.42951704 69.723 0 4
2 59.62216211 36.60449465 8.75732906 69.723 0 4
2 59.64631824 36.64648962 2.0805152 69.723 0 4
2 54.24323704 35.85494888 9.51007188 69.723 0 4
2 65.06684263 40.02746186 9.55545471 69.723 0 4
2 63.77225591 32.52339953 3.3459791 69.723 0 4
2 63.72687308 43.34700512 7.51849208 69.723 0 4
2 57.5627803 33.81798625 10.85004143 69.723 0 4
2 61.73529328 33.86336908 0.02643584 69.723 0 4
0 59.65315337 37.93708879 16.27971241 137.327 0 0
0 65.05740801 32.53283415 21.68396705 137.327 0 0
0 54.22485035 40.64381747 16.29648168 137.327 0 1
0 64.99865331 35.25415774 16.35666943 137.327 0 1
0 59.73011039 32.59158885 18.96264346 137.327 0 1
0 59.66992264 43.36539181 13.57298373 137.327 0 1
0 62.33608442 37.86013177 21.62521235 137.327 0 1
0 56.94642469 37.92031952 10.85140939 137.327 0 1
1 57.66232636 39.97452653 18.24695218 72.63 0 6
1 61.62039314 39.9279158 14.24227467 72.63 0 6
1 57.61571563 35.96984902 14.2888854 72.63 0 6
1 61.65093524 35.93930692 18.27749428 72.63 0 6
1 63.06594665 34.52429551 19.69250569 72.63 0 6
1 56.20448273 34.50588027 12.8716571 72.63 0 6
1 63.08436189 41.3451441 12.83104177 72.63 0 6
1 56.24509806 41.38575943 19.71092093 72.63 0 6
1 61.67916364 35.99341985 14.25616148 72.63 0 6
1 57.62960244 35.91107852 18.22338135 72.63 0 6
1 61.59682231 39.96063972 18.30572268 72.63 0 6
1 56.22256637 41.36767579 12.84912541 72.63 0 6
1 63.03446782 41.34719553 19.74346502 72.63 0 6
1 56.24304663 34.47333618 19.66102686 72.63 0 6
1 63.11690598 34.55577434 12.86960567 72.63 0 6
1 59.62702326 35.22650094 10.86611136 72.63 0 5
1 54.23955232 37.9632189 18.99030026 72.63 0 5
1 62.36374122 43.35068984 16.2535823 72.63 0 5
1 63.02550852 37.97485463 15.02403705 72.63 0 7
1 56.26800179 37.95850489 15.03925398 72.63 0 7
1 58.39747801 34.56473364 16.24194657 72.63 0 7
1 58.41269494 41.32224037 16.25829631 72.63 0 7
1 59.63173727 39.17754722 12.89456083 72.63 0 7
1 59.61538753 39.19276415 19.65206756 72.63 0 7
1 54.24668655 35.91017788 12.09619012 72.63 0 7
1 54.23136211 39.99450102 12.09079624 72.63 0 7
1 55.46963108 43.34355561 18.30662332 72.63 0 7
1 55.4642372 43.35888005 14.22230018 72.63 0 7
1 57.59574114 42.12600496 10.85792115 72.63 0 7
1 61.68006428 42.12061108 10.87324559 72.63 0 7
2 57.65812216 39.93212 14.2846812 69.723 0 3
2 59.63685596 40.64506746 10.86402362 69.723 0 2
2 54.23746458 37.9533862 13.57173374 69.723 0 2
2 56.9451747 43.35277758 16.263415 69.723 0 2
2 56.2996275 37.94161282 17.57262268 69.723 0 4
2 62.97644136 37.96576895 17.61461765 69.723 0 4
2 60.98805861 34.6138008 16.25103225 69.723 0 4
2 60.94606364 41.29061466 16.27518838 69.723 0 4
2 59.62447321 36.60218355 19.6030004 69.723 0 4
2 59.64862934 36.64417852 12.92618654 69.723 0 4
2 54.24554814 35.85263778 20.35574322 69.723 0 4
2 65.06915373 40.02515076 20.40112605 69.723 0 4
2 63.77456701 32.52108843 14.19165044 69.723 0 4
2 63.72918418 43.34469402 18.36416342 69.723 0 4
2 57.5650914 33.81567515 21.69571277 69.723 0 4
2 61.73760438 33.86105798 10.87210718 69.723 0 4
0 59.65546447 37.93477769 27.12538375 137.327 0 0
0 65.05971911 32.53052305 32.52963839 137.327 0 0
0 54.22716145 40.64150637 27.14215302 137.327 0 1
0 65.00096441 35.25184664 27.20234077 137.327 0 1
0 59.73242149 32.58927775 29.8083148 137.327 0 1
0 59.67223374 43.36308071 24.41865507 137.327 0 1
0 62.33839552 37.85782067 32.47088369 137.327 0 1
0 56.94873579 37.91800842 21.69708073 137.327 0 1
1 57.66463746 39.97221543 29.09262352 72.63 0 6
1 61.62270424 39.9256047 25.08794601 72.63 0 6
1 57.61802673 35.96753792 25.13455674 72.63 0 6
1 61.65324634 35.93699582 29.12316562 72.63 0 6
1 63.06825775 34.52198441 30.53817703 72.63 0 6
1 56.20679383 34.50356917 23.71732844 72.63 0 6
1 63.08667299 41.342833 23.67671311 72.63 0 6
1 56.24740916 41.38344833 30.55659227 72.63 0 6
1 61.68147474 35.99110875 25.10183282 72.63 0 6
1 57.63191354 35.90876742 29.06905269 72.63 0 6
1 61.59913341 39.95832862 29.15139402 72.63 0 6
1 56.22487747 41.36536469 23.69479675 72.63 0 6
1 63.03677892 41.34488443 30.58913636 72.63 0 6
1 56.24535773 34.47102508 30.5066982 72.63 0 6
1 63.11921708 34.55346324 23.71527701 72.63 0 6
1 59.62933436 35.22418984 21.7117827 72.63 0 5
1 54.24186342 37.9609078 29.8359716 72.63 0 5
1 62.36605232 43.34837874 27.09925364 72.63 0 5
1 63.02781962 37.97254353 25.86970839 72.63 0 7
1 56.27031289 37.95619379 25.88492532 72.63 0 7
1 58.39978911 34.56242254 27.08761791 72.63 0 7
1 58.41500604 41.31992927 27.10396765 72.63 0 7
1 59.63404837 39.17523612 23.74023217 72.63 0 7
1 59.61769863 39.19045305 30.4977389 72.63 0 7
1 54.24899765 35.90786678 22.94186146 72.63 0 7
1 54.23367321 39.99218992 22.93646758 72.63 0 7
1 55.47194218 43.34124451 29.15229466 72.63 0 7
1 55.4665483 43.35656895 25.06797152 72.63 0 7
1 57.59805224 42.12369386 21.70359249 72.63 0 7
1 61.68237538 42.11829998 21.71891693 72.63 0 7
2 57.66043326 39.9298089 25.13035254 69.723 0 3
2 59.63916706 40.64275636 21.70969496 69.723 0 2
2 54.23977568 37.9510751 24.41740508 69.723 0 2
2 56.9474858 43.35046648 27.10908634 69.723 0 2
2 56.3019386 37.93930172 28.41829402 69.723 0 4
2 62.97875246 37.96345785 28.46028899 69.723 0 4
2 60.99036971 34.6114897 27.09670359 69.723 0 4
2 60.94837474 41.28830356 27.12085972 69.723 0 4
2 59.62678431 36.59987245 30.44867174 69.723 0 4
2 59.65094044 36.64186742 23.77185788 69.723 0 4
2 54.24785924 35.85032668 31.20141456 69.723 0 4
2 65.07146483 40.02283966 31.24679739 69.723 0 4
2 63.77687811 32.51877733 25.03732178 69.723 0 4
2 63.73149528 43.34238292 29.20983476 69.723 0 4
2 57.5674025 33.81336405 32.54138411 69.723 0 4
2 61.73991548 33.85874688 21.71777852 69.723 0 4
0 59.65777557 37.93246659 37.97105509 137.327 0 0
0 65.06203021 32.52821195 43.37530973 137.327 0 0
0 54.22947255 40.63919527 37.98782436 137.327 0 1
0 65.00327551 35.24953554 38.04801211 137.327 0 1
0 59.73473259 32.58696665 40.65398614 137.327 0 1
0 59.67454484 43.36076961 35.26432641 137.327 0 1
0 62.34070662 37.85550957 43.31655503 137.327 0 1
0 56.95104689 37.91569732 32.54275207 137.327 0 1
1 57.66694856 39.96990433 39.93829486 72.63 0 6
1 61.62501534 39.9232936 35.93361735 72.63 0 6
1 57.62033783 35.96522682 35.98022808 72.63 0 6
1 61.65555744 35.93468472 39.96883696 72.63 0 6
1 63.07056885 34.51967331 41.38384837 72.63 0 6
1 56.20910493 34.50125807 34.56299978 72.63 0 6
1 63.08898409 41.3405219 34.52238445 72.63 0 6
1 56.24972026 41.38113723 41.40226361 72.63 0 6
1 61.68378584 35.98879765 35.94750416 72.63 0 6
1 57.63422464 35.90645632 39.91472403 72.63 0 6
1 61.60144451 39.95601752 39.99706536 72.63 0 6
1 56.22718857 41.36305359 34.54046809 72.63 0 6
1 63.03909002 41.34257333 41.4348077 72.63 0 6
1 56.24766883 34.46871398 41.35236954 72.63 0 6
1 63.12152818 34.55115214 34.56094835 72.63 0 6
1 59.63164546 35.22187874 32.55745404 72.63 0 5
1 54.24417452 37.9585967 40.68164294 72.63 0 5
1 62.36836342 43.34606764 37.94492498 72.63 0 5
1 63.03013072 37.97023243 36.71537973 72.63 0 7
1 56.27262399 37.95388269 36.73059666 72.63 0 7
1 58.40210021 34.56011144 37.93328925 72.63 0 7
1 58.41731714 41.31761817 37.94963899 72.63 0 7
1 59.63635947 39.17292502 34.58590351 72.63 0 7
1 59.62000973 39.18814195 41.34341024 72.63 0 7
1 54.25130875 35.90555568 33.7875328 72.63 0 7
1 54.23598431 39.98987882 33.78213892 72.63 0 7
1 55.47425328 43.33893341 39.997966 72.63 0 7
1 55.4688594 43.35425785 35.91364286 72.63 0 7
1 57.60036334 42.12138276 32.54926383 72.63 0 7
1 61.68468648 42.11598888 32.56458827 72.63 0 7
2 57.66274436 39.9274978 35.97602388 69.723 0 3
2 59.64147816 40.64044526 32.5553663 69.723 0 2
2 54.24208678 37.948764 35.26307642 69.723 0 2
2 56.9497969 43.34815538 37.95475768 69.723 0 2
2 56.3042497 37.93699062 39.26396536 69.723 0 4
2 62.98106356 37.96114675 39.30596033 69.723 0 4
2 60.99268081 34.6091786 37.94237493 69.723 0 4
2 60.95068584 41.28599246 37.96653106 69.723 0 4
2 59.62909541 36.59756135 41.29434308 69.723 0 4
2 59.65325154 36.63955632 34.61752922 69.723 0 4
2 54.25017034 35.84801558 42.0470859 69.723 0 4
2 65.07377593 40.02052856 42.09246873 69.723 0 4
2 63.77918921 32.51646623 35.88299312 69.723 0 4
2 63.73380638 43.34007182 40.0555061 69.723 0 4
2 57.5697136 33.81105295 43.38705545 69.723 0 4
2 61.74222658 33.85643578 32.56344986 69.723 0 4
0 59.66008667 37.93015549 48.81672643 137.327 0 0
0 65.06434131 32.52590085 54.22098107 137.327 0 0
0 54.23178365 40.63688417 48.8334957 137.327 0 1
0 65.00558661 35.24722444 48.89368345 137.327 0 1
0 59.73704369 32.58465555 51.49965748 137.327 0 1
0 59.67685594 43.35845851 46.10999775 137.327 0 1
0 62.34301772 37.85319847 54.16222637 137.327 0 1
0 56.95335799 37.91338622 43.38842341 137.327 0 1
1 57.66925966 39.96759323 50.7839662 72.63 0 6
1 61.62732644 39.9209825 46.77928869 72.63 0 6
1 57.62264893 35.96291572 46.82589942 72.63 0 6
1 61.65786854 35.93237362 50.8145083 72.63 0 6
1 63.07287995 34.51736221 52.22951971 72.63 0 6
1 56.21141603 34.49894697 45.40867112 72.63 0 6
1 63.09129519 41.3382108 45.36805579 72.63 0 6
1 56.25203136 41.37882613 52.24793495 72.63 0 6
1 61.68609694 35.98648655 46.7931755 72.63 0 6
1 57.63653574 35.90414522 50.76039537 72.63 0 6
1 61.60375561 39.95370642 50.8427367 72.63 0 6
1 56.22949967 41.36074249 45.38613943 72.63 0 6
1 63.04140112 41.34026223 52.28047904 72.63 0 6
1 56.24997993 34.46640288 52.19804088 72.63 0 6
1 63.12383928 34.54884104 45.40661969 72.63 0 6
1 59.63395656 35.21956764 43.40312538 72.63 0 5
1 54.24648562 37.9562856 51.52731428 72.63 0 5
1 62.37067452 43.34375654 48.79059632 72.63 0 5
1 63.03244182 37.96792133 47.56105107 72.63 0 7
1 56.27493509 37.95157159 47.576268 72.63 0 7
1 58.40441131 34.55780034 48.77896059 72.63 0 7
1 58.41962824 41.31530707 48.79531033 72.63 0 7
1 59.63867057 39.17061392 45.43157485 72.63 0 7
1 59.62232083 39.18583085 52.18908158 72.63 0 7
1 54.25361985 35.90324458 44.63320414 72.63 0 7
1 54.23829541 39.98756772 44.62781026 72.63 0 7
1 55.47656438 43.33662231 50.84363734 72.63 0 7
1 55.4711705 43.35194675 46.7593142 72.63 0 7
1 57.60267444 42.11907166 43.39493517 72.63 0 7
1 61.68699758 42.11367778 43.41025961 72.63 0 7
2 57.66505546 39.9251867 46.82169522 69.723 0 3
2 59.64378926 40.63813416 43.40103764 69.723 0 2
2 54.24439788 37.9464529 46.10874776 69.723 0 2
2 56.952108 43.34584428 48.80042902 69.723 0 2
2 56.3065608 37.93467952 50.1096367 69.723 0 4
2 62.98337466 37.95883565 50.15163167 69.723 0 4
2 60.99499191 34.6068675 48.78804627 69.723 0 4
2 60.95299694 41.28368136 48.8122024 69.723 0 4
2 59.63140651 36.59525025 52.14001442 69.723 0 4
2 59.65556264 36.63724522 45.46320056 69.723 0 4
2 54.25248144 35.84570448 52.89275724 69.723 0 4
2 65.07608703 40.01821746 52.93814007 69.723 0 4
2 63.78150031 32.51415513 46.72866446 69.723 0 4
2 63.73611748 43.33776072 50.90117744 69.723 0 4
2 57.5720247 33.80874185 54.23272679 69.723 0 4
2 61.74453768 33.85412468 43.4091212 69.723 0 4
0 59.66239777 37.92784439 59.66239777 137.327 0 0
0 65.06665241 32.52358975 65.06665241 137.327 0 0
0 54.23409475 40.63457307 59.67916704 137.327 0 1
0 65.00789771 35.24491334 59.73935479 137.327 0 1
0 59.73935479 32.58234445 62.34532882 137.327 0 1
0 59.67916704 43.35614741 56.95566909 137.327 0 1
0 62.34532882 37.85088737 65.00789771 137.327 0 1
0 56.95566909 37.91107512 54.23409475 137.327 0 1
1 57.67157076 39.96528213 61.62963754 72.63 0 6
1 61.62963754 39.9186714 57.62496003 72.63 0 6
1 57.62496003 35.96060462 57.67157076 72.63 0 6
1 61.66017964 35.93006252 61.66017964 72.63 0 6
1 63.07519105 34.51505111 63.07519105 72.63 0 6
1 56.21372713 34.49663587 56.25434246 72.63 0 6
1 63.09360629 41.3358997 56.21372713 72.63 0 6
1 56.25434246 41.37651503 63.09360629 72.63 0 6
1 61.68840804 35.98417545 57.63884684 72.63 0 6
1 57.63884684 35.90183412 61.60606671 72.63 0 6
1 61.60606671 39.95139532 61.68840804 72.63 0 6
1 56.23181077 41.35843139 56.23181077 72.63 0 6
1 63.04371222 41.33795113 63.12615038 72.63 0 6
1 56.25229103 34.46409178 63.04371222 72.63 0 6
1 63.12615038 34.54652994 56.25229103 72.63 0 6
1 59.63626766 35.21725654 54.24879672 72.63 0 5
1 54.24879672 37.9539745 62.37298562 72.63 0 5
1 62.37298562 43.34144544 59.63626766 72.63 0 5
1 63.03475292 37.96561023 58.40672241 72.63 0 7
1 56.27724619 37.94926049 58.42193934 72.63 0 7
1 58.40672241 34.55548924 59.62463193 72.63 0 7
1 58.42193934 41.31299597 59.64098167 72.63 0 7
1 59.64098167 39.16830282 56.27724619 72.63 0 7
1 59.62463193 39.18351975 63.03475292 72.63 0 7
1 54.25593095 35.90093348 55.47887548 72.63 0 7
1 54.24060651 39.98525662 55.4734816 72.63 0 7
1 55.47887548 43.33431121 61.68930868 72.63 0 7
1 55.4734816 43.34963565 57.60498554 72.63 0 7
1 57.60498554 42.11676056 54.24060651 72.63 0 7
1 61.68930868 42.11136668 54.25593095 72.63 0 7
2 57.66736656 39.9228756 57.66736656 69.723 0 3
2 59.64610036 40.63582306 54.24670898 69.723 0 2
2 54.24670898 37.9441418 56.9544191 69.723 0 2
2 56.9544191 43.34353318 59.64610036 69.723 0 2
2 56.3088719 37.93236842 60.95530804 69.723 0 4
2 62.98568576 37.95652455 60.99730301 69.723 0 4
2 60.99730301 34.6045564 59.63371761 69.723 0 4
2 60.95530804 41.28137026 59.65787374 69.723 0 4
2 59.63371761 36.59293915 62.98568576 69.723 0 4
2 59.65787374 36.63493412 56.3088719 69.723 0 4
2 54.25479254 35.84339338 63.73842858 69.723 0 4
2 65.07839813 40.01590636 63.78381141 69.723 0 4
2 63.78381141 32.51184403 57.5743358 69.723 0 4
2 63.73842858 43.33544962 61.74684878 69.723 0 4
2 57.5743358 33.80643075 65.07839813 69.723 0 4
2 61.74684878 33.85181358 54.25479254 69.723 0 4
0 59.64853117 48.78507123 5.43172997 137.327 0 0
0 65.05278581 43.38081659 10.83598461 137.327 0 0
0 54.22022815 51.49179991 5.44849924 137.327 0 1
0 64.99403111 46.10214018 5.50868699 137.327 0 1
0 59.72548819 43.43957129 8.11466102 137.327 0 1
0 59.66530044 54.21337425 2.72500129 137.327 0 1
0 62.33146222 48.70811421 10.77722991 137.327 0 1
0 56.94180249 48.76830196 0.00342695 137.327 0 1
1 57.65770416 50.82250897 7.39896974 72.63 0 6
1 61.61577094 50.77589824 3.39429223 72.63 0 6
1 57.61109343 46.81783146 3.44090296 72.63 0 6
1 61.64631304 46.78728936 7.42951184 72.63 0 6
1 63.06132445 45.37227795 8.84452325 72.63 0 6
1 56.19986053 45.35386271 2.02367466 72.63 0 6
1 63.07973969 52.19312654 1.98305933 72.63 0 6
1 56.24047586 52.23374187 8.86293849 72.63 0 6
1 61.67454144 46.84140229 3.40817904 72.63 0 6
1 57.62498024 46.75906096 7.37539891 72.63 0 6
1 61.59220011 50.80862216 7.45774024 72.63 0 6
1 56.21794417 52.21565823 2.00114297 72.63 0 6
1 63.02984562 52.19517797 8.89548258 72.63 0 6
1 56.23842443 45.32131862 8.81304442 72.63 0 6
1 63.11228378 45.40375678 2.02162323 72.63 0 6
1 59.62240106 46.07448338 0.01812892 72.63 0 5
1 54.23493012 48.81120134 8.14231782 72.63 0 5
1 62.35911902 54.19867228 5.40559986 72.63 0 5
1 63.02088632 48.82283707 4.17605461 72.63 0 7
1 56.26337959 48.80648733 4.19127154 72.63 0 7
1 58.39285581 45.41271608 5.39396413 72.63 0 7
1 58.40807274 52.17022281 5.41031387 72.63 0 7
1 59.62711507 50.02552966 2.04657839 72.63 0 7
1 59.61076533 50.04074659 8.80408512 72.63 0 7
1 54.24206435 46.75816032 1.24820768 72.63 0 7
1 54.22673991 50.84248346 1.2428138 72.63 0 7
1 55.46500888 54.19153805 7.45864088 72.63 0 7
1 55.459615 54.20686249 3.37431774 72.63 0 7
1 57.59111894 52.9739874 0.00993871 72.63 0 7
1 61.67544208 52.96859352 0.02526315 72.63 0 7
2 57.65349996 50.78010244 3.43669876 69.723 0 3
2 59.63223376 51.4930499 0.01604118 69.723 0 2
2 54.23284238 48.80136864 2.7237513 69.723 0 2
2 56.9405525 54.20076002 5.41543256 69.723 0 2
2 56.2950053 48.78959526 6.72464024 69.723 0 4
2 62.97181916 48.81375139 6.76663521 69.723 0 4
2 60.98343641 45.46178324 5.40304981 69.723 0 4
2 60.94144144 52.1385971 5.42720594 69.723 0 4
2 59.61985101 47.45016599 8.75501796 69.723 0 4
2 59.64400714 47.49216096 2.0782041 69.723 0 4
2 54.24092594 46.70062022 9.50776078 69.723 0 4
2 65.06453153 50.8731332 9.55314361 69.723 0 4
2 63.76994481 43.36907087 3.343668 69.723 0 4
2 63.72456198 54.19267646 7.51618098 69.723 0 4
2 57.5604692 44.66365759 10.84773033 69.723 0 4
2 61.73298218 44.70904042 0.02412474 69.723 0 4
0 59.65084227 48.78276013 16.27740131 137.327 0 0
0 65.05509691 43.37850549 21.68165595 137.327 0 0
0 54.22253925 51.48948881 16.29417058 137.327 0 1
0 64.99634221 46.09982908 16.35435833 137.327 0 1
0 59.72779929 43.43726019 18.96033236 137.327 0 1
0 59.66761154 54.21106315 13.57067263 137.327 0 1
0 62.33377332 48.70580311 21.62290125 137.327 0 1
0 56.94411359 48.76599086 10.84909829 137.327 0 1
1 57.66001526 50.82019787 18.24464108 72.63 0 6
1 61.61808204 50.77358714 14.23996357 72.63 0 6
1 57.61340453 46.81552036 14.2865743 72.63 0 6
1 61.64862414 46.78497826 18.27518318 72.63 0 6
1 63.06363555 45.36996685 19.69019459 72.63 0 6
1 56.20217163 45.35155161 12.869346 72.63 0 6
1 63.08205079 52.19081544 12.82873067 72.63 0 6
1 56.24278696 52.23143077 19.70860983 72.63 0 6
1 61.67685254 46.83909119 14.25385038 72.63 0 6
1 57.62729134 46.75674986 18.22107025 72.63 0 6
1 61.59451121 50.80631106 18.30341158 72.63 0 6
1 56.22025527 52.21334713 12.84681431 72.63 0 6
1 63.03215672 52.19286687 19.74115392 72.63 0 6
1 56.24073553 45.31900752 19.65871576 72.63 0 6
1 63.11459488 45.40144568 12.86729457 72.63 0 6
1 59.62471216 46.07217228 10.86380026 72.63 0 5
1 54.23724122 48.80889024 18.98798916 72.63 0 5
1 62.36143012 54.19636118 16.2512712 72.63 0 5
1 63.02319742 48.82052597 15.02172595 72.63 0 7
1 56.26569069 48.80417623 15.03694288 72.63 0 7
1 58.39516691 45.41040498 16.23963547 72.63 0 7
1 58.41038384 52.16791171 16.25598521 72.63 0 7
1 59.62942617 50.02321856 12.89224973 72.63 0 7
1 59.61307643 50.03843549 19.64975646 72.63 0 7
1 54.24437545 46.75584922 12.09387902 72.63 0 7
1 54.22905101 50.84017236 12.08848514 72.63 0 7
1 55.46731998 54.18922695 18.30431222 72.63 0 7
1 55.4619261 54.20455139 14.21998908 72.63 0 7
1 57.59343004 52.9716763 10.85561005 72.63 0 7
1 61.67775318 52.96628242 10.87093449 72.63 0 7
2 57.65581106 50.77779134 14.2823701 69.723 0 3
2 59.63454486 51.4907388 10.86171252 69.723 0 2
2 54.23515348 48.79905754 13.56942264 69.723 0 2
2 56.9428636 54.19844892 16.2611039 69.723 0 2
2 56.2973164 48.78728416 17.57031158 69.723 0 4
2 62.97413026 48.81144029 17.61230655 69.723 0 4
2 60.98574751 45.45947214 16.24872115 69.723 0 4
2 60.94375254 52.136286 16.27287728 69.723 0 4
2 59.62216211 47.44785489 19.6006893 69.723 0 4
2 59.64631824 47.48984986 12.92387544 69.723 0 4
2 54.24323704 46.69830912 20.35343212 69.723 0 4
2 65.06684263 50.8708221 20.39881495 69.723 0 4
2 63.77225591 43.36675977 14.18933934 69.723 0 4
2 63.72687308 54.19036536 18.36185232 69.723 0 4
2 57.5627803 44.66134649 21.69340167 69.723 0 4
2 61.73529328 44.70672932 10.86979608 69.723 0 4
0 59.65315337 48.78044903 27.12307265 137.327 0 0
0 65.05740801 43.37619439 32.52732729 137.327 0 0
0 54.22485035 51.48717771 27.13984192 137.327 0 1
0 64.99865331 46.09751798 27.20002967 137.327 0 1
0 59.73011039 43.43494909 29.8060037 137.327 0 1
0 59.66992264 54.20875205 24.41634397 137.327 0 1
0 62.33608442 48.70349201 32.46857259 137.327 0 1
0 56.94642469 48.76367976 21.69476963 137.327 0 1
1 57.66232636 50.81788677 29.09031242 72.63 0 6
1 61.62039314 50.77127604 25.08563491 72.63 0 6
1 57.61571563 46.81320926 25.13224564 72.63 0 6
1 61.65093524 46.78266716 29.12085452 72.63 0 6
1 63.06594665 45.36765575 30.53586593 72.63 0 6
1 56.20448273 45.34924051 23.71501734 72.63 0 6
1 63.08436189 52.18850434 23.67440201 72.63 0 6
1 56.24509806 52.22911967 30.55428117 72.63 0 6
1 61.67916364 46.83678009 25.09952172 72.63 0 6
1 57.62960244 46.75443876 29.06674159 72.63 0 6
1 61.59682231 50.80399996 29.14908292 72.63 0 6
1 56.22256637 52.21103603 23.69248565 72.63 0 6
1 63.03446782 52.19055577 30.58682526 72.63 0 6
1 56.24304663 45.31669642 30.5043871 72.63 0 6
1 63.11690598 45.39913458 23.71296591 72.63 0 6
1 59.62702326 46.06986118 21.7094716 72.63 0 5
1 54.23955232 48.80657914 29.8336605 72.63 0 5
1 62.36374122 54.19405008 27.09694254 72.63 0 5
1 63.02550852 48.81821487 25.86739729 72.63 0 7
1 56.26800179 48.80186513 25.88261422 72.63 0 7
1 58.39747801 45.40809388 27.08530681 72.63 0 7
1 58.41269494 52.16560061 27.10165655 72.63 0 7
1 59.63173727 50.02090746 23.73792107 72.63 0 7
1 59.61538753 50.03612439 30.4954278 72.63 0 7
1 54.24668655 46.75353812 22.93955036 72.63 0 7
1 54.23136211 50.83786126 22.93415648 72.63 0 7
1 55.46963108 54.18691585 29.14998356 72.63 0 7
1 55.4642372 54.20224029 25.06566042 72.63 0 7
1 57.59574114 52.9693652 21.70128139 72.63 0 7
1 61.68006428 52.96397132 21.71660583 72.63 0 7
2 57.65812216 50.77548024 25.12804144 69.723 0 3
2 59.63685596 51.4884277 21.70738386 69.723 0 2
2 54.23746458 48.79674644 24.41509398 69.723 0 2
2 56.9451747 54.19613782 27.10677524 69.723 0 2
2 56.2996275 48.78497306 28.41598292 69.723 0 4
2 62.97644136 48.80912919 28.45797789 69.723 0 4
2 60.98805861 45.45716104 27.09439249 69.723 0 4
2 60.94606364 52.1339749 27.11854862 69.723 0 4
2 59.62447321 47.44554379 30.44636064 69.723 0 4
2 59.64862934 47.48753876 23.76954678 69.723 0 4
2 54.24554814 46.69599802 31.19910346 69.723 0 4
2 65.06915373 50.868511 31.24448629 69.723 0 4
2 63.77456701 43.36444867 25.03501068 69.723 0 4
2 63.72918418 54.18805426 29.20752366 69.723 0 4
2 57.5650914 44.65903539 32.53907301 69.723 0 4
2 61.73760438 44.70441822 21.71546742 69.723 0 4
0 59.65546447 48.77813793 37.96874399 137.327 0 0
0 65.05971911 43.37388329 43.37299863 137.327 0 0
0 54.22716145 51.48486661 37.98551326 137.327 0 1
0 65.00096441 46.09520688 38.04570101 137.327 0 1
0 59.73242149 43.43263799 40.65167504 137.327 0 1
0 59.67223374 54.20644095 35.26201531 137.327 0 1
0 62.33839552 48.70118091 43.31424393 137.327 0 1
0 56.94873579 48.76136866 32.54044097 137.327 0 1
1 57.66463746 50.81557567 39.93598376 72.63 0 6
1 61.62270424 50.76896494 35.93130625 72.63 0 6
1 57.61802673 46.81089816 35.97791698 72.63 0 6
1 61.65324634 46.78035606 39.96652586 72.63 0 6
1 63.06825775 45.36534465 41.38153727 72.63 0 6
1 56.20679383 45.34692941 34.56068868 72.63 0 6
1 63.08667299 52.18619324 34.52007335 72.63 0 6
1 56.24740916 52.22680857 41.39995251 72.63 0 6
1 61.68147474 46.83446899 35.94519306 72.63 0 6
1 57.63191354 46.75212766 39.91241293 72.63 0 6
1 61.59913341 50.80168886 39.99475426 72.63 0 6
1 56.22487747 52.20872493 34.53815699 72.63 0 6
1 63.03677892 52.18824467 41.4324966 72.63 0 6
1 56.24535773 45.31438532 41.35005844 72.63 0 6
1 63.11921708 45.39682348 34.55863725 72.63 0 6
1 59.62933436 46.06755008 32.55514294 72.63 0 5
1 54.24186342 48.80426804 40.67933184 72.63 0 5
1 62.36605232 54.19173898 37.94261388 72.63 0 5
1 63.02781962 48.81590377 36.71306863 72.63 0 7
1 56.27031289 48.79955403 36.72828556 72.63 0 7
1 58.39978911 45.40578278 37.93097815 72.63 0 7
1 58.41500604 52.16328951 37.94732789 72.63 0 7
1 59.63404837 50.01859636 34.58359241 72.63 0 7
1 59.61769863 50.03381329 41.34109914 72.63 0 7
1 54.24899765 46.75122702 33.7852217 72.63 0 7
1 54.23367321 50.83555016 33.77982782 72.63 0 7
1 55.47194218 54.18460475 39.9956549 72.63 0 7
1 55.4665483 54.19992919 35.91133176 72.63 0 7
1 57.59805224 52.9670541 32.54695273 72.63 0 7
1 61.68237538 52.96166022 32.56227717 72.63 0 7
2 57.66043326 50.77316914 35.97371278 69.723 0 3
2 59.63916706 51.4861166 32.5530552 69.723 0 2
2 54.23977568 48.79443534 35.26076532 69.723 0 2
2 56.9474858 54.19382672 37.95244658 69.723 0 2
2 56.3019386 48.78266196 39.26165426 69.723 0 4
2 62.97875246 48.80681809 39.30364923 69.723 0 4
2 60.99036971 45.45484994 37.94006383 69.723 0 4
2 60.94837474 52.1316638 37.96421996 69.723 0 4
2 59.62678431 47.44323269 41.29203198 69.723 0 4
2 59.65094044 47.48522766 34.61521812 69.723 0 4
2 54.24785924 46.69368692 42.0447748 69.723 0 4
2 65.07146483 50.8661999 42.09015763 69.723 0 4
2 63.77687811 43.36213757 35.88068202 69.723 0 4
2 63.73149528 54.18574316 40.053195 69.723 0 4
2 57.5674025 44.65672429 43.38474435 69.723 0 4
2 61.73991548 44.70210712 32.56113876 69.723 0 4
0 59.65777557 48.77582683 48.81441533 137.327 0 0
0 65.06203021 43.37157219 54.21866997 137.327 0 0
0 54.22947255 51.48255551 48.8311846 137.327 0 1
0 65.00327551 46.09289578 48.89137235 137.327 0 1
0 59.73473259 43.43032689 51.49734638 137.327 0 1
0 59.67454484 54.20412985 46.10768665 137.327 0 1
0 62.34070662 48.69886981 54.15991527 137.327 0 1
0 56.95104689 48.75905756 43.38611231 137.327 0 1
1 57.66694856 50.81326457 50.7816551 72.63 0 6
1 61.62501534 50.76665384 46.77697759 72.63 0 6
1 57.62033783 46.80858706 46.82358832 72.63 0 6
1 61.65555744 46.77804496 50.8121972 72.63 0 6
1 63.07056885 45.36303355 52.22720861 72.63 0 6
1 56.20910493 45.34461831 45.40636002 72.63 0 6
1 63.08898409 52.18388214 45.36574469 72.63 0 6
1 56.24972026 52.22449747 52.24562385 72.63 0 6
1 61.68378584 46.83215789 46.7908644 72.63 0 6
1 57.63422464 46.74981656 50.75808427 72.63 0 6
1 61.60144451 50.79937776 50.8404256 72.63 0 6
1 56.22718857 52.20641383 45.38382833 72.63 0 6
1 63.03909002 52.18593357 52.27816794 72.63 0 6
1 56.24766883 45.31207422 52.19572978 72.63 0 6
1 63.12152818 45.39451238 45.40430859 72.63 0 6
1 59.63164546 46.06523898 43.40081428 72.63 0 5
1 54.24417452 48.80195694 51.52500318 72.63 0 5
1 62.36836342 54.18942788 48.78828522 72.63 0 5
1 63.03013072 48.81359267 47.55873997 72.63 0 7
1 56.27262399 48.79724293 47.5739569 72.63 0 7
1 58.40210021 45.40347168 48.77664949 72.63 0 7
1 58.41731714 52.16097841 48.79299923 72.63 0 7
1 59.63635947 50.01628526 45.42926375 72.63 0 7
1 59.62000973 50.03150219 52.18677048 72.63 0 7
1 54.25130875 46.74891592 44.63089304 72.63 0 7
1 54.23598431 50.83323906 44.62549916 72.63 0 7
1 55.47425328 54.18229365 50.84132624 72.63 0 7
1 55.4688594 54.19761809 46.7570031 72.63 0 7
1 57.60036334 52.964743 43.39262407 72.63 0 7
1 61.68468648 52.95934912 43.40794851 72.63 0 7
2 57.66274436 50.77085804 46.81938412 69.723 0 3
2 59.64147816 51.4838055 43.39872654 69.723 0 2
2 54.24208678 48.79212424 46.10643666 69.723 0 2
2 56.9497969 54.19151562 48.79811792 69.723 0 2
2 56.3042497 48.78035086 50.1073256 69.723 0 4
2 62.98106356 48.80450699 50.14932057 69.723 0 4
2 60.99268081 45.45253884 48.78573517 69.723 0 4
2 60.95068584 52.1293527 48.8098913 69.723 0 4
2 59.62909541 47.44092159 52.13770332 69.723 0 4
2 59.65325154 47.48291656 45.46088946 69.723 0 4
2 54.25017034 46.69137582 52.89044614 69.723 0 4
2 65.07377593 50.8638888 52.93582897 69.723 0 4
2 63.77918921 43.35982647 46.72635336 69.723 0 4
2 63.73380638 54.18343206 50.89886634 69.723 0 4
2 57.5697136 44.65441319 54.23041569 69.723 0 4
2 61.74222658 44.69979602 43.4068101 69.723 0 4
0 59.66008667 48.77351573 59.66008667 137.327 0 0
0 65.06434131 43.36926109 65.06434131 137.327 0 0
0 54.23178365 51.48024441 59.67685594 137.327 0 1
0 65.00558661 46.09058468 59.73704369 137.327 0 1
0 59.73704369 43.42801579 62.34301772 137.327 0 1
0 59.67685594 54.20181875 56.95335799 137.327 0 1
0 62.34301772 48.69655871 65.00558661 137.327 0 1
0 56.95335799 48.75674646 54.23178365 137.327 0 1
1 57.66925966 50.81095347 61.62732644 72.63 0 6
1 61.62732644 50.76434274 57.62264893 72.63 0 6
1 57.62264893 46.80627596 57.66925966 72.63 0 6
1 61.65786854 46.77573386 61.65786854 72.63 0 6
1 63.07287995 45.36072245 63.07287995 72.63 0 6
1 56.21141603 45.34230721 56.25203136 72.63 0 6
1 63.09129519 52.18157104 56.21141603 72.63 0 6
1 56.25203136 52.22218637 63.09129519 72.63 0 6
1 61.68609694 46.82984679 57.63653574 72.63 0 6
1 57.63653574 46.74750546 61.60375561 72.63 0 6
1 61.60375561 50.79706666 61.68609694 72.63 0 6
1 56.22949967 52.20410273 56.22949967 72.63 0 6
1 63.04140112 52.18362247 63.12383928 72.63 0 6
1 56.24997993 45.30976312 63.04140112 72.63 0 6
1 63.12383928 45.39220128 56.24997993 72.63 0 6
1 59.63395656 46.06292788 54.24648562 72.63 0 5
1 54.24648562 48.79964584 62.37067452 72.63 0 5
1 62.37067452 54.18711678 59.63395656 72.63 0 5
1 63.03244182 48.81128157 58.40441131 72.63 0 7
1 56.27493509 48.79493183 58.41962824 72.63 0 7
1 58.40441131 45.40116058 59.62232083 72.63 0 7
1 58.41962824 52.15866731 59.63867057 72.63 0 7
1 59.63867057 50.01397416 56.27493509 72.63 0 7
1 59.62232083 50.02919109 63.03244182 72.63 0 7
1 54.25361985 46.74660482 55.47656438 72.63 0 7
1 54.23829541 50.83092796 55.4711705 72.63 0 7
1 55.47656438 54.17998255 61.68699758 72.63 0 7
1 55.4711705 54.19530699 57.60267444 72.63 0 7
1 57.60267444 52.9624319 54.23829541 72.63 0 7
1 61.68699758 52.95703802 54.25361985 72.63 0 7
2 57.66505546 50.76854694 57.66505546 69.723 0 3
2 59.64378926 51.4814944 54.24439788 69.723 0 2
2 54.24439788 48.78981314 56.952108 69.723 0 2
2 56.952108 54.18920452 59.64378926 69.723 0 2
2 56.3065608 48.77803976 60.95299694 69.723 0 4
2 62.98337466 48.80219589 60.99499191 69.723 0 4
2 60.99499191 45.45022774 59.63140651 69.723 0 4
2 60.95299694 52.1270416 59.65556264 69.723 0 4
2 59.63140651 47.43861049 62.98337466 69.723 0 4
2 59.65556264 47.48060546 56.3065608 69.723 0 4
2 54.25248144 46.68906472 63.73611748 69.723 0 4
2 65.07608703 50.8615777 63.78150031 69.723 0 4
2 63.78150031 43.35751537 57.5720247 69.723 0 4
2 63.73611748 54.18112096 61.74453768 69.723 0 4
2 57.5720247 44.65210209 65.07608703 69.723 0 4
2 61.74453768 44.69748492 54.25248144 69.723 0 4
0 59.64622007 59.63074257 5.42941887 137.327 0 0
0 65.05047471 54.22648793 10.83367351 137.327 0 0
0 54.21791705 62.33747125 5.44618814 137.327 0 1
0 64.99172001 56.94781152 5.50637589 137.327 0 1
0 59.72317709 54.28524263 8.11234992 137.327 0 1
0 59.66298934 65.05904559 2.72269019 137.327 0 1
0 62.32915112 59.55378555 10.77491881 137.327 0 1
0 56.93949139 59.6139733 0.00111585 137.327 0 1
1 57.65539306 61.66818031 7.39665864 72.63 0 6
1 61.61345984 61.62156958 3.39198113 72.63 0 6
1 57.60878233 57.6635028 3.43859186 72.63 0 6
1 61.64400194 57.6329607 7.42720074 72.63 0 6
1 63.05901335 56.21794929 8.84221215 72.63 0 6
1 56.19754943 56.19953405 2.02136356 72.63 0 6
1 63.07742859 63.03879788 1.98074823 72.63 0 6
1 56.23816476 63.07941321 8.86062739 72.63 0 6
1 61.67223034 57.68707363 3.40586794 72.63 0 6
1 57.62266914 57.6047323 7.37308781 72.63 0 6
1 61.58988901 61.6542935 7.45542914 72.63 0 6
1 56.21563307 63.06132957 1.99883187 72.63 0 6
1 63.02753452 63.04084931 8.89317148 72.63 0 6
1 56.23611333 56.16698996 8.81073332 72.63 0 6
1 63.10997268 56.24942812 2.01931213 72.63 0 6
1 59.62008996 56.92015472 0.01581782 72.63 0 5
1 54.23261902 59.65687268 8.14000672 72.63 0 5
1 62.35680792 65.04434362 5.40328876 72.63 0 5
1 63.01857522 59.66850841 4.17374351 72.63 0 7
1 56.26106849 59.65215867 4.18896044 72.63 0 7
1 58.39054471 56.25838742 5.39165303 72.63 0 7
1 58.40576164 63.01589415 5.40800277 72.63 0 7
1 59.62480397 60.871201 2.04426729 72.63 0 7
1 59.60845423 60.88641793 8.80177402 72.63 0 7
1 54.23975325 57.60383166 1.24589658 72.63 0 7
1 54.22442881 61.6881548 1.2405027 72.63 0 7
1 55.46269778 65.03720939 7.45632978 72.63 0 7
1 55.4573039 65.05253383 3.37200664 72.63 0 7
1 57.58880784 63.81965874 0.00762761 72.63 0 7
1 61.67313098 63.81426486 0.02295205 72.63 0 7
2 57.65118886 61.62577378 3.43438766 69.723 0 3
2 59.62992266 62.33872124 0.01373008 69.723 0 2
2 54.23053128 59.64703998 2.7214402 69.723 0 2
2 56.9382414 65.04643136 5.41312146 69.723 0 2
2 56.2926942 59.6352666 6.72232914 69.723 0 4
2 62.96950806 59.65942273 6.76432411 69.723 0 4
2 60.98112531 56.30745458 5.40073871 69.723 0 4
2 60.93913034 62.98426844 5.42489484 69.723 0 4
2 59.61753991 58.29583733 8.75270686 69.723 0 4
2 59.64169604 58.3378323 2.075893 69.723 0 4
2 54.23861484 57.54629156 9.50544968 69.723 0 4
2 65.06222043 61.71880454 9.55083251 69.723 0 4
2 63.76763371 54.21474221 3.3413569 69.723 0 4
2 63.72225088 65.0383478 7.51386988 69.723 0 4
2 57.5581581 55.50932893 10.84541923 69.723 0 4
2 61.73067108 55.55471176 0.02181364 69.723 0 4
0 59.64853117 59.62843147 16.27509021 137.327 0 0
0 65.05278581 54.22417683 21.67934485 137.327 0 0
0 54.22022815 62.33516015 16.29185948 137.327 0 1
0 64.99403111 56.94550042 16.35204723 137.327 0 1
0 59.72548819 54.28293153 18.95802126 137.327 0 1
0 59.66530044 65.05673449 13.56836153 137.327 0 1
0 62.33146222 59.55147445 21.62059015 137.327 0 1
0 56.94180249 59.6116622 10.84678719 137.327 0 1
1 57.65770416 61.66586921 18.24232998 72.63 0 6
1 61.61577094 61.61925848 14.23765247 72.63 0 6
1 57.61109343 57.6611917 14.2842632 72.63 0 6
1 61.64631304 57.6306496 18.27287208 72.63 0 6
1 63.06132445 56.21563819 19.68788349 72.63 0 6
1 56.19986053 56.19722295 12.8670349 72.63 0 6
1 63.07973969 63.03648678 12.82641957 72.63 0 6
1 56.24047586 63.07710211 19.70629873 72.63 0 6
1 61.67454144 57.68476253 14.25153928 72.63 0 6
1 57.62498024 57.6024212 18.21875915 72.63 0 6
1 61.59220011 61.6519824 18.30110048 72.63 0 6
1 56.21794417 63.05901847 12.84450321 72.63 0 6
1 63.02984562 63.03853821 19.73884282 72.63 0 6
1 56.23842443 56.16467886 19.65640466 72.63 0 6
1 63.11228378 56.24711702 12.86498347 72.63 0 6
1 59.62240106 56.91784362 10.86148916 72.63 0 5
1 54.23493012 59.65456158 18.98567806 72.63 0 5
1 62.35911902 65.04203252 16.2489601 72.63 0 5
1 63.02088632 59.66619731 15.01941485 72.63 0 7
1 56.26337959 59.64984757 15.03463178 72.63 0 7
1 58.39285581 56.25607632 16.23732437 72.63 0 7
1 58.40807274 63.01358305 16.25367411 72.63 0 7
1 59.62711507 60.8688899 12.88993863 72.63 0 7
1 59.61076533 60.88410683 19.64744536 72.63 0 7
1 54.24206435 57.60152056 12.09156792 72.63 0 7
1 54.22673991 61.6858437 12.08617404 72.63 0 7
1 55.46500888 65.03489829 18.30200112 72.63 0 7
1 55.459615 65.05022273 14.21767798 72.63 0 7
1 57.59111894 63.81734764 10.85329895 72.63 0 7
1 61.67544208 63.81195376 10.86862339 72.63 0 7
2 57.65349996 61.62346268 14.280059 69.723 0 3
2 59.63223376 62.33641014 10.85940142 69.723 0 2
2 54.23284238 59.64472888 13.56711154 69.723 0 2
2 56.9405525 65.04412026 16.2587928 69.723 0 2
2 56.2950053 59.6329555 17.56800048 69.723 0 4
2 62.97181916 59.65711163 17.60999545 69.723 0 4
2 60.98343641 56.30514348 16.24641005 69.723 0 4
2 60.94144144 62.98195734 16.27056618 69.723 0 4
2 59.61985101 58.29352623 19.5983782 69.723 0 4
2 59.64400714 58.3355212 12.92156434 69.723 0 4
2 54.24092594 57.54398046 20.35112102 69.723 0 4
2 65.06453153 61.71649344 20.39650385 69.723 0 4
2 63.76994481 54.21243111 14.18702824 69.723 0 4
2 63.72456198 65.0360367 18.35954122 69.723 0 4
2 57.5604692 55.50701783 21.69109057 69.723 0 4
2 61.73298218 55.55240066 10.86748498 69.723 0 4
0 59.65084227 59.62612037 27.12076155 137.327 0 0
0 65.05509691 54.22186573 32.52501619 137.327 0 0
0 54.22253925 62.33284905 27.13753082 137.327 0 1
0 64.99634221 56.94318932 27.19771857 137.327 0 1
0 59.72779929 54.28062043 29.8036926 137.327 0 1
0 59.66761154 65.05442339 24.41403287 137.327 0 1
0 62.33377332 59.54916335 32.46626149 137.327 0 1
0 56.94411359 59.6093511 21.69245853 137.327 0 1
1 57.66001526 61.66355811 29.08800132 72.63 0 6
1 61.61808204 61.61694738 25.08332381 72.63 0 6
1 57.61340453 57.6588806 25.12993454 72.63 0 6
1 61.64862414 57.6283385 29.11854342 72.63 0 6
1 63.06363555 56.21332709 30.53355483 72.63 0 6
1 56.20217163 56.19491185 23.71270624 72.63 0 6
1 63.08205079 63.03417568 23.67209091 72.63 0 6
1 56.24278696 63.07479101 30.55197007 72.63 0 6
1 61.67685254 57.68245143 25.09721062 72.63 0 6
1 57.62729134 57.6001101 29.06443049 72.63 0 6
1 61.59451121 61.6496713 29.14677182 72.63 0 6
1 56.22025527 63.05670737 23.69017455 72.63 0 6
1 63.03215672 63.03622711 30.58451416 72.63 0 6
1 56.24073553 56.16236776 30.502076 72.63 0 6
1 63.11459488 56.24480592 23.71065481 72.63 0 6
1 59.62471216 56.91553252 21.7071605 72.63 0 5
1 54.23724122 59.65225048 29.8313494 72.63 0 5
1 62.36143012 65.03972142 27.09463144 72.63 0 5
1 63.02319742 59.66388621 25.86508619 72.63 0 7
1 56.26569069 59.64753647 25.88030312 72.63 0 7
1 58.39516691 56.25376522 27.08299571 72.63 0 7
1 58.41038384 63.01127195 27.09934545 72.63 0 7
1 59.62942617 60.8665788 23.73560997 72.63 0 7
1 59.61307643 60.88179573 30.4931167 72.63 0 7
1 54.24437545 57.59920946 22.93723926 72.63 0 7
1 54.22905101 61.6835326 22.93184538 72.63 0 7
1 55.46731998 65.03258719 29.14767246 72.63 0 7
1 55.4619261 65.04791163 25.06334932 72.63 0 7
1 57.59343004 63.81503654 21.69897029 72.63 0 7
1 61.67775318 63.80964266 21.71429473 72.63 0 7
2 57.65581106 61.62115158 25.12573034 69.723 0 3
2 59.63454486 62.33409904 21.70507276 69.723 0 2
2 54.23515348 59.64241778 24.41278288 69.723 0 2
2 56.9428636 65.04180916 27.10446414 69.723 0 2
2 56.2973164 59.6306444 28.41367182 69.723 0 4
2 62.97413026 59.65480053 28.45566679 69.723 0 4
2 60.98574751 56.30283238 27.09208139 69.723 0 4
2 60.94375254 62.97964624 27.11623752 69.723 0 4
2 59.62216211 58.29121513 30.44404954 69.723 0 4
2 59.64631824 58.3332101 23.76723568 69.723 0 4
2 54.24323704 57.54166936 31.19679236 69.723 0 4
2 65.06684263 61.71418234 31.24217519 69.723 0 4
2 63.77225591 54.21012001 25.03269958 69.723 0 4
2 63.72687308 65.0337256 29.20521256 69.723 0 4
2 57.5627803 55.50470673 32.53676191 69.723 0 4
2 61.73529328 55.55008956 21.71315632 69.723 0 4
0 59.65315337 59.62380927 37.96643289 137.327 0 0
0 65.05740801 54.21955463 43.37068753 137.327 0 0
0 54.22485035 62.33053795 37.98320216 137.327 0 1
0 64.99865331 56.94087822 38.04338991 137.327 0 1
0 59.73011039 54.27830933 40.64936394 137.327 0 1
0 59.66992264 65.05211229 35.25970421 137.327 0 1
0 62.33608442 59.54685225 43.31193283 137.327 0 1
0 56.94642469 59.60704 32.53812987 137.327 0 1
1 57.66232636 61.66124701 39.93367266 72.63 0 6
1 61.62039314 61.61463628 35.92899515 72.63 0 6
1 57.61571563 57.6565695 35.97560588 72.63 0 6
1 61.65093524 57.6260274 39.96421476 72.63 0 6
1 63.06594665 56.21101599 41.37922617 72.63 0 6
1 56.20448273 56.19260075 34.55837758 72.63 0 6
1 63.08436189 63.03186458 34.51776225 72.63 0 6
1 56.24509806 63.07247991 41.39764141 72.63 0 6
1 61.67916364 57.68014033 35.94288196 72.63 0 6
1 57.62960244 57.597799 39.91010183 72.63 0 6
1 61.59682231 61.6473602 39.99244316 72.63 0 6
1 56.22256637 63.05439627 34.53584589 72.63 0 6
1 63.03446782 63.03391601 41.4301855 72.63 0 6
1 56.24304663 56.16005666 41.34774734 72.63 0 6
1 63.11690598 56.24249482 34.55632615 72.63 0 6
1 59.62702326 56.91322142 32.55283184 72.63 0 5
1 54.23955232 59.64993938 40.67702074 72.63 0 5
1 62.36374122 65.03741032 37.94030278 72.63 0 5
1 63.02550852 59.66157511 36.71075753 72.63 0 7
1 56.26800179 59.64522537 36.72597446 72.63 0 7
1 58.39747801 56.25145412 37.92866705 72.63 0 7
1 58.41269494 63.00896085 37.94501679 72.63 0 7
1 59.63173727 60.8642677 34.58128131 72.63 0 7
1 59.61538753 60.87948463 41.33878804 72.63 0 7
1 54.24668655 57.59689836 33.7829106 72.63 0 7
1 54.23136211 61.6812215 33.77751672 72.63 0 7
1 55.46963108 65.03027609 39.9933438 72.63 0 7
1 55.4642372 65.04560053 35.90902066 72.63 0 7
1 57.59574114 63.81272544 32.54464163 72.63 0 7
1 61.68006428 63.80733156 32.55996607 72.63 0 7
2 57.65812216 61.61884048 35.97140168 69.723 0 3
2 59.63685596 62.33178794 32.5507441 69.723 0 2
2 54.23746458 59.64010668 35.25845422 69.723 0 2
2 56.9451747 65.03949806 37.95013548 69.723 0 2
2 56.2996275 59.6283333 39.25934316 69.723 0 4
2 62.97644136 59.65248943 39.30133813 69.723 0 4
2 60.98805861 56.30052128 37.93775273 69.723 0 4
2 60.94606364 62.97733514 37.96190886 69.723 0 4
2 59.62447321 58.28890403 41.28972088 69.723 0 4
2 59.64862934 58.330899 34.61290702 69.723 0 4
2 54.24554814 57.53935826 42.0424637 69.723 0 4
2 65.06915373 61.71187124 42.08784653 69.723 0 4
2 63.77456701 54.20780891 35.87837092 69.723 0 4
2 63.72918418 65.0314145 40.0508839 69.723 0 4
2 57.5650914 55.50239563 43.38243325 69.723 0 4
2 61.73760438 55.54777846 32.55882766 69.723 0 4
0 59.65546447 59.62149817 48.81210423 137.327 0 0
0 65.05971911 54.21724353 54.21635887 137.327 0 0
0 54.22716145 62.32822685 48.8288735 137.327 0 1
0 65.00096441 56.93856712 48.88906125 137.327 0 1
0 59.73242149 54.27599823 51.49503528 137.327 0 1
0 59.67223374 65.04980119 46.10537555 137.327 0 1
0 62.33839552 59.54454115 54.15760417 137.327 0 1
0 56.94873579 59.6047289 43.38380121 137.327 0 1
1 57.66463746 61.65893591 50.779344 72.63 0 6
1 61.62270424 61.61232518 46.77466649 72.63 0 6
1 57.61802673 57.6542584 46.82127722 72.63 0 6
1 61.65324634 57.6237163 50.8098861 72.63 0 6
1 63.06825775 56.20870489 52.22489751 72.63 0 6
1 56.20679383 56.19028965 45.40404892 72.63 0 6
1 63.08667299 63.02955348 45.36343359 72.63 0 6
1 56.24740916 63.07016881 52.24331275 72.63 0 6
1 61.68147474 57.67782923 46.7885533 72.63 0 6
1 57.63191354 57.5954879 50.75577317 72.63 0 6
1 61.59913341 61.6450491 50.8381145 72.63 0 6
1 56.22487747 63.05208517 45.38151723 72.63 0 6
1 63.03677892 63.03160491 52.27585684 72.63 0 6
1 56.24535773 56.15774556 52.19341868 72.63 0 6
1 63.11921708 56.24018372 45.40199749 72.63 0 6
1 59.62933436 56.91091032 43.39850318 72.63 0 5
1 54.24186342 59.64762828 51.52269208 72.63 0 5
1 62.36605232 65.03509922 48.78597412 72.63 0 5
1 63.02781962 59.65926401 47.55642887 72.63 0 7
1 56.27031289 59.64291427 47.5716458 72.63 0 7
1 58.39978911 56.24914302 48.77433839 72.63 0 7
1 58.41500604 63.00664975 48.79068813 72.63 0 7
1 59.63404837 60.8619566 45.42695265 72.63 0 7
1 59.61769863 60.87717353 52.18445938 72.63 0 7
1 54.24899765 57.59458726 44.62858194 72.63 0 7
1 54.23367321 61.6789104 44.62318806 72.63 0 7
1 55.47194218 65.02796499 50.83901514 72.63 0 7
1 55.4665483 65.04328943 46.754692 72.63 0 7
1 57.59805224 63.81041434 43.39031297 72.63 0 7
1 61.68237538 63.80502046 43.40563741 72.63 0 7
2 57.66043326 61.61652938 46.81707302 69.723 0 3
2 59.63916706 62.32947684 43.39641544 69.723 0 2
2 54.23977568 59.63779558 46.10412556 69.723 0 2
2 56.9474858 65.03718696 48.79580682 69.723 0 2
2 56.3019386 59.6260222 50.1050145 69.723 0 4
2 62.97875246 59.65017833 50.14700947 69.723 0 4
2 60.99036971 56.29821018 48.78342407 69.723 0 4
2 60.94837474 62.97502404 48.8075802 69.723 0 4
2 59.62678431 58.28659293 52.13539222 69.723 0 4
2 59.65094044 58.3285879 45.45857836 69.723 0 4
2 54.24785924 57.53704716 52.88813504 69.723 0 4
2 65.07146483 61.70956014 52.93351787 69.723 0 4
2 63.77687811 54.20549781 46.72404226 69.723 0 4
2 63.73149528 65.0291034 50.89655524 69.723 0 4
2 57.5674025 55.50008453 54.22810459 69.723 0 4
2 61.73991548 55.54546736 43.404499 69.723 0 4
0 59.65777557 59.61918707 59.65777557 137.327 0 0
0 65.06203021 54.21493243 65.06203021 137.327 0 0
0 54.22947255 62.32591575 59.67454484 137.327 0 1
0 65.00327551 56.93625602 59.73473259 137.327 0 1
0 59.73473259 54.27368713 62.34070662 137.327 0 1
0 59.67454484 65.04749009 56.95104689 137.327 0 1
0 62.34070662 59.54223005 65.00327551 137.327 0 1
0 56.95104689 59.6024178 54.22947255 137.327 0 1
1 57.66694856 61.65662481 61.62501534 72.63 0 6
1 61.62501534 61.61001408 57.62033783 72.63 0 6
1 57.62033783 57.6519473 57.66694856 72.63 0 6
1 61.65555744 57.6214052 61.65555744 72.63 0 6
1 63.07056885 56.20639379 63.07056885 72.63 0 6
1 56.20910493 56.18797855 56.24972026 72.63 0 6
1 63.08898409 63.02724238 56.20910493 72.63 0 6
1 56.24972026 63.06785771 63.08898409 72.63 0 6
1 61.68378584 57.67551813 57.63422464 72.63 0 6
1 57.63422464 57.5931768 61.60144451 72.63 0 6
1 61.60144451 61.642738 61.68378584 72.63 0 6
1 56.22718857 63.04977407 56.22718857 72.63 0 6
1 63.03909002 63.02929381 63.12152818 72.63 0 6
1 56.24766883 56.15543446 63.03909002 72.63 0 6
1 63.12152818 56.23787262 56.24766883 72.63 0 6
1 59.63164546 56.90859922 54.24417452 72.63 0 5
1 54.24417452 59.64531718 62.36836342 72.63 0 5
1 62.36836342 65.03278812 59.63164546 72.63 0 5
1 63.03013072 59.65695291 58.40210021 72.63 0 7
1 56.27262399 59.64060317 58.41731714 72.63 0 7
1 58.40210021 56.24683192 59.62000973 72.63 0 7
1 58.41731714 63.00433865 59.63635947 72.63 0 7
1 59.63635947 60.8596455 56.27262399 72.63 0 7
1 59.62000973 60.87486243 63.03013072 72.63 0 7
1 54.25130875 57.59227616 55.47425328 72.63 0 7
1 54.23598431 61.6765993 55.4688594 72.63 0 7
1 55.47425328 65.02565389 61.68468648 72.63 0 7
1 55.4688594 65.04097833 57.60036334 72.63 0 7
1 57.60036334 63.80810324 54.23598431 72.63 0 7
1 61.68468648 63.80270936 54.25130875 72.63 0 7
2 57.66274436 61.61421828 57.66274436 69.723 0 3
2 59.64147816 62.32716574 54.24208678 69.723 0 2
2 54.24208678 59.63548448 56.9497969 69.723 0 2
2 56.9497969 65.03487586 59.64147816 69.723 0 2
2 56.3042497 59.6237111 60.95068584 69.723 0 4
2 62.98106356 59.64786723 60.99268081 69.723 0 4
2 60.99268081 56.29589908 59.62909541 69.723 0 4
2 60.95068584 62.97271294 59.65325154 69.723 0 4
2 59.62909541 58.28428183 62.98106356 69.723 0 4
2 59.65325154 58.3262768 56.3042497 69.723 0 4
2 54.25017034 57.53473606 63.73380638 69.723 0 4
2 65.07377593 61.70724904 63.77918921 69.723 0 4
2 63.77918921 54.20318671 57.5697136 69.723 0 4
2 63.73380638 65.0267923 61.74222658 69.723 0 4
2 57.5697136 55.49777343 65.07377593 69.723 0 4
2 61.74222658 55.54315626 54.25017034 69.723 0 4