       31.242755487856861      -29.437522333066237        3.325538911157605        0.138376278437645       -7.414308625666428
       25.171832817679441      -44.067466881373278      -12.621306757220900      -24.291479443641499       11.942464092045899
       12.595546024926414      -21.946883381008465        7.807670571202550       -6.083808838657725        2.008752395865747
       24.419999773969245      -18.814707083884315       15.269171138571373        2.827954016737991       -5.367949828227805
        4.471946227263571      -10.566377274465511       -3.373889346453998      -16.591187433727995       -0.909893988655724
       21.335273055845970        4.992824742922386       -6.635322000615366      -12.323257490422124       -3.813602178285530
       22.026314070593699       -9.327872791847000      -25.093136692959327       -6.830039568480704      -13.272693940856851
       20.743961075395934      -38.062217875906839      -23.215002822786406      -16.218528907978627        2.243935574414345
       36.135558696227129      -26.867841499522253       -5.597752007514490      -14.714778080419277        4.956961779529842
       30.521263059815212      -21.022376005824416      -17.861312461575743      -14.868400056572895       -6.827202538910213
       28.773928778674517      -12.111974192083142      -20.991691486677272        0.577303811446152       14.030702966061810
       33.987679145569565      -14.623271660750659      -19.202833743363961       -5.653189812016842       -1.012870272872993
       34.067901534065982        1.651108347177950      -37.353929521840634      -13.181664655883569       -3.836503365531642
       38.209707527773816        0.801187544849622      -35.613157539377418      -17.882354568402747        7.596659272565327
       32.023830621471184        4.938327622995095      -42.626233686643680        2.049521100136212        2.666360586158734
       35.875859740315462       -5.016251465946060      -34.111048734596338       15.370946469914456      -12.937337644573777
       79.422498043339246       15.051323605609204      -24.250907159171238       23.535537827000574        6.010417370174401
       63.645224572930054       -1.921739038153622      -22.044447199513939        9.648705416930898        8.545989524774209
       55.135660998869206      -13.360842687458682        3.503849985119095      -17.092037439123562       -6.525216832448009
       59.261212752090437      -25.255190829322760        8.491898148924736      -20.202752588183390        3.196604846961472
       63.296864891571978       -6.795121820201016      -10.164398712748351       -5.378204580930517       -8.778940080405246
       68.695248298930977      -41.791904455112025      -11.174256695252787       -6.949289077715970        6.079280219047144
       31.058456732693770      -23.933746204672111      -46.381176904638984      -18.304843357774256       -4.225816783641149
       41.119481584576846      -47.154619100311521      -22.628351699698285        1.741567595844340        4.339712825700437
       48.509721455428917      -58.544802334909917       10.312042538157403        0.217991252996672       -7.708913347171381
       23.355697175980414      -27.056029869269413       13.079941093132287       13.461154038462844        8.332545817863567
       19.404215983192159      -34.919129265994385       17.107762783228150        3.119510529398103       -2.151989005264697
        9.130067854875135      -40.296717877932998        3.992882093776904       26.642267770162299       -0.742593817611336
       12.107060948999541        4.758537395926247      -25.840701633162119       18.700067373087155        3.188877320802617
       12.171428289093825        3.387870711592093      -18.780885351301986       34.816398305875865       -5.086628232249473
       40.016543799986039        5.675694877261036      -29.044424591836542        9.705533761996422        1.440808234065504
       17.664747393426957       20.902556313540170      -62.278811994392179        9.555193390321714        3.060618248905254
       25.413645341786260       15.393136460875105      -56.149237323620405       18.973622162041583       -5.878488345691983
       26.544344007320127       17.241656428813265      -33.905557645107521        5.886772903591398        4.987111843842465
        5.297592581635483       44.996989239957252      -11.608319336675587      -12.431523699886959       -4.310138328031003
       13.057346859470892       25.400184533123994      -24.876563088639280       -3.934383958955551        8.492339407079635
       11.460120478331881       13.478821467867791      -31.681842283524645      -18.770712344691557      -11.208987669893078
       10.804984188056219       -3.846696120874942      -34.923915257665982      -14.931588538207931       12.203089016769628
       31.563341055327033        7.753122616247410      -38.779300154118026      -47.504791063767932       -0.420708171824727
        3.528153107373739        2.852292522546374      -37.291881880798940      -24.222624043087393       -6.353931022698053
       15.165537563353549        1.353703069013325      -10.058649806204567      -20.733340563281764       17.221755137523253
       16.869977416038392       11.612258077339840      -65.518018863273824        4.407586590909871      -16.915901894410787
        6.311426539910513       -7.336662342710830      -22.006460602230920       -3.994137283867767        9.138375301543958
       19.795689211741745       -9.768044197014461       -9.752711877344421        5.988324297533376       -9.114861853637064
       14.474914175704734       -2.971587326925736        0.399557482177299       -4.440419599571784       -0.745659777915434
       17.088265113783788        8.871187884378038      -15.302822848430989      -16.965570147274004        2.177601130255164
       29.187550626686164       -7.186956653135375        9.650007545668325      -11.816084770290420       -5.054887372987185
       41.478452027211162       -1.614193847464040       11.569299870551234       -0.349696403085470       -1.821742265864547
       18.845495655831279      -10.098822200449568        1.923621406899616        1.066833572986309        5.997705080390455
       17.077186643541861       17.959053667732640       20.144275339640547      -12.518625181569991       -5.509521460706344
        8.562249241744608       27.205807062614316        3.203165397450488      -23.184892295785442       11.902955027446181
       27.987891204920309       20.624183358642963       -7.601880268508347       -4.410112458683332       -9.987024137979814
       18.188436590003377       -6.766444008249525       -9.235655731436543      -42.701635307806932       -4.783687894947837
       14.525712319032479       15.190257356407521       -0.642804749469661      -27.241669844886641       11.067508233575730
        0.337883727749289       16.753663040295979        6.164708400621167      -14.347538771381242       -6.419013693335804
       40.008510755895315       16.544365564061923      -23.613192779211396      -17.957759091608452        6.327605640615146
        5.253330870155883        8.619377835847274      -25.752971247474051      -31.510957793917555      -10.174972095654438
       23.610828275719978        2.053957074463910        0.852583739836482      -42.109172366200617       10.893360608143224
       17.328595814169049       -6.811063670377573      -17.322500982673649      -39.723982813603747       -5.483367762403620
       23.974047819835647      -10.359075659883505        1.734169270908579      -51.846055935939006       -2.690242231975271
        6.113144481541298       -6.347474805598065      -14.661570552918324      -50.730920406842344       -5.491663941405972
       20.279581043915496       19.345996102295736      -20.086554213833782      -48.931599343740054       16.816546228240945
        9.544637451656406       27.821474491539959      -10.624127842757234      -35.063408875912607       -9.577305815441715
       37.390809672829398       14.774766120132503       25.468287770756849      -19.652749281990626       -3.178732564216767
       42.133758653504536        3.746682345337649      -13.485436261219027       -8.171360721413093        9.386815769994220
       12.172736353174059       18.047639987047265        1.368214057087034      -15.149955176723079       -3.165393693955955
        3.492109231723276       17.415931902038704        3.397998741674315       -3.582799528373316       -3.610373637360248
        2.210832414914760       14.458658248570831      -23.464408635943983       -1.045349751572400        2.290991579625771
       -9.628714930508323       12.430704148909445      -29.773627036942916      -14.147760917109030        4.017553938344750
       16.060906498466299        7.061936685203054      -55.616983111075285       -4.605215126728085      -13.061660396544941
       10.174068561876584       29.411431111592282      -15.794772488893548        1.476301170834520       10.603403816851515
       -5.699162915034607       24.974174006955590      -28.925924896883672      -11.064164158304584      -12.414487054673151
        0.882469108359687       39.990657089382410      -25.047209680444244      -39.622155342418488       13.456535300737281
       25.906976144935861       33.376757785072066       -8.150961747589351      -14.322697583103380       -1.881014497751321
       28.221853476659820       36.894561636773581      -29.377612507826043      -10.490558018973552       -3.472084607809181
       25.394975709982237       57.560644509010793      -28.014125794678154        9.924773230231221        4.676728203709421
       23.111573989557936       47.164214955816028      -47.916711893117217       16.424030953995246        5.278947952964581
        3.447366528313016       53.520802866344603      -21.612074034670126       35.929847835000899      -11.785753025590097
       17.709992918927188       38.736689860062754      -47.601560870329621       45.398539223806701       -1.265218075950732
       -1.627026520528916       51.549476858897933      -87.429347469567361       52.758807149638876        5.096132955928949
        2.875651195224382       33.128016682815030      -71.309691123319965       44.394865152692120        2.769936046083365
        3.372361500333203       27.030345068758958      -83.561781349214598       36.339238496969088        3.455470732191193
       -8.063795634290216       18.891871277697312      -69.312757551308962       26.780455367956833        2.831130785242521
        7.623123331799538        1.969550976861632      -81.454526027163581        1.922980762145057       -5.752324013986481
       -5.442937078210799       17.363281589961964      -70.411738306197350        6.303011317386671       -4.734186241012595
       31.449928474374090        6.402374949170231      -61.989723877651201      -33.937237205726234        6.076570264799986
       36.145788319110679       14.550018923750200      -43.478728816681162      -10.413816270419883      -17.123787243879320
        2.505281275553054       12.133133774713079      -63.373427091233594      -28.070612384962718       20.349696346326333
        3.255123394185736      -17.395767992018445      -56.521473294809162      -22.119077761464727       -9.504643148531745
       10.338711505040340       -3.874822269349070      -41.550970158805107      -12.292751207446805       -3.026499657043503
       13.634051513621765       -5.766140238668770      -65.540394072981726        1.996795002806314        2.186557101625084
        6.578100874888142       15.905753502345673      -37.722732762580897       -9.672076808852937       -2.535716359185998
       -9.584362801878637       14.734205904586782      -62.210061046270752        9.041997919918980       11.984217954566684
       -3.902009011694392       12.676523103891549      -66.683218961993603       13.365327738697022      -17.244525961700631
      -23.500163503689084       39.811810612563370      -71.990107429579140       28.290416813308532        7.404209342895634
      -27.606467686204514       33.997997573794244      -72.290593741314268       21.666356265060909       11.630080581788457
      -10.134338571629906       49.519110820172152      -71.177275892270700       14.646073472910093      -12.806464032218273
       -8.603000606368770       59.618477475640887      -73.888232917193292       -3.947352087104874       -3.584536619653043
       -4.375033850023503       63.843721107627019      -48.578228083285687        3.209982622274851        2.746664390853797
       29.420658267563322       45.711949795796571      -49.569620249047532       16.188470599371911        7.234266841271107
        4.235970112287914       16.900184570928097      -54.077341169759684       20.490269573539326       -3.385937801327044
       13.877990260232167       -9.057286008195309      -44.015296616585680       18.115434014679579        2.654879073818652
       24.846212498336818        5.872797171597842      -55.012256690084101       24.209185563263585       10.585297404848321
       43.876914587689605       10.664121403620822      -52.352288472562805       18.352359991266241      -16.314559047173866
       28.318792819027991      -12.005720906290573      -39.703750865912930        6.171752094845327        1.675288939006355
       37.835061939539536      -17.300051654893178      -49.044272621120363       -7.786771656864598        2.547933879564833
       28.956666932070544      -16.111802276270858      -43.083541464120820      -24.135539602717287       -4.234130715765335
       33.094044293213642      -21.822509646011603      -40.751308417711776      -13.971488390230753       -5.058709281506298
       29.450206825943212      -12.502505632955751      -37.380953907610404      -19.483843383178531        6.885279573579847
        3.771673029315111      -13.941629288219033       -2.915989902156507      -27.121183288475251       -1.045847919920105
      -15.670689377357411      -32.349878415478109      -50.735511996263838       13.655179104500405       10.494979664779338
      -23.616639997022308      -38.586785732647712      -55.191320638894162        7.062739340661075       -0.068664360192420
       -1.310238834690746      -25.075495918688798      -45.489985750493986       -5.833389193995032       -2.877158621176962
       -0.977690730726626      -58.759132289220013      -30.205590850451859        2.646095034394172       -5.959903810329244
       -2.346403427150286       -3.290997115350043      -25.414491078799472       -2.968223175158669        6.474393634122911
       26.961567271269143      -17.756979856077042      -17.086380667492378        8.759616662733599      -20.110889504326813
       29.040341162300081      -25.647834152327327      -11.694360501236902       12.260680472738439       10.617409992325792
       32.530552961797710      -17.959625095267334      -17.135523864632347       -7.276269461012793        3.638213750974337
       36.479489868224817        3.418097598274982      -16.526343137003703        0.334993937468444        6.798308983654743
       28.393407980597139        0.354996997618128       -6.009502928005071       -0.544594156194462       -5.409402219423927
       44.429443632188871       -4.882212086754880      -20.363449522598525       17.703195309726521       10.858970368428121
       50.427795617248279        0.625995186099598      -34.851852110826052       16.166992731406825      -13.920117608389956
       51.912918180140295      -10.804800794876238      -31.334382159372275       24.723551300080896        3.320170517045960
       64.174211294170419      -36.713288517878325      -15.349334605142142       39.553784816780535        3.474532396759307
       41.011394536093086      -39.394430535762325      -18.706797853964460       52.232606753146655       -0.937444557853054
       42.090823452337865       -6.209483585203324       -6.142163013572663       36.787160782619907        2.168184336030074
       56.448185325468025      -14.383440295975793       -7.922011287819556       45.639337625145892        2.266669901046672
       62.386287831535789      -26.061428404605856       12.143126772407312       48.793873031534190       -7.781292814370230
       40.114731844218056      -10.500487442864026       -0.487833932847763       23.139573336455712       -3.398645264153117
       46.658496612983875       -6.249926082869647       13.745700999140901       43.957033410154295       -6.820058984423769
       54.498839366973030      -12.128786376081036        7.419356964393761       34.593374785980529        3.544607200255082
       26.750897399720294      -32.603256052420953       -1.294775488865084       40.541913171170286       11.283340714763147
        0.850828657868055      -19.285116167369083       -5.913297335951571       64.844457993883793      -15.989754514779101
        9.181856354527744      -15.360615505920730       24.577696696960892       64.152692674763813       17.738287760635011
       -1.903244722978746        0.311783488272607       23.411551013655949       85.530398512157305       -1.301344529132222
       12.512989572308832       -1.038431269984111       30.813716983813297       52.887582556108583        4.482596611351621
      -12.378127915779071        8.310345098689462       13.410492126973848       59.708212604154667       -6.603804153077277
       -5.488475059700035       23.833589830701015       -3.032580537483678       47.607589443740054        0.219341801720222
      -14.714360691899675        1.952633142695611      -12.874486785716341       39.888494182136100       -4.855063643788688
      -15.161567677601731        5.125402254624739       -0.175118481774210       48.606574272936783        9.171073979244767
      -53.335248150345471       13.630622819253764       -9.286002066248049       28.408213919209729      -13.225220702637118
      -36.512470039141924        9.710066645233534        5.107177809962933       64.673843095239064       13.097751596655336
      -54.279576868464687       -4.306570469669063       -6.125113419222926       24.546797017321904        0.450438317691367
      -53.434868570139670      -10.448035186752932      -12.599385119568788       33.555500586994533       -9.507727984849126
      -53.393104923943973       20.215809322861638      -18.917180271517399       -0.310969621661562       -1.995788289297133
      -61.402910524984826       46.854571472254300       -3.501246498827586       22.151507119255914       13.322468860782049
      -39.582779610236223       46.095274089916529       60.359097709675694       -8.493962977252185       -9.723926528231249
      -47.498842757077632       27.163212318059212       29.818354388810615       -9.051243716128043        2.723852746158152
      -17.828059304578691       -1.509182681611276       39.428856715389877        0.094980354712599        5.262434304255780
        4.111642196839446        1.686519319623502       63.305906763595353        1.931750584469113       -7.442971743342071
      -28.458416951687564       20.667880152439338       26.985563113256081       -0.490062982116364        2.029162118897479
      -43.740075451360205        7.512335653130618       36.098454347542258        5.753535736064640       -2.190450874040518
      -22.077418527070574       16.283182213155449       18.827764344654721       -5.720836424198173        5.088382684138780
      -20.830122124526806       21.450234950259688       14.749271603328381       20.307528526904076       -0.226098918645336
      -39.422497812613400       43.295651496718321       19.665315235282595       29.835074113395041       -3.959704169718104
      -53.251593287294490       48.211780335163660       21.555950210013787       38.612973297111324       11.582965426696660
      -43.135633070948913       42.116197931531772       41.062711616312640       20.157523726764801      -17.271275772730064
      -43.045019025805537       65.726368738150768       14.392216206829850       17.091467514941769       10.997422387189237
      -39.798596126400888       62.720920322998893       13.215357274167314       12.841017418781124       -4.488171664295679
      -41.794355609669410       68.378066628484220       27.815405658417383       35.256783429941798       -2.307004404769382
      -44.209286282795254       36.417546358239420       32.797532626867145       22.555943894079149      -10.520181740158458
      -41.305532488769458       52.626767563978326        4.367175584521706       20.987710206217240        3.796320727475798
      -17.973054880621042       44.479594399833488       39.177313026782535        4.275811169992624        4.892511974321557
      -35.834533476212592       51.031479191088259       58.297852124145891       -5.525785077901998        8.175214114487876
      -26.320853741697423       43.774783291284230       39.411791824478442       -7.660255929406753      -11.444543510206719
      -19.462432550956056       32.094980646450161       47.077324116608743        1.350481601238560       10.123092256802865
      -25.624424515862817       39.662960677629144       35.077034431358832       -0.619725353248772        9.664406659615315
      -29.232710428043710        7.786497547630823       17.413717530479559       14.256906918432323       -5.571162281807364
      -38.047379695653035        8.051417848431912       37.851834180348668       16.495269474963703       -3.311374066426733
      -43.567818624196931       12.298635302216718       18.172028755152205       -0.005674586181398       -8.417609827655621
      -18.358731189346457        7.260912105228556       30.632196902830433        9.726643737131759       12.807524874166340
      -13.529098745726506       13.774564175187276        8.568539921602056       31.509132589151136      -21.320418276642421
      -36.182781820778509       11.721396224217793       24.913087816334833       38.642249134382141       19.931934408201691
      -48.991414866159452       38.972825396320253       22.539123206976157       25.093562058578687       -8.124759509756380
      -49.440621929150801       40.363617041549226       43.862804075646700       23.667636642128002        2.365593308800903
      -55.859669348761294       34.867081361927340       46.349048305172637       16.717355632227054        2.696735456053253
      -37.450747287762972       50.400943408723599       60.619192816996758      -19.191984893833315       -1.807009933651326
      -32.422934426964211       32.490955278640506       47.634506369621235      -18.508847420168365        2.302519682167624
      -45.122066427230287       19.131845609673508       73.756386418042652       -4.536605379510507       -8.894107372007646
      -28.631278715813792       11.923509258286504       30.583243811637871       -4.006083082049382        7.324029802255223
      -59.568402875407735       18.564045255930935       47.176747512897180       -9.413664101601245        4.959300405865619
      -42.429407118909793       11.495117410296215       34.045343730562600      -13.705349249386416       -1.688482099752935
       -3.426154707392031       15.069797744642166       25.048923525730977      -36.038451310806188       -3.532688852563548
      -14.407846304245544        0.942362648120645       13.219274913569594      -37.250943779391150        3.510227722611050
      -15.771208940957923       -2.461507027199050      -10.787964050550412      -36.939133789109214       -6.087160438554182
       -1.119246679725906       -8.416884991105626       -0.271934704004272      -35.483705487024714        5.327385374533698
        9.404832973248540      -23.574064297252253        8.207744621229505       -4.268318322945264       -2.332452389043845
       29.430129603698315      -32.097014409219234       27.040876501102883       40.504183483745216      -14.742880511237528
        5.074561083476189      -30.155565592370394        5.021239291561630       35.173301391503436       15.022226052184850
       -1.864342993719578      -47.226640116598240        7.772417777812549       58.614197627928966      -15.269518298686689
       10.850787567219729       -8.870350501135745       17.695615253825714       37.963434785136030       17.245469094739718
       40.659671870437904      -14.187727707060994       15.045520187013500       -2.048154855125143        0.276143533062176
        6.920670475633232      -15.828813657016816       15.669495673754058       -5.058953277341011       -5.662208432009634
       13.170796688868048       -7.675663508543202       -3.730550015964020       12.588022349353986        0.966213272565524
       20.275289999889118      -16.387041710995039        0.536299819673830       25.498781257838054       -2.174976912932661
       13.115177207134803      -37.690257978322428        4.120454408207417       -8.510757978592718       19.222011739069121
       27.636525975342465      -50.932310323819138       15.864839173680130       -2.683157324139734       -7.738137471847526
       18.801291778354301      -32.063744277478186       23.248364534729799      -13.738126143690955      -15.352294238463040
       33.272068969158461      -30.023520036316448       17.011763043178522        9.115674311515530        3.097540937831301
       31.310576288874884      -37.446671883554025       -2.948630259808603        2.567038042135627       -2.332905687576917
       36.252338786006618      -50.015711446990970       -1.561007593253214       10.558184786471843        3.631098024778256
       25.585571671039091      -17.036811859451785      -32.228072778712701       49.093130350383504        2.103649291250687
       13.523877650202072      -25.070907136784459      -19.683863826792344       49.345605303115221        5.233842317629964
       14.107830009143143        4.353820944225236        3.814812042881853       44.893664744100548       -4.018912009174671
        7.822373363358366        2.481502884497017        7.941838933831812       47.205745275059002       -8.657269950570509
       28.738594533335974        0.018251267909548        7.182176809546132       71.835848294957970       12.218171708819387
       -1.737276434354620       -2.398246969749275       -2.824869040752116       40.987592963835041       -9.989548352753712
      -28.239679195097974        9.945380279993955       27.824913042993895       39.982469084684126        1.619378692692406
      -19.845492302592302       16.739467553131121       28.485038274331203       71.810499430054278       -0.173058887057359
      -37.604228187255295       -5.802976352417899       19.397874798603283       66.415606282005527        9.239209583674015
      -35.756574045448190        4.939721991390798      -36.861305285464979       82.228650243166783       -3.665118200707030
      -16.489598312684382       -0.512164953651455        2.712862455158234       51.314105745331155        3.230595737255257
      -16.380074035931827      -14.873268476241483      -14.795422601845488       46.980792456503664       -4.833714285880471
      -25.622298805139561      -11.555177284499226       -8.243681223676258       49.047604347774694       -8.062857992475173
        5.673570829632282        3.541974518085922      -20.494021597886057       34.379114547911733       10.216622440757225
        1.672449145644582       33.077376737973267        1.453166995804421       36.917996011576157        1.856327059460290
        6.408811342565536       31.360256996583111      -19.857539806297989       16.560193994761359       -8.226088770461081
       -8.715011541642182       50.058269192155102       -2.290543635622633       23.626227356556786       -2.818621201572140
       16.660061711086225       29.580381775044824      -23.533636288824752       29.021034863618016       17.355225512024266
      -28.689614761814759       37.677200171015009      -26.622597589985155       32.089470756199610       -5.584934294354155
      -28.801720207578182       58.965793142273263        1.422358257919298       23.880188151182402       -5.367623872933184
      -25.361764412637019       55.322825454163286        9.239627246106258        3.470777964162319        8.092869968279917
      -15.893948692207852       46.964070723597032       13.128848476383491        3.685076210012537       -3.541179767495909
      -15.165948054106934       54.790097648561961       15.635807198926850       -0.513290889135926        2.358611166326880
       -1.076569510141496       25.325313812790114       29.163649463782559       -9.209762417475268       -9.026070604621928
        1.758782542146466       17.959454615522436       22.626406509863401       -9.911962783723267        4.635369545384727
       13.489610030502947       16.715200214068172       11.429732284164274      -25.128199246762399        1.070451154036276
        4.766985544280637       22.562829837054206        7.476678280350757      -39.611605881107465       -2.974733448670601
       20.655014237460751       31.050992284490423        5.010022459662701      -23.949539162374034       -3.519609798529774
       13.652122111779780       40.732688635523623       12.556376108857355      -18.608223883175931       -4.091933269729959
       -9.752754895105403       61.796263941968874       32.063185135115020        2.120930397812749        2.352835539927925
      -35.128622892165716       33.272591047791231       19.845630250932000        6.585455075865520       13.705938339642222
      -26.910941460913964       47.783384149636156       17.909436864385341       21.416271472795110      -14.261465233902738
      -33.303077712565035       55.968364934280800       14.758025770396827       33.269736999680504       -6.729736792988253
      -34.373608994338312       59.100611888397644       44.065945227316831       43.282029972044796       20.373197952899922
      -25.498971083027111       49.470569713260026       46.361310154755323       29.531902322073979       -9.749389026263771
      -44.986521146698877       73.562251287602294       35.413993904856731       50.681357593847650        0.648577592258465
      -57.338435984468468       39.192895176895931       26.998131153648657       35.642493611948119        0.433467299827148
      -16.203521541265179       44.561875709609531       23.221947546652668       34.238980923602746      -13.253181273713377
      -31.244309671812317       38.329780950150798       54.533853695655402       30.161355752983763       24.616289904759661
        4.283640912909745       54.962429236951778       33.997635135800223       39.660329617784591      -17.191934377354130
      -26.316440521238043       85.706177815274884       21.496853109343267       24.419979773822345        1.125544317723886
      -37.280691733823382       74.286337069296053       -6.286350234071460       18.808490916573518        6.876995530182439
      -21.616946879420119       87.055318520837574       30.176179696943858        4.024202817099575       -1.030424517485313
      -17.126492408071933       74.953795998718746        5.521150377490630        2.536676631319045       -6.165400613768780
      -16.013068581853943       70.980833826222522        7.641045650157567        0.302352773206949        3.781577723668950
      -55.612197105254090       64.494522480069008       -0.540822825909553       16.522024187913352        6.304790162189895
      -57.212609634724217       56.728308824181852       -6.048903746161107       12.416854745648013      -10.681399780718545
      -62.248492667603287       87.307371870933494       -2.526074461827583       11.216895422993666        2.362803965910053
      -43.675319067050118       57.280231743071205       -1.698614576596623        6.942995796448288       12.320695924931789
      -39.341371733263969       77.949277166033184      -37.617883608230443       13.033727168431472      -11.896165860579066
      -30.658282817977557       52.331592890056470      -49.713308228428261        8.335180797393722        3.681466961157140
       -8.243788046380720       52.598958978647680      -57.999799951428713       23.500689714276916       -7.648730875835650
      -10.041673582134003       11.659848133915073      -48.409000841924815        0.465830405190204        3.366213076032706
      -24.873193635324764       33.688267365589176      -13.711031048133512       -3.438436727375272       -7.513796332990664
      -37.440261787543946       17.649705758181035      -32.917489919194963      -16.640494571352168       12.765799217879623
      -43.240680911660021       41.963449157423504        0.221511252195743        3.337860500526372       -0.035001203786271
      -57.484382917884723       38.087548635184476      -19.559929731508134        0.920532829005289       -0.780120356437319
      -48.092596491281583       29.256195012307927      -27.124592423498996       -2.157612741718661        0.600614514827976
      -37.417131028819057       46.103118153744902      -19.125537218471273       -3.752559537804794       14.129163526054148
      -44.100334880397810       26.420657159590334      -30.868189220831951       10.058009364725619       -4.818164033730763
       -9.628161502218010       31.920068062877835       -6.250223872137020       -1.769750661082406       -2.534226756941173
      -27.749910266501043       30.508574771915889      -22.316573503675528       11.808838410193387       -9.335483953634778
       20.273145801694554       20.205044903231787      -19.928234253210746       19.278686647576123        1.253936584652918
        3.883538726650781       30.908018009541308       -2.894523455413085       14.231714757154904        2.337549711736564
       -9.784205060104536       56.231602479904325        3.203155335456088      -10.357896220486777        6.896107938393591
        1.144788967060985       39.490346367190924        3.397703387935444        5.117859795537205       -6.737259862974606
      -17.988682646709361       53.483506908280319        7.548670988382270       16.655608692091853        5.486955402917304
       13.225341771355348       63.072324168041256        2.208782694797472       22.869306821345269       -8.598847927906471
        2.885144067167305       90.856726860666413        5.052064509589990        8.650941155239044        2.726771080726853
        3.524331459439607      105.219159031689955        1.709990864745276       17.191513426100151        1.167700973806885
       -9.657635202670290       90.748597414765229       18.600934919024549       35.802053211397897       -8.243473296728215
      -39.537383974183122       98.027895263565455      -25.743138864967740       48.775624294353499       11.075671100600223
      -38.575525770340207       92.896136595750889       10.782458704622158       45.144907940589405       -0.628125482934221
      -35.837453107220405       78.370010128150383       -9.740234123639240       22.813155586650065        5.168816233973764
      -32.734236197905275       62.337183667754587       -9.586504156631145        3.270422339614574       -7.172736745557454
      -40.828308486838893       59.566820146707308        2.910865646192753       -7.756840725514765        0.362280900987390
      -40.862729598882609       56.551485217713243        8.180240120710806      -32.432799265524544       -6.606349466072368
        4.919894576475293       69.099061546477529        4.786021338024558      -29.838368413138028       14.738216158342572
       -9.020607855073797       50.672770434727738       10.213968766792370      -28.434327615380052        0.904280432510031
      -18.208361817847546       74.937344362076928       29.505535228884632      -28.949752061227748       -4.050284160241868
      -22.000990547795563       64.841691009172592       17.385096944865371      -16.882700886784178      -10.534989940125099
      -40.139153942474742       53.365547279479472       35.328103377133985       -9.421497373334843        7.098202846894719
      -36.470021937411516       59.103696327380639       21.448597739302116      -44.581497503281888        3.120720521719292
      -33.970728400771087       42.583317096874779        6.825037622191950      -17.876261291293655      -18.182270089036109
      -34.888623752746220       40.504909099844554      -10.155258655957452      -33.083420196845807       17.219249131832026
      -44.154239426178862       44.169207892508929       16.457104754221675      -30.519554148992977       -2.610939336917109
      -19.820750371427856       37.164834218751921       -5.731908725327355      -41.999272308420331      -10.470529760683899
       -2.907476081483575       48.174161914531112        9.750225775314700      -29.819384107438246        8.266563160850431
        1.548949441672243       46.444562549081063       -0.921772242513805      -59.801564984296022        8.998673123314017
       -0.681439162129180       47.373996587841880        2.155836496424744      -49.875802227331356       -9.935085080109525
      -10.518344389390640       22.884010883679469       12.831057808625749      -34.030251089121045        5.182048771717733
        3.054404313272236       20.684512686640169       15.004153595122059      -69.891428448224559       -4.197508111190341
        0.960663918510943       25.875192968077958        0.375954222974856      -67.017742999334246       11.712917589967990
       16.912601593581453       15.709376929897200      -13.724786806760761      -79.493718582821430       -2.526559960169497
       26.454714741398181       14.387878034710003       25.295289107776050      -81.430328479017177       -9.313102488317615
      -12.229478382546597       21.383590179980317      -10.740410898840659      -85.869951093950505        0.714644062460577
      -14.449633759793873       20.304548714634596       25.506255690683723      -89.947230415516330       12.544044275406421
      -21.617709540438675       16.541257834068126        5.657192812348717      -93.354560889729953       -0.928197156144528
      -10.656504913366170       17.765306981305759       17.309038877757146      -85.475462872533299      -11.530784212349818
        3.939799016415136       43.582608108713067       24.400650316004253      -81.627490437860203        6.406014214339227
      -24.314406995363097        6.285205622688077       28.544487947291266      -61.594384621886071       -0.112266575219381
      -14.051224503152580       -5.163438249835568       18.253233296964915      -66.074792671632252        0.447575231715592
       19.783201918358486        7.800209767991920       10.614087207867968      -30.212242959678171       -6.770449764761139
       -7.402074677912536        4.825481966595452        9.305990375722919      -33.204469252514876        2.884634444046089
        7.378625978313699       10.519227123368340       -0.423326265950377      -24.760870899116796      -11.461955554499808
       12.668979341686796       24.983476988569734      -19.144661600384087      -49.422221426984876       -0.696192806911479
       11.734008781205754       -6.732302207051317       -8.329625633977276      -24.654422575094898        4.077079648231772
       29.374290687577481       -4.654189742611471       -5.898505940943698      -24.758432317301704        6.554606991682681
       29.367427338719168      -22.491590516042116       -6.352910726225021        3.694962533367891       -8.425617558167978
       14.810989191424344       -7.346381294228095       26.209398348079628      -26.413291553475435       -6.238054954813279
       28.980845587406538      -32.411174697527180       37.821468535712839      -25.481431548696889       25.031146972773005
       35.579017494077256       -2.057595417304890       29.384039755768750      -17.786408919506826       -4.733479997642580
       32.142958727979071      -45.940737976509503       28.148648112388486       -3.402830572273531       -1.370777170001383
       31.149340721461972      -26.234173588608634       26.146954027230745       10.408681366658788        7.884944697844554
       70.654485903123202      -30.514995916951037        7.631353785639383      -10.745085615157354        2.660867843482002
       46.864225833342140      -17.008070732952810       28.403674814506758       14.412924001925354      -20.523147918744666
       40.216658373697349      -31.815637025807877       48.908804289826534       39.761235969314185       10.908325079710421
       17.287851653693071      -18.171113921224226       25.781799482467363       20.231658698070724       -8.645802123487078
       28.632577988181030      -32.052256451573335       -0.089955402449802       23.063114459838598       -7.415947464118524
        1.225996311983168      -30.784265815440072        1.334070597043679       33.194566570306790       -5.064949045710868
       14.351056040369487      -25.753659424348960       22.699500022505685       25.291353175044573       15.869386926636894
       14.109213944374844      -11.451877275958370       -9.088389858517255       31.643363503596394        4.297014822960488
       10.219388606857363       -4.069697554652798      -11.194546923849769       24.958598127341336       -1.511989342407719
       21.581535169716432      -29.947057200549466        7.828362208855532       28.073003970130628       -7.342542863019950
       -1.086298852505090      -10.959144524470760       15.693363552563369       -2.094147095081431        3.496948536217041
        9.467904495663259       -3.135773609158391       33.053374451740524        7.239797288958090        4.671616725060583
       11.601581199332321       15.491111281443690       22.178070883138389        0.800079125795554       -3.608036746104320
      -29.817688335991505       15.045339706891212       35.135378170475818        5.404582179457775        0.031684279809961
       10.329232009846912       29.364757754709512        5.183852307978415       -4.996046690769261       -0.064279778168425
       44.157615803731474       14.107160680723597       18.749117369040892        4.662461550738018      -15.888637671312971
       37.384541994535233       -1.412504797347100       16.970527976865132        1.572459190983733       12.065936279652169
       45.572496920170593      -16.110327330964541       26.459196441491962       12.757799617111633        0.816116651726883
       54.275018514418740      -23.348368529197941       28.910360658803754       25.604825552797443       -2.070899250335610
       37.756489858396613       -0.196001721593240       17.170877872971481       19.275071459470237       -7.717197268557572
       15.592501931459696       -1.037170654466887       15.849509062274606        4.499533196507901        8.407943531686609
        7.587208726102656      -12.546956857598650        5.071194119861477       13.898015707215354        1.656424203367753
       18.710329939498155      -10.733112045608221       17.734529449798934       -1.155437744036413        0.898156313417352
        1.871711065055152      -16.876552769115992       16.271664024104595       -6.281040797550834       -3.405944209355594
       26.242456173990778      -22.848714183791905       -0.328543483693793       -4.172359411554814       -0.557416861293550
       23.662830067521757      -33.639675630660228       -6.245558894294950      -39.696795885607123       -0.287325222126020
       13.686879193236045      -50.428255797257847      -21.107708913477332      -65.154258658528974       12.478119280771715
       28.704796407367922      -19.925219560490923      -28.085743090280165      -72.957357802770062       -8.928713163730267
       10.226399451042498      -17.692473594792101      -44.824670724513730      -81.009974579797714       -5.011799009820462
       21.680523200547665       11.291373185337063        8.820987281426811      -59.938465115594518       11.827094313207475
        6.240241814133215      -15.605138891805613       -8.194516214435563      -52.778222103238335       -8.347877739302081
       13.211584716330526       16.556070407653223      -27.257523073124883      -26.239373526783510        4.768490538787179
       20.001622373197023       11.246268643869632      -15.792438090307533      -41.441476126749066       -2.811146575323887
        7.396765807899715        0.688037760354797      -42.927311880109499      -57.634517258564685       -1.847127592766351
        2.105708589454724       24.021008349637849      -35.928026315140173      -56.730307800587148        8.361078286338399
        0.629585150813545       16.491737862376787      -45.463292919419175      -57.623001999315342      -12.545272569682334
       22.964470103542059      -12.706639033781322      -13.207921280868259      -49.068854866484379       13.290957652221129
       21.845129767752223       -8.502201264616929        6.843861674091992      -65.980388159645770        4.311991378198798
       24.799631699866008       -8.329304868270169       25.470985857284116      -71.082123166634645       -3.247270821495968
       22.031764355559535       -1.296847726100618       37.636749320669928      -94.530925966853701        2.886649267774807
       34.098472103848962      -13.602000973824278       27.394666021027660      -58.669971978980442       -3.985331853541771
       23.942362654509850        6.225430270811630       40.228771192114920      -53.634981570803838       -3.187381907519088
        5.127945978353378       -3.358125789352431       20.749642927720906      -16.822094716306999      -10.539848655535302
       42.256910403125183        0.134106474631226       25.942969955774867      -41.502232715742977       13.088897828568481
       -4.198164919045032        6.105262637638718       40.163144594981198      -22.601671568828504       11.517992366848622
       17.041108580408935        3.912667344152526       31.659468786152107       -3.814841896509182       -7.582676821602042
       -6.920958502118027        2.730594033094275       32.383278368050121       -9.720430843518539       -8.793859734311768
       16.967672812282796       -1.751213745272919       27.554744057858279      -15.067570769632937       -5.993176674400430
       35.372301626946388       -5.254375713915193       10.156954655574950      -36.027400413950765       25.358024392631005
       41.901486660033385       15.731154675403484       15.047307684763787      -41.449236486392216      -26.957316061592028
       33.965372880688356       35.713188603039121        9.832754748463813      -56.516196962806795        9.631516046906826
       52.336340592558969       31.382662391415980       15.121581835809479      -75.170639938362811       12.339146467327131
       42.656887378867310       39.555823747387777       26.261710050756694      -79.111757796045751       -7.861003621872068
       56.766342874571741       12.641782084947113       29.129496187687703      -53.676847759373530       -4.763525156605552
       40.564883507985321       57.746416896650338       30.069723496859378      -33.595419177242334       -0.827989047663609
       50.713918760934021       27.932739086799426       30.313922099114738      -32.141205139331390       -9.022272781491926
       61.661064119228669       40.593539921099172       31.430292189902179      -10.136768758421258       14.971493230977664
       47.717831715208135       30.796841603966403       38.822342215475857      -30.950441011909255        1.122908795922304
       57.105543143139798        8.809918484234453       30.237288549932931      -18.552693829513565       -2.772644770137484
       39.140522817255643       21.242547021160178       16.340354111976673      -22.781375447845161       -6.962398548370149
       55.319028030573620       28.566909552571534       27.319767521406458        1.140691981192765       -1.350923982838099
       67.855949901148549       37.886953751080270       11.551411120519047       -8.222016988941460       -1.432246278606830
       75.512383850230634       22.717762086226546       19.048234417931408      -14.053058676116752        6.864154373094035
       56.267265374176894        2.822469162592188       35.978452892692054      -24.177185480166443        8.071598617734683
       74.120891504170302      -28.339413270010141       42.494359410925853      -30.228964426285547       -7.633572024638977
       77.824659183588054      -44.502709390128011       66.520912997520583      -25.186229335043638        3.765556345321379
       78.475604954637589       -2.010615526831056       58.448549373205964      -34.434040217121996        8.082569741951470
       61.079569288530514      -20.388570974032877       45.862670007228289      -28.900173030249483      -10.848511564938500
       48.251220447081806      -12.325378954826615       50.178038986087820      -40.132897688821643       -6.066566079107798
       45.720994289086050       -6.045754785081642       75.222256412291955      -41.087403881635133        9.198120436200247
       57.959777547614458      -15.668884558327010       57.135729325668251      -20.471379621048580       -5.785991644923294
       71.251774156722789      -13.490513891200990       68.253413398272187      -26.327836886802213       -6.311296224500685
       71.777855311986229      -17.497172265558223       36.291888995021900      -18.782654140631372       -0.425400664516831
       72.389100289253548        5.650841829062993       31.296376166827315      -28.217161214606708        0.247351126612028
       70.980698646731867        9.853926834925170       11.915472814135157      -32.332292906682802       -1.073198424220152
       81.489627339579073       40.718205040524872       24.081752754408541      -43.908815453662150       13.408908452586997
       80.541361415586707       21.625192786108620       20.099619834651396      -34.218062663317966        6.374282220631356
       64.030639810225864       16.114169918254603       27.354692816382300      -40.901372989754847       -7.365559596365040
       81.516045356350361       -6.362937573319519       13.402427223717369      -58.376000742546189        4.147492001799661
       88.387836125445290       -6.249930788653958       19.486582874284679      -68.997244228415070       -6.052539596166080
       71.570067506062628       20.825205854643993       30.511083610122121      -42.644401586035684        2.120845548624822
       51.854658593730434       37.691446684973322       35.657933557965258      -30.199972133629423        3.056539060425146
       49.993212965516861       37.972192095687646       25.338252459563094      -15.693901641816591       -7.359324194826737
       67.484907791667325       41.945778482428913       33.754646211805145       -7.452874367932576      -10.389540818784011
       89.555633308367774       24.741093846054532       44.840575137704157       17.698491677142748       12.344271582528162
      101.117139212012574       26.588600918631361       42.902440405911442       26.790141070932066        2.640398841318194
       67.525137645077393       28.137328147213797       16.082439255854634       20.936772094188505        0.910810388582373
       65.669478030896698        3.090517211139853       23.156763220019339        9.606224295405621        1.890960783323543
       91.129811750144086       27.968426364042838        1.794676746845317       15.720974460980008        1.385729386316677
       84.806156222233653       24.351473455272728       10.692103473911978        2.790755756667171        0.827884528170262
       92.726470780410395       47.349811577414584       10.279888730366952      -14.514185005379568       -1.116939278829509
       73.465411465268915       22.935674716653065       -7.090527382257151      -14.068634528134416        2.962613957498334
       77.838691029764846       31.673884103009993        3.889668083837018      -16.075704914891791       -7.848473377104407
       61.248659462584726       15.739439419354445       -7.728167418464356        6.758510232238441      -11.069436502949010
       67.173671575758064       20.979245975800289       11.830782254837844       -8.666384902508973       15.625632557007458
       72.883605164322731       16.343003607022734       13.339896739349914        4.143603030929889      -19.194631074757964
       66.152408129329231       10.019886416373422      -18.831287851208071       -0.126810973524230        0.859864044734973
       54.664241370552965       27.933920729856062       21.102088297419623      -14.088895115396522       14.502746556735140
       60.377820330582935       10.405818200065138       -2.671880114345475      -29.407708108123401        9.358049622321507
       70.707042696279714       -8.862928830569794       23.672065413054888      -27.824684909648898       -1.187465680494433
       56.242170112224876       23.040507865461699      -14.792827200786634        6.106248076159638       -4.130394607218581
       71.333898032499945       28.631163884691812      -15.763804847394189        3.747251004910560       -2.964181469409755
       74.110416278746683       11.045120307051528       -2.437564946462484        1.890578953076297        0.398833270556528
       49.946861770430097       39.948581563552757      -32.938563530218232      -22.969567580613209       -8.856332412762086
       55.023119113676692       47.727662860784775      -21.982016367314539        1.401893566073713        3.833245269508396
       76.816109454170089       52.837280300285343      -56.469530163064448      -17.672687118328152        0.996108612857453
       61.406455697662807       35.819259302388069      -17.125348007468457       -5.636424236363390      -10.490411150941725
       31.083288487630945       20.484513339196315      -38.156175207558142        9.977966340081769       14.497583115374926
       44.905785113609589       -4.561190800898588       -8.282581672162596        0.688415491567725       -7.581944324817727
       55.700754909740851       -4.185194254128051       -6.680839899190006       -6.997695942062959        5.911059837706959
       57.714931175946816       11.032476683920345      -16.349176959104277       -7.495413138434844       -5.826145738269649
       90.180324769646845        8.645475738999281        2.606926746432193      -11.771563713558939        2.553726653454051
       86.246411504789904       11.147089010990097      -46.565439380042491        4.267695438044676        4.148868482065806
      121.691188073982900      -21.443825688309769      -37.601438696205662       -2.058555763033397        6.437019265983980
      129.031797834336402      -29.977961361421908      -62.793466098851930        6.077626473790179      -22.812315831526533
      136.485277260423430      -33.552039038037542      -50.955296352618348        0.734297073967580       22.551686097711361
      104.255061151597786       -4.296024869036575      -44.700374940797950       11.078800854322656       -8.451314352397644
      101.397015181870373       -4.676682154615957      -67.922365435171486       -5.465261065641566        5.234391526189437
      104.443903487260130      -26.029861189624999      -53.503601180677435       -4.178263564244029        2.279479910548833
       97.994415942365634      -30.233617678096980      -60.051206425059455      -22.898455194822407      -13.081516959823448
      124.126111032825804      -15.038697095792632      -45.169332925873043      -15.444190570540778       -0.079770047190014
      113.375089033513447      -20.077159720464845      -38.684827962532573      -24.114770160299170       14.198482094862936
       86.735908302628900       -4.761613392554423      -32.666378719491526      -31.521593404080527      -13.449808763655373
       65.982178706527293       -2.494169968835812      -28.983683907052807      -17.931556716465614        1.347283653258179
       77.434447225867601        1.396942213050228      -47.176647981313586       -1.231811660851146       -0.745515120781269
       74.023221086472361      -11.131296544096417      -13.047897705623985       -5.562998229362252        6.739964552299926
       62.758691827950564       -1.445396513263125      -65.468957738734474        2.715288984613125       -0.632214197154293
       24.041234316982898        3.893669126973808      -78.435077238287704       13.941793462343602        0.491848456976654
       40.649418672449109        3.422532081405324      -52.798044937439165       -6.570825580579783        4.891202515838989
       35.662370211593121       -0.090850081108333      -56.332168035123800      -13.745139953161456        0.518140034317113
       38.846852435998514       21.762533210724019      -66.213611648185761       -5.329991293286970      -13.759238954156285
       58.569753791580027        5.453385804625251      -69.609615209005312        5.512139263071321       17.429731870801216
       32.300955557017339       28.058047727174937      -58.542165030610441       11.773601238697848        4.069934157693122
       40.255386865276542       19.142347241049535      -32.144558386953818       22.566428738825348      -12.309765373648212
       40.138939406331772       30.034507463909282      -24.868935681603833       14.068222941721247       -5.448020899367225
       42.042448582658523       40.677800426586941      -39.422220109299722       45.683081958599310        8.602751756678847
       27.831366482318046       26.434301826230715      -28.184665854187990       37.133516430883823       -5.999754818968185
       12.550698791840459      -10.567416692630839       -7.047086798897916       31.703507239663004        4.799821923984748
       23.832937542154003      -31.838762556088561      -17.730700244490055       32.142148288313450      -17.362891005532980
       25.395082764166734      -27.432060098137100       23.131971312310760       27.327116553154251        1.048724934712711
       12.161683569887112      -14.097878649199728      -26.712863377506558       40.987951300841679        8.857419144342099
        9.457943598457149       -5.102710777130226       -9.959493952266842       67.528290413207145        2.243185372014168
        1.164981719709150      -12.308926221401485       -3.348175240495435       83.294713802908618      -14.604809578109567
        2.012956044388198        8.239082919501245        1.813860110907947       66.267874376917064       19.454079142831251
       21.944718289052421       -3.472229377406550        1.141890291491785       50.831598272452382      -12.727570262968479
        4.094309588070069        9.446492169636954      -14.639270021312353       58.078938430221157        7.556872019986979
       13.998442371604604       11.441020550414182       10.617447264774718       37.334420176374451        2.944148467659755
        8.703360807572141      -15.148514788793387        5.302312929261738       55.632023199813737       -6.980901477406367
        7.547851355386793      -14.287948916529144       -9.605806002213800       21.965903220430683        8.209096372339353
       -4.419840780440770       -8.232239607158199      -16.545219252257734       52.173568198699009       -4.331549785514356
        6.155162133511390        0.907617742148898       -9.411283560523851       58.929884174532020       -1.357655534954110
       28.124030190922561      -16.276866473243647       -9.474947018329701       81.091531238602016       -3.382346218479023
       14.858910251325826       -9.010454624833960       -7.886121367555571       49.004524300135557        6.959014023825741
       41.829361113414627      -32.852033233781128        8.094332987788517       58.252215747986526       -2.381800549695847
       38.899586172064907      -22.971948249479574       12.838182440281376       49.908211324314983       12.421907053439629
       37.441089115336190      -45.915612186763425      -19.109266540747960       59.526989882043317       -5.194117701227584
       21.734131698507145      -24.307250701402978       -8.528431097100206       44.290645460427022      -10.197611725429065
       13.284935721329258      -24.869124234430473      -41.009677555071185       67.706054976740162        4.277545719365653
       38.216516202061037       -9.049216379534181      -53.309146085691353       60.046422300155797       -1.648744316887335
       32.565076289712636      -32.574795862023009      -49.270132626392240       74.544175042617496       18.735271892726310
       16.167078492271312      -17.985014186237677      -13.737369983033917       64.365617842726977      -10.168109349917724
      -22.702167017019274      -16.789639542151100      -44.837236875298579      110.885500396929132       -5.884733907446464
       -1.905894520218921      -12.740453765274266      -22.511661020245796       95.150672197135322        8.917143125908472
       -7.282239749553425       -2.851402696096554      -39.249297109045500       81.867369852971066      -13.088951353032005
      -14.830024164191286       -0.622018335994887      -49.493943758400370       67.050566237660718        0.015173820938787
      -25.035693423859477        8.096816856927555      -53.325570200305130       68.246362669739412        1.939143513015158
      -40.344976216518269       -4.426976649572966      -25.058772648321341       66.041727398096029       10.053282003920284
       -6.246789154144348      -11.316208945475163      -13.223879651240358       50.976273100777441      -13.831938330465059
       13.660540319930940        6.048259693936425      -51.057401292036772       66.923317627343266        9.631698881304501
       17.228963781545438       10.730539242895150      -33.566815443924703       71.592343019496866       -0.828837425066879
       30.062793657547061       -4.154877417755804      -13.144924640638767       66.542473902056088      -10.891801013759713
       29.406568279447868        1.079766772275021      -26.842001744812269       72.200342790505374        3.406018080262701
       50.867512392856447      -13.113859998245893      -67.515114994959831       92.591453685181492       11.144717730137398
       68.324634018646066      -14.638116461547098      -45.555455115803191       73.312061014843309      -12.530889706673843
       66.716238684318469      -33.453126000486755      -66.574360971657114       46.024400164657436       12.711292946557478
       69.723318258281367      -58.712842857585287      -72.484888425196928       71.357532022317045       -8.604755065563781
       70.832160844492321      -57.728143869118760      -69.132381417695015       75.383544242591341       19.447633674087733
       70.191500209290481      -49.392518372255218      -88.615003967715154       59.335500784852066       -5.669648730359731
       39.650296257669012      -29.065824652043649      -88.800987433070588       59.825623678101742       -7.747943410612002
       78.122438977658817      -29.768671215471720      -73.146168422869195       43.818514383042441        9.824499468566264
       70.859178375643751      -20.247680158904508      -55.181150777615194       33.778583446164070       -9.507042230589551
       72.303249715533070      -29.289869279771889      -31.531506753979563       23.249561721102861      -11.409439163674030
       53.824637192912022      -32.463574759243663      -54.534839073723482       30.163352008930708        6.740652134609936
       51.866375459892048      -31.249915766452794      -49.831808823129442       33.116948276934053        7.436479904124386
       75.721123699392635      -27.122667593084369      -38.983957530623492       17.401354778976472       -4.963825479945988
       85.246108899373297      -60.679822930530456      -17.423243178588873       10.168392843855401        0.217774428514014
       93.929624965362621      -67.695489658412029      -34.419362828376023       18.595022914337356       -2.288940454758479
       93.591077531867896      -52.652914922935466       -5.933818099708418       52.726150906955340       -5.219139842066333
      110.258205722282057      -48.015967108899396       -6.210313161567853       27.123160261682319        8.578353725264511
       72.474899158390713      -19.203609887224417       -9.522990762027518       46.243110688739364        2.615869903384405
       80.157674428664052      -20.943347647704254      -12.737047744730351       24.435777279210235       -7.025219834693784
       89.247930498210295       -8.126005650050971      -17.563519070325956        6.127643261797726        3.827575089635570
      114.346372879238046       -3.824621277802430      -20.004119659364392       31.028108528210247       -3.641408587557030
       97.850297576183209       10.294289022893141       14.912691009204405       16.600072525220657        3.860367825568233
       85.631936124931542       13.352143272645318      -17.027495588885909       32.774703250781634       11.560639371532870
       57.543050342069513       28.867823263978128       -5.512420392728105       38.608005189929045      -15.365382573894014
       52.456896276477551       18.849353798086700       -8.293473893853417       55.908533543479386       10.553008019109535
       63.410142808128597       15.469534555657265        3.679443160976440       43.909945808970967       -4.470775561474857
       49.696206318439508       28.810162533915609       -7.421061301375532       49.246186450862275       -0.446257125653906
       92.401523959798538       14.564744501279055       20.930050617843815       82.814241448277826       -0.270834726810427
       69.785254384528031       28.393053034941893        0.456221836820833       67.991076618547496        2.757860634905061
       81.518644178610273        5.149435626950796        1.784612949964038       56.469979085007338       -9.943545140184535
       67.782039513531458        9.282965527343610       -6.380780360411181       38.729592893527737       -7.366673816744350
       62.666978672424563        8.645903756622868        7.492890821061827       40.082930630201815       14.835391810757599
       40.617507162064129       -6.168226347153295       19.762347804426224       70.431548064161774       11.171852946230860
       52.866560738816062        1.345517916591470       45.646984510266300       52.394824783734407      -17.779031739136148
       68.686105187295937      -14.931934248401200       21.540928743039036       71.077850782441985       14.794098314944074
       62.663609259447654      -15.647278725992280       40.466675161625481       51.370219378010745       -7.349205245469244
       69.522760277042977      -12.720332358098133       43.438520558197986       43.398732414102149      -14.202929465254186
       40.260707118769730        1.040483642192187       53.767567802009999       41.694631058577222       20.334391617637177
       95.763114730425329       -1.794834649740810       31.578572385611718       42.841829482550445       -5.019179529391427
       81.853263720114853        7.798099065711636       49.878319665683129       30.856822846151218      -11.048510070206438
      114.278007964345605      -43.123241979538257       23.702773513455206       24.393304981222421      -10.705053624227698
       89.897953501678174      -41.256993205235702       35.952623585387158       16.284082749093511       21.731717359628171
      122.318625984443685      -50.585049578673534       45.143719488265972        7.044799446324802       -8.121268907963787
       45.904463650504553      -48.582623419584444       53.486205000523974        7.201205582322534       -0.349133933008607
       50.795595609453152      -66.221268533754838       39.278233721340278        6.151283694844408        6.644629510336119
       52.106680332279382      -58.259344433456675       44.812654286960054       42.780862169955199       -9.742497257736723
       56.695434807796993      -38.931459397660078       65.820814703855675       38.775575988826041        5.108289712130963
       28.538741670193499      -37.400242413296205       58.837630858560424       37.309481584273648       -6.688782914175182
       18.100828086779419      -56.476515480792592       24.009431122674869       35.952236704117453       10.845353280338575
       30.097508216123277      -44.545552056411296       65.478465147098149       42.605481736531203      -14.650792728272622
       32.575436144197944      -49.736653589283044       59.917863202216559       22.004613298411609       16.499760455523763
       43.178227217880561      -53.115404817494401       40.985667548547383       22.919082881420632        4.363867265074829
       30.065121725833386      -34.232758211945367       64.706054710158341       27.932245291256837       -0.148346833595730
       21.029090803406014      -35.306416162612393       41.919709772615448       42.596484530632956      -11.190797386973406
       32.133370319091547      -22.830062660367577       57.854966706283506       35.832215813884986       -2.857771752832498
       35.765752296642809      -50.668248461278139       28.964885566156244       50.301297676173206       -2.613920941858598
       13.909425576272106      -38.711561968618390       53.602692833178097       48.503263013798041       13.613163842583539
       10.048262691551502      -23.913608975604070       40.807137209039418       34.341838786601066        1.166772211346681
        1.752239395912234        3.903839847080480       40.623137189454560       51.355967445411778       -5.030411440175844
       44.387616715026617      -13.240973672946886       35.858116164911053       45.358260054654629       -5.295724411059368
      -13.928649385913907       11.833834594954782       54.101281109813456       56.999720193296724        9.728022954031360
      -22.878148794141364        6.846903814982555       46.211702097679634       61.830047322469404        1.283834920909988
        2.671594826796409       -2.142008366642512       44.786444868050701       38.097764770457680       -8.611812607947973
       26.949146997259263      -25.570090272148832       48.672091143670166       38.914610559890995       -7.576555988467489
       26.362835009548437      -24.221863108663385       59.072315289920603       23.059236817996069       13.738759452484322
       20.538653292150467      -36.695715931520517       46.837557733210097        9.482200560125614       -8.289258580499631
       18.050171153328026      -28.883417191626336       68.324348418340833       -9.684041731571881        4.729489599907660
       12.692554950115090      -22.022572330480031       56.251920741191896       22.097809705760394       -3.369624601483143
        4.997927161541034      -22.004982942959224       40.745601778475589       31.105876044949358       -7.387322318358239
       20.491176099999379      -15.939899560755290       25.408652016077607       20.507253129824655        6.565250916545233
        3.524322042929221       -6.778576907957999       73.820819959999241       14.404248147767154       12.125735115652187
       18.719582762808528       -5.464205551263529       53.443847653355839       23.734201963899078      -10.497324070398518
        2.003391569218181       13.495099238864627       74.903217824335925       -7.918248208346312        2.807664994755877
       19.984590993395361       15.883800521713509       61.802757714166439      -12.111953410358916       -0.928052343765756
       20.909505723585966       17.915733948306357       60.696996273212505       31.159437417620651       -6.690857474203522
       18.696271913502081       42.353069448911832       49.961996471475175       45.981986951109910        6.702627878036043
       16.985356447076324       23.566609380047126       49.053822256609692       50.942829490074146       -3.558489770171026
       -6.753036727926739        4.624100323594842       26.920773952157891       57.631689789525673        2.054071910666250
       48.625359192156075      -13.761978063238265       19.107886836045324       62.870748752805561        4.943081166361852
       23.533492705085518       -9.406541572374987       21.589097302555849       58.673106100495382       -9.765440332217176
       22.112610162938331       -2.790399323050852       38.795693507408735       53.460088797383861       15.876305447373575
       16.159678134984443       -3.809300396102369       26.658937799822848       18.871952937570125       -3.013243353393361
       34.152280826831451       -8.839003699407053       -8.413983152177604       16.723444310848976      -13.908428985417904
       46.781832029365120      -11.223663389732934        3.445601291334796        1.929759223392109       -4.799215335651534
       19.195932480804487      -20.781034942681107      -16.534844069987688       27.280173145942484        5.633326374524311
       46.405589258890906      -25.902688127588032      -34.251559174627481       18.072816485551343       -3.594423926960666
       59.244297505845680      -30.945334196073745      -25.126488926840885       22.099344651514421        3.035964435513909
       38.243827391603155      -22.357724696218522      -26.526499316191121       10.648831737418751        5.703250521790975
       43.990384982542139      -39.895026141625081      -19.116557806498985       17.478969217037342      -16.715331120150459
       40.632419421202847      -36.943970987086992      -17.906817908144877       17.121083549646148       13.981735667828055
       44.937259913665912      -38.923947807368023       -5.972642663590863       19.941164077495596        2.013702801032381
       24.209529944107445      -23.313081743464156       -9.937028578010407       -0.006355605834829      -11.299776347399947
       31.324918526723501      -15.259099004816607      -18.369742358350077       20.279636452695854       12.669265007749081
       15.133884902181419        5.977823864937431      -12.518097967106648       12.484623153844369        2.780405777393736
       33.198444964229296      -29.360451968582154      -12.639945429399489       17.148028627762915      -17.633718708152301
       33.792109567309495      -27.567784529906788       -6.068030196997541       29.843364747614576        9.484567278521029
       24.973637991099544      -11.951976704172225      -12.047351495077685       40.172561728177662       -2.023147782370950
       10.744661366638201       -0.828938300906354       13.015928014609779       33.338014795105657        0.872177890911704
       35.590802312953478      -18.325808944454359       29.913833042998920       46.863104226323053        0.308361128686889
       34.780212181187387       -1.471712552606678        9.656643229318025       31.509322901222582        1.328286470886208
       26.264698362102923       10.631871497034847       24.157374510197972        9.524220648526009        0.144380188403385
       52.890505412687112        6.331431781552531       15.796731848195964        9.585821858047868      -11.076544194616382
       70.799798912550273        3.103525391911689        7.602715565987161       -2.934355810199424       14.409280265397140
       74.352822637412785      -20.637274068781227       20.458029335206533        5.378223770681696        1.560872133393553
      101.557990669282049      -26.703851664888202        7.860033818688505       10.958403767579888       -1.894352995233453
       71.086350826206285      -10.490691212647738       25.455203537560767       -1.179121892810496        6.063245037869176
       73.840212697975232      -36.337035365739254       15.154252389372337      -35.461345223058778        4.917521279777277
       68.094797117159615       -3.157095426037951       25.599982462426141      -14.451612472685396        1.270239437572044
       56.332295669404118        4.903262178449056       23.440886226569386      -37.814145463841321      -11.439580458336252
       52.939819524304710       17.830218926398647       18.745689586801610      -22.446415838310752       -6.630304336860038
       24.790617558219012       18.417123321516765       32.773891870194205      -51.842368708096352        5.743374076769854
       40.457262093564204       23.954206552525896       35.974344832747875      -40.248852438108919       -9.158296819747781
       31.724087611710413       19.221953646464847       44.034195125950717      -37.089460477703724        7.940740302840855
       57.645579548628639       41.807893413529619       60.786716282079901      -33.198324979715061        6.282420916756587
       59.150026311356264       34.385530375909894       48.342092954233195      -67.619621088900445       -0.482982065879315
       46.515716134908445       27.593776211929718       62.013398323695313      -50.310658597409578       -0.011091577314168
       34.619508372441061       47.207165328005118       53.707693173237203      -52.284402046772946        1.905763929782614
       31.668676086358932       44.216799121795056       39.689489293495825      -79.102829879087793       -0.656541856801555
       45.803610248301368       42.176554320652549       59.280226265780236      -40.574380705110521       -5.015074410147066
       18.390075479288999       40.727307265328584       43.561597258174729      -25.573395390335648       -2.971888158251485
       11.841448095866172       42.386196945426192       33.386632340894629      -12.583744010294375       -5.341206313979495
       18.853907030045775       20.728953641760189       52.954931503111133      -22.007814686670343       11.045071118507233
        4.097704143832150       47.172741099833544       56.676916500104674      -59.219435432589044      -19.782576515074680
       13.733113164071600       44.914782822206881       40.595345424085814      -61.773620742394421       14.254543039681694
       31.810416310895903       51.120839982505707       46.273939046874958      -38.259517887214834        5.372441329908840
       45.211892078427340       38.597019272741910       40.512949852951216      -28.770223250312323        9.052563202727661
       64.812201767862987       63.350201846719223       39.977704124977123      -20.938690151932040       -9.564210637287502
       57.875412634102055       51.892693495231022       59.632048882360301      -32.120310335939799        0.147815338292894
       47.198763955166378       57.119794134403342       49.929769827176507      -24.677469334702732        8.859441376250841
       50.757396862813181       51.729949083894880       80.076353017294508      -13.607772884015750       -6.186547329327104
       16.312072135036352       52.105751911034162       59.786762102075215      -16.192471102896420       -6.947660161992342
        4.289504015077152       45.860783194695692       46.672092305046000        1.024893477315691        9.598289931616520
       -2.163815741895348       37.021652131488459       43.560051805329138      -22.612902246535896        0.211614059618008
        4.863748764174009       32.389536572131433       34.943990493691828       10.231350880668238        1.744246910665639
        0.745414841090951       47.804503081104379       43.912754575108188      -29.702668267396145       -0.128268578369218
       -5.665091747120459       44.977022274199321       22.964659134781758      -21.281622904218018      -12.316633606645906
      -40.162062913349054       53.563786294335571       34.360079894761697      -21.131173799128540       11.264962040703677
      -11.036593511912340       35.962567752106601       20.011349243738543      -41.268917096976786       -9.306453234325030
      -30.127731951514978       31.139861706871130       44.350544744183644      -47.502495952347502       -0.653950458102858
       16.664642775272089        5.643088659821387       46.139398415257546      -54.194571892928749       -5.460319959409291
      -43.651471992233127       -4.392661347669934       21.612329589780231      -75.833791300136937       10.617857162332486
      -21.555365596959881       -4.559161559103636       36.776588250689777      -47.481176263362201      -14.658826751408636
      -21.695070061137983       12.214172375614019       13.550993746086180      -55.960141132151108        9.648036085051324
      -27.136001263204253       39.924756175304125       21.726193446045990      -57.081459099233633       12.641976929494415
        2.929980335002621       41.549268286226372       23.405453604173246      -70.979619508714492        1.130181708856576
      -23.657451610458711       41.350151957028821       -5.183582592877975      -69.137089865097650      -13.774084770767685
       24.745350719608172       20.100223956931686       22.408454798543346      -60.037685130396127        0.865019666367163
       17.737903353508969       19.470434295395727      -28.470153584097634      -50.832957655785989       16.694964126984413
       12.282707810546777       27.975148095413093      -19.798906090035484      -65.039990928123956      -23.356436633574567
       28.398095334701271        3.838500190963443      -30.012238967763558      -50.749292664951959        5.271686254111682
       17.569267153742420       -1.814848451886500       -8.051032708875045      -67.145181641511527        1.561196566443291
       44.823211117291791       -8.698067736504861      -45.653189612552751      -76.164829191758940       -0.206700474032895
       10.829535308972337      -18.308241044090629      -32.689232226990299      -74.571558913991296       -1.144340772514674
       75.430222822186337      -23.625170931089244      -16.725816532454555      -80.077934702727731        5.052606563876970
       48.996267716403658      -40.664581698875097      -38.930877024099573      -76.607492111122880       23.437830310165435
       16.288314616221424       -9.430113621742258      -21.632562027805918      -60.378112656668904      -12.495604179397789
       54.837181885899312      -37.947210956616743      -47.099381479483782      -66.238398006791826       -4.226918587545797
        9.002745103600866      -25.361549092399983      -30.078848462149647      -54.188637999419974      -12.149244083731771
       54.605484103731868      -44.153362797824400      -10.579958499235746      -62.284849692584160        4.013244890686336
       38.924309215131430      -35.673465895779309      -45.596525645523144      -70.626598711747292      -11.517038428358145
       -0.620681663756648      -26.606505374166893      -22.245988092713425      -67.252388442430600        4.042136522204309
       -4.388408406623844      -25.695522845297575      -32.877871315074508      -70.420603753204048        9.459887633147437
      -16.993012577926304       -1.889818083428093      -30.514302674912201      -78.351507698773844       14.088775225146193
       18.726603254268362        1.719808509635487      -57.348232721117334      -66.399056897365455       -5.062030708320976
      -21.913572889761721        2.783732149658652      -31.015502601177985      -48.038095324907488       10.862530370983658
       -3.489338413848210       11.964387891222929      -11.629095879392615      -49.615456851927263      -19.780739151714336
        6.190122840295771       22.511325140152881       33.239057913126032      -48.234228679425698      -10.006500694826558
      -15.799385505506530        2.678528528559161       23.068893743714785      -56.824192972821663       17.606006322104125
        0.641664298154983        9.264167237053574       42.867407946672735      -39.803970289996926      -12.778912599995358
      -17.282283163571080       23.387317396340006       26.609754586575811      -55.305812165296501      -10.132268741685373
       14.077069265204493       29.763826005944857       28.695156434921508      -47.881310940657237       19.884049262324563
       -7.302495460256575       64.954475742809819        8.152468005413880      -57.618402013867161        0.971609947036430
       42.919799170663822       41.762430570750880       28.237023832421315      -36.740281271351741        5.763536079899755
       33.312550102998017       65.919434690134736       34.332239045375083      -38.763166477033309       -4.035946139566843
       35.071151631263575       65.626683065310246       31.538250047188090       -6.223930163267467        4.695115451461344
       43.130646430084532       59.810113528888316       13.476541621802735      -21.548644959968705       -6.732270957958675
       42.118558291570693       50.804651383149043       21.895736416111710      -11.423197731298355        9.020132455557125
       33.379823413695007       64.140155688713904       29.597789479996219      -64.854773436997121      -17.596928161092059
       22.409176058860105       83.008642810892454       36.616062025859954      -56.352860052553567        8.206798375052767
       13.208928040774357       49.248069699997643       14.562552392958226      -65.120946607574680        1.060561933196886
       17.795141873455503       49.813410314136668       23.721527047551952      -54.529238184945598      -15.332911098685161
       13.914883468192501       46.903240435645543       35.372030050109586      -46.480037120878379       12.237155881365073
      -12.807371137479562       54.186735534409507       16.812452328211691      -52.901534486299070        7.005509094841829
       32.398022473046957       54.247684672818799       51.854670050776221      -58.993187441542723       -6.282153349475073
       42.820294976514049       50.513137315459772       27.188115348843208      -69.075907535275960        3.283555301991543
        3.858229738363412       75.457108737255481       81.749850678430079      -50.194235515876883       -0.813871181591724
       27.707116144967230       39.498443067416702       61.878741599280680      -76.313426620694884      -10.088155132479608
        0.185898159051683       35.915146381541170       53.439084582957229      -46.165072690182164       10.424405766576291
        7.746947939072964       31.856503463784723       99.339160828833059      -43.782370561743576       -8.869627615010238
       10.881088651850083       31.143354912278618       46.012848063484014      -22.759257253546529       -1.544118202335998
       -4.792940068420159       22.436847267815391       63.945887641524187      -29.356400186797618       -4.810462655272415
       52.231197822978864       26.493751783045159       58.063233823118019      -32.374401543588476       24.011577052036692
       20.845035616156284       42.722543221380334       79.036376542644192      -48.829940340165265       -8.219833477241176
       57.115163459020010       47.164316162331559       77.708125384979752      -31.451060915518664       -9.730445217774113
       44.735939903784931       11.762873253426374       80.370040310733259      -30.511110619136829        6.764608391043527
       27.454890126212884       32.074577598683376       99.427301038816282      -34.604546583927942       -6.083909025459869
       14.428607883528898       54.638879313626944       63.671020745217298       -5.385873983229745        5.968369241946523
       -3.034373013033157       50.097202972374319       76.229790897378692       -0.777262293420577      -13.282292291115231
        5.588762537677179       52.294282688887058       62.424162529609660       13.611166773450043        5.640074539031367
      -24.280190619205985       64.273341597783997       56.806968499438625       -6.465642089588826       -2.963162628234100
      -25.803623004060999       53.070016526729042       38.758699870957422      -25.616356604624396        7.295532425311539
       -6.736088903311918       42.676206929896402       11.538291752720461        4.936152039653805       -0.658217110429831
      -15.689403539779313       41.799157608713415       34.491483445047180       42.319231646556958       -5.376775534867716
      -17.190627145280928       36.726519377543390       24.971337116879312       22.647018739704592       -3.887358729555331
        7.079414516654261       30.969273115348152       24.318340033331427       26.088005432068567       11.403571848834686
       -4.803610321675548       64.644986241742032       35.732785345258158       10.842880263250308        1.707428481825727
      -21.596768288237282       63.457628961501939       11.350621952079813       38.416552758230274       10.983963772119488
      -28.408602913741827       57.209367572965576       45.732671387941309       23.726319285442230      -12.716567908457444
      -45.498823511530318       86.814328832069236       37.791450284330253       41.032707640743617        7.114908250885007
      -39.197398391927592       69.214668295486618       37.882106338010622       15.764694142891093      -15.122771075236574
      -50.810940251561689       78.305430462574705       20.018309643953785       13.573828293208924       -3.917060180230007
      -44.917337568750604       59.287992791032565       -5.547114880618505       -6.549280434823504        4.122518645693223
      -32.992318858969035       47.626114442748353       27.136263072563150       14.450423505759872       10.843503480984900
      -45.832489889407377       39.155656477157990       17.447117755607334       29.032512772844292       -2.482821196964288
      -31.017805609170448       27.273097565067268       -5.954979326077519       38.420794856672252       -6.716506424109959
      -22.092920117724187       30.264464688772502       -8.840159984909068       33.149339068725979       -6.758835574316470
      -11.384984539806064        6.252693251689945       -4.726636643699892       33.332067965895952       13.133856799833254
      -30.246755053717788       -2.898818680311596        1.354104833931560       20.180509010987855       -6.493418633624580
      -26.530095480229793       25.183067005123789      -38.619079827074358      -10.971469407722706        0.488957845051489
      -29.053578376074029        8.007428659717174      -20.646328873579389       -8.384973940555728       -2.148851291221674
      -55.552045903832997        4.837966332603117      -22.149987545381190        4.764553150967878       -2.848650043033163
      -25.369099929069243       -1.495556857171894      -30.473942358944793        3.163342588053291        1.249109196791371
      -40.017638894995699       34.891468251433594      -39.732642211735872        6.251528508815681       -0.371786069326456
      -13.888134250701528       42.365918592101359       16.249965736237492        2.317617541511551        1.387886773897342
      -29.230814394691219       27.776301786074761       -8.409286138094631       -4.306570518696884        7.504205651672714
      -60.355987401129340       52.134419252704646       10.861060559432291        4.301808187714072        1.466546988830255
      -65.983205029493433       24.569088214235073        3.467328431412068      -25.177022339468206       -0.492692701938301
      -83.614852154769125       24.324270528476273       36.134295917889723      -27.514294535548778       -6.818375483358807
      -66.779649960288083       30.004228472987400       39.896529291566338      -49.730964537704502        1.320694574716836
      -56.141643125524652       -2.750699604545593       42.337446677690572      -36.836051180450148       -4.379488353569131
      -35.232148893230324      -22.035605044907733       54.819851809492363      -30.817409265856238       -2.140205704535351
      -34.912798273287073      -13.340704259410300      -10.984358144865103       -9.016949795469532        6.832558887912837
      -75.423905769686741      -44.298174603058264      -13.279822607190976      -25.632388971131164        7.929166751713707
      -40.312558379472215      -41.895984061964228      -10.807046310487717      -19.642836298812927       -3.645534887514806
      -56.163001386788096      -47.132932030943579        5.894951702459687      -18.452127428050989        5.615993414905002
      -33.506507061490744      -47.548519571681020       -7.798056466744963      -32.217685826998299        5.694789692173167
      -53.252159778586574      -63.645965305108142       -6.314351395098711      -30.552567027718911      -11.404130304659637
      -36.968446962536170      -58.358578768926741       23.057970969676880      -11.645510580596445        5.208544221372071
       20.860000413233685      -71.801407495899440       -7.306808545136747        7.078282730405788       -0.957218125184886
      -21.247752767311031      -47.123881730491313       38.234392351393005       -2.700964390883274       -5.121862359227642
        0.902270109379974      -39.405694892894260       26.035585143366426       19.695553330203481      -15.420767194727492
      -28.084984200868913      -37.506263385686111       13.350359784542418       19.081553105369753       25.804966101567828
       -0.133386190777525      -25.613845304270271       15.214259454757210        6.083591050877043      -33.085247995317999
      -18.066623023019755      -23.819330857920480       13.613025898042618        2.777090218611686       18.453127851260746
       -9.742728214543019      -22.221823783551201       28.777398840094786       -0.016552424095113       -6.155966908983515
       -1.459221518277348       -5.041454687297150       39.584347249632621       10.539833507522422        9.212593999717928
       37.590272830370459       -8.816828352366318       27.453320289901640        5.002890319651764        7.274380707500607
       40.429104239221019        2.493716705031629       38.044688011245462       48.940617789030327       -4.099923485736185
       15.594805554261134      -19.203443051682687        9.731873842675748       11.491650684120287       -3.007698367463786
       11.162957236341956      -13.160616602947540        9.034571999849616       16.339031737797640        1.422427824600877
       -7.709822222929025        7.719577267229916       -3.540191002644717       25.665446650132541       10.555105284473177
      -13.164855468587353      -15.024290374638175        9.354193105617206       36.832046830728018      -10.563088950557699
       -9.088044558011575       -0.075457622515512      -29.256416199744582       50.183955075563141        2.950789336298488
      -33.604066288900370      -12.814323935991705      -72.485472915503095       44.562191351539489       -0.570011280197049
      -43.939557494662495      -13.994097091662740      -44.365010925367379       29.764924615165270        0.534578764154651
      -44.305691991449237      -43.303481757885280      -36.224035173228941       44.870258908996078       -6.112310598374420
      -44.055317528679360      -17.656116209427882      -33.442074863564812       30.534826180335305        2.085535991829933
       -2.259260315217521       -6.008848415491481      -31.533316563946119        5.438898081675077        3.527680682814377
       -7.843318252481707       15.498897263750351      -25.238158763364495       -9.456700655453680       -0.932954734229940
      -29.684980174386371       39.311070702517782       19.948858865671518       -5.941396741606657        2.783190875017745
      -35.614656588290913       20.915172463839035       -8.665163630028188       12.159240432746836        2.265015103691639
      -40.263729166246712       34.852186541815499       13.093345819649471       15.040363760526869       -6.834238549704597
      -29.238161441882070       13.050333022517288      -19.450290008534616       22.067147250406936        0.881381705005905
       -0.568250601842812      -21.604366136339269       -7.548488459214395       18.753764226264035        7.576369858275492
      -24.560204110080797      -25.736770628638599       -6.037991801836417       37.384862192966565        8.574566350062936
      -36.063846822100139      -16.487261193059982        4.813099897232994       22.393738772166824      -10.150871533598890
      -40.612527475698464       23.069788587119721        5.636535764197907       17.968802157870304       -3.209220039228910
      -55.474693109463225       -2.324613595549002       -5.621058339440761        8.123706053650567        6.378175253033853
      -73.472693913957968       17.079704889903308        1.558165291490094       20.472239408947743       -3.364810300006460
      -69.924798570539480       34.647488804338636        4.503937570175100       26.071182408831383        3.999737761490242
      -64.751499012187310       50.956344417552351      -17.778062591674118       13.833274251245420       -4.005059912433130
      -54.978348991765465       54.699472832984732      -22.979516796251136       18.274310452507713        2.903394456151438
      -84.762332483875497       49.941078279347579      -14.655712082440827       -9.660208726845704       -5.504366592455794
      -65.732190479720686       76.978855559207972       -0.653580456397293       10.858741737599059        3.715160782288832
      -93.581351946730123       89.158743499852534      -18.020976951737019       12.110857162145370       -7.711010002526851
      -75.536226080400965       78.766298914499600        3.380433999224626        7.779032422275970       19.385727053817948
      -79.242590848516912       61.108741763200037       11.467350605745530       34.584913901727063       -2.899263439308717
      -51.105667925228460       43.569516667846408       24.597351469830436       24.270351350135893      -14.834963491457131
      -46.044575604677291       44.625800184032570       21.532433664332700       31.380184603900386       -4.315248938364688
      -49.963877526313460       45.707721099323734       -4.691473628924371       35.577023278963658       -3.131918940321190
      -41.624181531218277       49.395622058910241      -13.229320827695329       52.294475991968319        6.098486930549299
      -61.530171959668024       66.524378036023023      -20.051256214882653       44.771517354656844        4.747290517769101
      -35.915038039748985       44.265786752966811      -37.574938130055003       16.690488666608100       -3.048521846413821
      -61.872174435789454       50.807288555362533      -12.469809280882791       35.576006057687174        6.455641600145258
      -55.609393988618962       55.700960462322776      -57.285871054528251       36.502404363087308       -1.439561588015755
      -71.858787254666069       71.792853329172075      -29.907776054189728       39.246042557827103        4.676157764263331
      -68.510956191060004       67.470265680357954      -19.662007389493972       28.398563695056090       -6.959145849821603
      -50.839214791349598       73.070404133580226      -25.481069017638632       33.063758976593732        5.935318496148486
      -74.555698978955803       76.117850422662343      -13.067143008965495       31.660165582122801        3.962311119513051
      -75.277211471901907       48.826579796224244      -28.864961667236134        2.023836156054003        2.065216773664715
      -49.259062775957339       59.274251288146019      -10.263600421012370       10.136186895580959      -22.776119228841718
      -84.351398733154795       56.105488766722161      -22.281551010826934       31.259628427475494        2.369071518700334
      -35.819786015989287       55.802551771461232        0.106820667123749       29.272008936162639        6.043971538096251
      -60.907613972858222       61.383756842542404       14.525422274622951       30.231003359517548       -2.846472984401679
      -66.241375683221179       51.354331133574483       -0.651066695723671       51.949401735088372       -0.188390439584695
      -73.325571532349798       53.609791366370018        0.893372082003722       46.522805054729680        6.531581602800090
      -26.505545177899744       32.631166931085062      -45.889364742341769       38.421200053835143       -0.135996070510185
      -61.887253018982534       41.017154184793611      -32.705254609013835       53.867372792412937       -4.081571928926856
      -88.373809603937644       38.887690285877476      -16.747492581462446       57.213159506894634       18.587616158080984
      -78.466350283862212       60.939290046325404       11.087994601354621       36.111875744039089      -19.294894045679278
      -73.119227340988260       82.870516213128013       -4.476870227459887       30.958507489984704        1.531174941540429
      -83.521913854519056       64.318255990657775        3.524677327483078       21.169046695745354        6.892998435757997
      -68.399748273591342       65.556053703876330      -17.230960506579343       34.139121547269077      -12.813128298454656
      -37.587091037428351       63.639642251066164      -29.128823241233484       27.168281443265364        0.905604955370010
      -17.027884525255548       71.361881284453858      -40.673396368094913        9.716218066537884       10.147174560660760
      -11.393207573524487       67.322346876564339      -22.963557350058871        3.182257915211413       -6.125611001866163
      -16.412883899257565       77.516570662910340      -42.850611253361919       -2.120665484571111        1.536528509353067
      -13.819048003896864       94.700702074646202      -34.223862040732506       23.952500170165226       -9.618121035945922
      -48.839299360085619       85.718413817696899      -37.388860138266260       18.723523477969273       23.953455801257242
      -20.608504792399312       98.661504526057470      -45.431612297013352       12.707211789203432      -11.639498490564838
       -7.925363331400042       97.614791542915043      -54.541601568886449       31.684072459693120        1.675901688847274
      -11.928468177406540       91.633860514192534      -57.470211594639807       25.082840086286634       -8.509099694139422
       -8.019727451671891       63.590903859137271      -54.313857270516522       20.017335034560727        1.100833300024344
       22.152693474357125       59.584100404606147      -42.667372007635734       61.606525084307250       11.127465191152867
       -8.747835295076420       58.982910773555496      -29.246145865679342       51.096294674974089       -8.160312793580996
      -24.672933929281207       81.933183901259483      -45.454260195773436       48.565703238304046        0.116152914132626
      -29.545185175570015       82.375109552520072       -6.886442508281244       29.916270161737117        3.094715111659113
      -19.843259172334861       92.769916562794592       -0.527511920439943       36.160068167114453       -7.298188200617107
      -55.680854615680488       81.194861591168149       23.391399557489205       29.288701193849580       14.807905854561005
      -31.730687190192995       90.688185147456991        6.131184050689764       20.483718851911089        0.644032556057783
      -34.542944004940885       79.634312698252927       -5.355401400892533       30.357584107850730      -10.185638705939528
      -32.732314274489070       99.253730490516077        6.000595366461614       36.524623488227704        4.467960406264254
      -18.008470553961189       79.831913808400927      -48.682799312288878       28.727428155950530        1.279635267526097
      -20.609519017484761       68.717062368613270       13.466278357879000       17.009397711202539       -0.197664756524232
        7.525797233054996       56.663450110044217      -47.295131693255250       19.327960283018193       -5.372904996779666
      -36.976545138904832       77.934847223482791      -50.782042650184124       27.782730571823070       -8.068576890272624
      -32.059143271369258       86.787393400455684      -60.938811334747037       38.029571836273121       -2.318645851492716
      -29.000176796616149       94.028528876120461      -66.640066217350807       46.838053861784736       -6.701963703783585
      -50.000480211535141      104.767071370221984      -72.619794069385904       55.385583355705911       18.800551178268556
      -34.932083192468355      115.172401010734731      -50.576393082861223       33.102200846459255       -4.964072442047794
      -16.191107664350984      120.624814187285097      -35.973046649954391       38.672795245678515        1.658592970151024
      -23.441925891956672      121.764635686009129      -36.366664468162938       23.129810099000597       -1.644499861205347
      -34.259269954042928      106.447882435823701      -73.858786705709420       10.949541774290207       -3.614344639374538
      -27.475459042986483       89.773801627622490      -44.110066152071262       -5.700818919972219       25.874709691664972
      -29.750429618612891       76.832099060605415      -58.555783776224281        2.917380162084807      -14.413778748647593
      -24.208196929678106       87.454430094467256      -63.836384996089095        5.524412253982212        2.563761134843164
      -20.720435877979074       78.459961791901819      -82.888165688347769      -17.234262189423141      -11.694695215027933
      -22.127237000643891      115.106224871670491      -57.575918275073320      -30.958480747785167       -2.488618031817195
      -16.778341013780437       90.196651103603315      -78.036770643177107       -1.053541916496922        2.165634556523651
      -26.925430826965240       68.292497667583973      -57.350680552276344       -4.190514438040348        1.040974352970476
       -4.496988272380174       75.674760486470177      -71.303024996626931        0.200267584456977        1.371324931019432
      -13.948772491109505       89.670313934439051      -40.176100176422374       10.739236643958323       -3.834486036102241
      -10.619988985475862      105.929796077067166      -28.314107023396147        2.432643800917000        2.916381192550995
       -9.437172284072291       93.146410571366005      -22.494512818106276      -18.152956683067227        7.325559015361236
        1.570420251988829       60.743020272159704      -40.959605719635704       -6.879657512814226       -4.465327534808869
       16.554880116130867       57.825336875618191      -65.112510503184851       -7.418657796629001       -1.155492295526998
       13.250574676068004       72.419466175730633      -41.977203968191816        1.208045613770293        2.044394107550630
       18.517608537636278       73.577564628845408      -28.036838346062840       15.510712191929482       -6.014850538426485
       10.698592678935649       69.519388389090636      -28.469919633396938       26.334269655096346        7.631253603931972
       -2.173814702002245       65.418410794839531      -49.968452731524756        6.325486415764186       -4.423460823524786
      -11.879142135014924       48.061885729492886      -28.598446256725182        9.811089255107035       -4.827115088531233
      -44.977314002686221       55.875892659262561       -6.952366983568898       -0.650118154768505        9.170468936580592
      -29.767071622000540       48.635096840217500      -30.338717205808475       15.183314721072810        8.607448129921670
      -36.314516098303557       40.953737978374797       -8.816545273188639        5.950686120560989       -9.153388864312202
      -10.524704373964310       28.547749685064279      -16.026996984353186       16.722770343230916       -6.967961335545282
      -16.356612113463051       25.223568291317765      -19.846361488821589       16.076939580098205       10.323381898784488
        2.330162244213393       30.423932446263731       -3.763782663713686       35.201954594504954       -0.257386196498207
        1.105739644412320        9.642598190019294      -40.362491825784709       19.851317249783786       -6.449897498332902
       32.902464047828722        0.297577612548697      -28.794901251988044       34.144362948461620       -1.281016435715024
       17.241544644666540       -7.351709227550022      -56.591037526301342       33.416771639650634        7.908533653833197
        2.395541833119544       -1.202984219122402      -42.653658223855686       43.067080658369576       -7.796116261430801
       23.968117730925588      -37.706862074790465      -41.469577428733210       42.300065122479197        4.959477254672461
       12.588763985656966      -40.039752420637981      -21.166844801930395       31.504763499872396       -0.955173134724049
       10.784626777121597       -1.992107876005987      -28.237158852499448       48.578167937867221       12.038978262067017
       44.366492727818084        1.715494242630622        7.177332817993118       55.622349619435255      -23.260334070494821
       -1.612577501052403       15.349121922264242      -22.524698331185348       51.538053391884247       -1.999909935853888
       29.382914294031352       25.742572285894394       -1.493090900529157       56.941286717518231       16.543930928624377
        6.133750849791213       44.073669448485099       24.461865660553741       48.751908577991905       -8.172074769523318
       13.000586762713457       29.390258206953998        2.889711680050251       51.948889843895444        3.875985983136393
       19.869275056920767       47.789680691190405      -16.822286239486949       60.047749338134928        2.583447817803691
       20.033099007816087       42.879287483121502      -14.602157624504930       63.064742267234926        9.205140370862599
       58.115939813146412       46.826455034731296      -20.087108507062510       70.578923278635799      -12.595807637385882
       65.201259352214080       34.494476329206009       -1.049437327919462       51.494625099863072       -8.384751508480047
       78.206234080269326       47.414331056237401      -32.987537307812040       68.787046722660676        1.121083857842297
       88.357303947772238       62.588993064166495      -11.303325666321262       67.817945398045623       -1.769391491275396
       85.196704409058327       71.136906425114987      -38.306998052338429       78.035289926276263        2.845920958275669
      122.683918566731876       54.883054652896320      -23.782771345173643       87.482476646446685        6.824791548702430
      108.934191840892211       59.306496057830998      -26.922804025980739       93.166328509979209       -5.249485412944101
       98.349297004080142       55.804734571359376      -32.373470387623307       89.111764370994294        0.859387160942135
       89.161687125771095       69.398955448538857      -16.955654600216050       67.992985306451388        4.210003099850178
       96.409571969807104       41.442251217940104      -56.898649415635191       84.025795644490685        2.355929420507311
      105.322060122324373       58.896439165527411      -25.662105754219660       45.093611895342228       -4.624760674698861
       82.877639380269486       69.342123809632923      -45.714961829027921       55.302498902196163        2.422759003521271
       95.773312741148359       55.067258432690672      -31.668908487175148       85.067446862650371        2.100928859097825
       77.984051554385246       78.416415635416143      -17.612177776621913       81.495152131475947      -13.801548204652038
      125.958641206432006       54.519294249914125      -62.140277469290545       61.481181746447234       14.873782595017483
       70.331960415248176       57.128817818404372      -56.499747272288332       66.160979507379210       -3.249728268373383
       83.000902663848478       51.924080139134240      -66.042508014256427       62.634921034027819       -3.511966005902504
       82.297639354785176       60.472233876120249      -29.123448755410884       52.778909774383294       -1.506387678729987
      100.992962883580816       38.824978597224892      -43.705093670250939       37.571533327820227        1.528111065874224
      123.730989860253203       48.228515532317459      -66.795816439938136       50.188700058928816       -3.248782010055969
       77.205858760199959       63.786493593590706      -16.632157734404210       30.014914673618566        2.013343090018556
       96.985723963942789       48.860495159761626      -55.483114370778935       63.501744111390636        4.566700931849611
       67.891527003131472       62.355595788040809      -35.486535270690489       48.570925836179484       -0.114133538973339
       98.421738630087120       46.165709704286790      -59.924546961609721       51.889022320522791       -0.645997291201498
       49.744262200071553       62.753076598649301      -42.699879271711552       50.247899501237740        1.759610645297956
       62.215101826581744       55.199890690342649      -53.192081289916239       59.558946700557748       -0.342999124915317
       69.582249927727844       46.043332472220968      -49.359660841939032       61.737174733254200      -12.170465802674784
       46.850610706805092       60.548345304822583      -46.295805404321442       50.463158639999264       17.393187407910368
       59.446038005314861       59.114795522570226      -45.213146170129527       47.523052251728004        0.569359004873341
       34.212009132591817       33.927137626413511      -42.340314277251643       47.556101679089430       -9.755861560833484
       40.107856697461784       32.775505139785814      -66.294398465790394       40.231315363073904       -4.403960097454548
       59.629377217872026       29.069603598916864      -63.350677293142525       27.387006237358548       12.901144449939762
       53.025825879985668       23.394627006643923      -94.807241304063652       50.373396392692797      -20.668926471514244
       81.806342578083786       34.050466607811380     -107.434408476562055       60.190203682420034       21.057810647495749
       43.414218247843912       51.202049029043522      -88.076115408139202       55.207366814608164       -3.542553997298507
       80.339175966377169       22.410517008160220      -97.956255475861511       82.094498189644540       -7.758255600312705
       42.284987602285845       11.768939975596627      -98.774441688957694       62.613283643739813        2.387294809243029
       69.116577145617200        6.719104758098694     -111.395716016611146       95.932597855307577       -5.054125776274907
       53.552333056104210       12.594498806199336     -102.116506288714902       74.375071712398466       17.936858579625504
       59.871417905179825       15.216790983920706      -90.264112175904529       73.213310270940170      -11.469559377186293
       20.197346258392994       37.151678260704422      -91.778860945613829       50.789237153516304        1.564074724952426
       41.469350412378006       35.283865135541014      -96.189372949101724       45.661815264937715       -2.371885377532532
       30.284195935899699       46.327240267216354     -102.094079138566983       39.796888864510855        1.121241106973014
       29.595458702240336       39.136722800093430      -81.449491407014079        9.140138337448729        3.729170132813906
       21.541762720114939       41.994611198506576     -100.110838573890788       22.906435658192347       -2.810232936624492
        2.243525055870497       49.766579641841950      -87.703823840275533       30.839200057856278       -0.423069774390442
        7.182626465942564       57.464854980352783      -98.607971838095168        4.670683687449234        6.492546827930534
       18.795858322309314       65.320197386288541     -105.563853800961596        7.927341265208097       -3.060486393329854
       15.883446244582196       73.680626472176499      -74.891820920719709       13.704903477165841       -4.661913286881503
        7.082366233359123       25.983773606239279     -121.982173022527220       13.016456766637477       -0.727858463213949
        8.842987633578643       23.493500368702435      -79.327325652108783       -0.098767173445207       24.778616413700028
        2.630030189006684       17.993904331688498      -81.977684413411851      -24.003951886524781      -30.890870564062318
       19.580755983381128       23.764856044783297      -79.356768708641184      -12.148452605163655        9.904321735820831
       21.023793600511652       24.155917147820201      -98.789083504642235       14.865810176734250        7.418218715300962
       13.595563435607692       40.074664068583523     -110.033855751297338       15.581762252359905       -4.199888591455180
       15.062420369211747       35.374797873377588     -109.823689932391090       31.322549744479467       -0.843695229497043
       36.206675600596910       43.587660366602066     -127.256961748960549       25.745120481043614        0.334454465387508
       25.947364669579681       38.918285454166551      -95.346501070244571       14.924824040402113        1.509897267308460
       40.712983592543118        6.966979303277013     -110.368588738115236       39.356104201930812       -3.815297189113252
        3.355670108476322       29.858824352914731      -94.723718334464266       40.666756165325502       -0.251177712659333
       30.470249170431391       16.420374555092540      -79.061040527826208       29.578257047433567        4.056468268934299
       38.861796978626316       30.561292633194384      -83.037948951866284       23.286752734143587       -4.598897376375382
       44.194136743304156        8.088172232883403      -34.622978861931664        6.449413768556235       -1.673596446975077
       32.110255382882002       13.549190174760216      -63.393396336223432      -10.121812161337926        8.083941430212624
       35.606206152074662        2.041317387186438      -44.947629916614453       -5.384196600876718       -4.701156072585484
       10.671976687450748       18.337890493399932      -65.446638898425093       20.609322247218667        2.576543783768663
        7.460744617061032       11.542744208009148      -45.479499029802405       24.267637562823175       -7.299596206795586
       18.324946868412173       13.961353852450713      -40.434409663239215       25.043182438123523       -3.505502727058328
        9.520333752346804       -8.101585865408987      -43.759018212124474       15.549042873707416        4.096162076638195
        2.656499462176069       -2.150998505996388      -26.427876662180712       31.086335382864753        5.308634009071316
       10.561749476485307      -19.884496349280337      -50.141828177327717       55.510909521066729        4.080337863820189
       -6.693941419364891       -9.717187479305663      -18.254876297824580       40.474522233649758       -3.126570236270473
       -5.959477426632923       -8.591186885377148      -21.202447390580282       61.331221976226345       -0.044859915162932
      -18.105647054834822       -6.062588385820904      -15.633841988657627       54.558317823113434        2.097392168089552
        2.465400085963498       20.358632416092423      -14.041479755525797       74.018560289234770        7.293203297588378
      -15.442124920953608       13.560082291133137      -35.489347689476013       62.337982609921227      -23.832203755205093
       -3.936214123604311       31.659513661186811       -2.519709427936174       39.269461013309623        9.378578496068231
      -19.871963479133022       61.242626835926757      -49.567552219257472       19.114128307800172        2.638843156009854
      -25.873975397462292       41.634552252349280        3.738779741989398       12.302362135357329       -2.199249341104295
      -18.397132037222757       33.048177982884702      -27.960904163607381       44.017729699214918       -5.850370505264365
      -29.946063121096227       -4.260948873348593       -3.628630370744491       34.363701883959173       22.292507713996905
      -38.848620470344898       12.226699898693923       -2.813465778318111       28.874347956652727        9.133224862703310
      -23.951070384724062        9.063408525723554       -6.424042570253279       23.230476208786381      -18.559984368559427
      -42.261263436202945       42.211369403093208       -1.712664362140709       23.900272613115686      -13.144790937932282
      -52.564076649218237       46.975981280815986      -14.337846767624480       -2.941497452247103       13.529319220349512
      -58.815225166891054       53.023745454098233        0.905902262571423        9.933770681232012       -7.828038315035352
      -24.042988409882074       12.064277695749505      -15.429959664144722       -1.661691935500080        0.679955076135214
      -32.223445893401873       18.188005688908067      -13.213048884292286       18.635028011953207       13.330995267326150
      -29.760015565558490       25.168270572964076       -4.606709151252727       26.909782935992325       -9.407637540286222
      -16.397269607903493       -6.823667379123372      -26.924781991964419       44.317043510294106       -2.996199027884663
      -17.926704634178741      -14.329507711840165      -36.393088954672031       45.301957953094018        8.343689156790402
       -6.544827973257292      -15.093959834804814      -48.826153834230695       42.212060901421786      -17.374098578719320
       28.791032521304125      -34.801076778391661      -40.231812688268882       37.685934171428123        4.158770769128677
       15.340177934359810       -4.861939017978028      -50.660520203361514       33.813100471877526       -4.131355339707972
       16.843113987142324      -27.533308471549379      -53.499799329225944       24.505119825719827       14.795868184575138
       10.939420521269899      -21.541277688279671      -49.332459363647715       25.141936341176077       -3.882680275694615
       30.248084074407963      -34.634697301195523      -37.416374182003480       15.704391103203539        6.090627790192190
       21.606360264613425        4.869654301359557      -37.133910642835460       53.746262847798405      -13.038735928648741
        6.098455454822943       17.216625192436826      -67.878713184216181       62.811585187242486        5.600168162445891
       19.214504339857037      -14.103280579587691      -24.805383419916151       40.884070644402847       10.912111019423341
        7.087130616192761      -32.358173421889184      -38.839711534184097       27.232800202835563      -10.315812053489603
       31.933159313788007      -42.218773917328775        6.897701470864837       25.346758878874045        1.439195465853662
       39.776783366187466      -42.822082577691646      -21.250854203395331       47.843882016379283        1.631407834643901
       23.532342713805210      -40.863510886380695      -46.626738276055519       34.560336111767690       -4.609654341874201
       32.974422944503161      -48.381954279537972      -22.005235223153676       58.170437608536233       10.139985484493156
       40.628340844311516      -48.306598810678878      -40.342586167792845       76.213058463840483       -5.494397282955021
       38.328838481621545      -34.165107055227828       -6.358158012095434       52.872451930280974       -3.182011908022606
       12.428189544372048      -43.414595784881833       13.543351316488122       60.536526757346046        5.657990051198188
       31.326823673110990      -20.200979562656578       16.558062387989736       49.640130520190709      -15.842480110545663
        5.784524781532832       -2.270515449774471       47.088992022440429       21.089806976167239        9.747728867194649
       16.591764564250813       22.441422921285184       12.448151285559586       35.437341369528184       -3.560867438030886
       -5.699753565997439       -8.280510937401813       59.340479959515683       25.632872189092748       -0.436298412204769
       -0.025494149769607       15.529647836001869       23.616096491436043       35.919111398319266       16.897264351329365
      -13.418351924186849       21.486652777117811       53.928523549495957       35.692870669336017       -6.281873978405212
      -26.648511687569403       31.574330747724385       34.378456526426383       23.390210157140199       -1.949401278545145
       -9.491070777890632       13.853732362712707       34.214325745274131       41.367320120878901       10.214773793271583
      -31.483737643774131       28.983874951388120       38.348753507814507       37.131733294548141      -13.915929697398486
      -18.316347922487022       22.704675114547346       14.958437929284564       39.608280666187468      -10.920056528034360
      -77.256996472415338       18.505384942309508       20.211035268955975       72.019918700532727       20.055951007594675
      -81.302118625575872       32.217467159610116       11.527753826772628       76.790727615007938      -10.956191896033477
      -66.166246252802182       49.424345492980841       23.253472025368261       77.859141130737513        1.107647433466908
      -41.772811679655206       22.721488479881145       -1.303294268349197       60.331899632226296       -6.593393853600145
      -14.078888378838982       18.391776558124956       -6.659415120039793       46.563173629708949        4.862273044319548
      -18.926477874725517       29.185881147636032       10.084362682173749       46.287770771650003       -4.423171790605258
      -12.021618776382855       39.172524843654131      -10.776591604314138       21.138048268769388       13.934554435203376
      -21.251718383445354        9.354876860407055       23.536763932436212       11.165467774117291       -2.938829686079345
      -40.392319981431761       11.390294060509149       10.545605159917706       -3.821834724518094       -2.571287866499326
      -45.192743966999494       -0.967202378017936      -27.344120817302578        3.724137501396766        2.109231341301883
      -68.352700663908948       23.986982511753109       -4.609576191456142      -19.617285847764123        6.585881284938513
      -53.054009336290413        7.412196040685727       -9.631645278979493      -15.105751953854867       -7.045825191763183
      -83.783049327262276       15.948445413672262      -16.135383881265348       -7.094854143025185      -12.134342608727064
      -41.459742494373685       23.512662326250464      -20.191475833882116        3.396073182687612        9.140013502879933
      -64.881418124013706       17.022469426136844      -42.040918505172954        6.248917297689291       -6.784730029311155
      -81.292940368006654       33.223885917134943       -7.159469017719579       18.497379416947410       18.461801041422213
      -48.357223864851626        5.695432470663693        7.737826721619654       21.204201594195549      -10.416730052839535
      -83.383598687374686       22.196496910546397        1.707315869217053       39.305726554381856        3.464486603137940
      -58.340526796046753       23.701854471510490      -17.769293822250013       39.518139782902047        5.277338882840219
      -67.516493542535329       -0.383143042339652       28.333335437227408        1.185684032201472       -6.213603438265012
      -50.074331362253808      -11.197740266552245        3.685731884025029       15.197946178119615       -9.130825450105226
      -36.132714226349712      -11.707320880274162        0.968855557695553      -12.741204380862634       15.261092661796470
      -68.566975150536166      -22.896834499059150       -3.388049814310725      -16.065573944547815      -17.977147261069241
      -60.845851246458984      -27.845563760175043      -25.808383230287713        0.012111873894395       19.521492683324386
      -60.248734354012065      -29.207520675327501      -20.396030889017201       10.027751160862543       -8.684153281685768
      -57.055110455861033      -20.198445793614162      -57.055861098179420       18.683028913011828        3.688205211746917
      -50.321532997673863      -25.345799303975465        3.558405193109131       -1.380661414458193       -7.371409876883647
      -49.885518712060836      -25.688193403846654      -26.909510783659957        5.849641926114987      -11.045083089750243
      -66.364616512253136      -73.359223439656432      -14.617669193566153       26.030621518968733       21.196677002581097
      -54.428693187322864      -61.973715924743104      -63.049847070726905        5.420104279169863      -14.433790252988890
      -66.793963226304228      -45.881130048781088      -25.707672436876777        8.520363544647365        5.735893536993752
      -53.658554520471419      -31.906084600598597      -22.856312678773598        4.412585249081538       -3.322807407543041
      -51.828991509130674      -16.122316599465801      -34.175563415160006       40.817284995227958       -5.165200702868034
      -61.180885206792844       -0.029822101862883      -41.376768112738311       25.413425303314590       -2.948535599763806
      -41.221944165099309      -15.251509704416200      -46.742497010834683       24.701927864458860        3.664969257116858
      -32.872118817901594      -35.238370576340344        2.230117314388561       30.437803812334440       13.870369038035722
      -50.331246097092837      -28.025916280812428      -12.487269716540951        8.698675893461898      -13.304521318378645
      -41.193724938260033      -46.834993936280469       10.679637048570784       -1.693530184793579       -3.075645732331626
      -59.266375681701447      -50.963893871589981        7.684210971769964       13.716149825108587       15.382525381783921
      -47.336851577974237      -58.620031833716723       13.114735458967782      -15.051371596913086       -1.173994047491234
      -33.738289619524807      -60.557217531053723       17.430563352727678       -2.141496410617202      -15.628594482144612
      -51.176317290780617      -43.119198815774382       26.169940566511809      -13.247809386191356        0.871407752629748
      -24.028057103965754      -46.048714084393474       61.265156194188187      -16.813838100905588        5.689261933354578
      -60.505072898606684      -44.306827284119898       29.174435353401968      -15.280418555014242       -7.683531130536990
      -32.922060018665498      -44.726302219895679       96.766007713187491      -26.426219484856194       -2.739214191653786
      -71.003563405919067      -27.082307966041789      118.518733841840699      -40.861431138745218       18.434983529565905
      -56.597752059112196      -36.895618300152300       88.376876528256645      -38.032251906572938      -17.553541532852975
      -99.463836746605850      -38.769483590522000       95.027506892919945      -43.721017500150012       13.850828895390089
      -78.197096872526728      -68.268645756377879       81.253522485491956      -43.935341041166254        7.665106106444576
      -68.452519718224451      -28.292446881148933      106.852508234757039      -23.419129842837535      -10.080824650616279
      -56.690856635859539      -34.950712486573018      127.494742648436755      -60.338495802611341       -5.580107448434937
      -38.507010488709803       -3.174400793407397       79.787033691161184      -52.008698538069396        4.385357680761676
      -38.999626285082520      -18.247937845452455      102.835484899241109      -78.346993040821971        9.482625742984114
      -30.260488101089425        4.594191740794455      106.037367757097314      -72.249707581733730      -20.320921155649021
      -20.600455848052714       25.144915720444679       81.636704523424470      -64.188771195260657        2.872914949156100
      -31.895704265076198       27.258343608691018       82.257372125007791      -74.354325747322562        5.596745756880249
      -23.617066136354499        5.260069207910433       35.537699735096446      -64.967661555476155      -14.194432312950385
      -54.697935953017335       -8.676041008161306       54.743375720317658      -74.728428971919513       10.589963127699566
      -46.456365160730918        1.311783095099270       66.366826464101351      -85.969241938331393       11.922614444695853
      -44.403364311365330       -5.443338751780598       65.466803703090875      -70.417293713336747      -10.052033517383341
      -35.081240210973100       -9.623435500660415       88.076569830170257      -59.300774994553009        7.922768587678671
      -13.067464388694910        2.630635551189313       68.563907597310006      -75.582596009021586       -3.214801582188584
      -52.393188083148459       23.904501826449287       73.146538008877371      -62.151811487425682        1.110784185501141
      -23.885121113756878       -3.314854016794400       59.598948381661224      -45.547875561035717       -7.515245614254363
      -58.846560364764400       -5.014891389161662       63.660447218052788      -41.423956173764353      -16.427752201409739
      -33.116670372635653      -20.273281168103210       59.374733680106729      -19.970429053334829       18.623686862243130
      -43.035688007274508       -5.630405844291022       90.716319084640972      -34.511363395815252       -7.932701891301180
      -32.941531143725513        5.559799461304891       73.918022823578596      -33.825078608863045       -2.069914452847328
      -55.493474422205736       27.602804441321474       94.074986628911077      -20.348489931624954       17.175022122774724
      -37.621251030486526       38.857641392671347      112.097214602992793      -47.713758150216748        0.029853688745686
      -29.494121679323797       35.577353329049252       77.309865440956656      -36.795115762745333      -14.869959863400201
      -41.958402870370612       37.560072009821319      110.601886528462572      -35.347665994293067        8.622015649908189
      -19.145234763433418       46.272953420666468       71.047951075688104       -9.595181432474293       -5.280554470097820
      -38.505267457023386       34.767678920794445       59.960176247926249       -2.723480948921318        0.989193708675512
       -2.365323087042236       44.983388303400645       82.912719328714530       15.811660988822398       -1.768983013887129
      -44.969751983923366       38.894040892097451       82.619239965320290        4.109605380556209        9.518412499454504
      -28.394538282959733       41.671115904327273       54.709683665895170       21.693513631125136       -2.447352977302273
      -27.148456378261461       39.592475606076370       50.502997297574204        6.918119670591748       -2.068351680178973
      -28.958000351230140       42.412240881138572        5.796649616123455       30.635088067707891       -2.129557419295659
      -23.228012549012284       51.040200383524983       -8.368768978599268        6.326636434327098        5.055133828390509
      -35.279728068894386       47.410429650846105        9.576814936838907       14.635391674287053        3.817770473713171
      -12.390992960858593       83.306231877979258        2.775949785371675        4.581083740206912        5.759124236593839
       21.740951822611947       82.361882367338112       24.458199817619221       29.448865388936554       -3.973454610240631
       42.807984715039886       95.187364773612515       45.347436997358678        4.377156240493325      -12.344201692006880
       28.962518660249032       81.976791669684516       43.345708963896854       14.609255049417653       14.882675914281425
       22.077221186269007       94.145048881373370       52.675604984700612      -12.763403413238690       -8.594470280807435
        5.512016229705289       95.812765320713410       49.318815016692440       -5.823618708800388      -24.580927986604017
      -18.413473311494617      109.965720358180391       56.236071475996816      -26.112848437090161       26.064834462955126
      -26.708415396619653       88.927479486291944       73.483094099454959      -42.374596697225449        2.707188565195530
      -25.261181079152738       70.141903907802387       28.491984732279892      -11.650061098625240       -3.505819483483839
      -17.139345679178440       80.746836626647237       83.781437989007216       -6.041661027270785        9.265788692746490
      -13.204789704172613       54.917985249849281       68.023405105372817        8.722389426658793        6.537153936170434
      -20.859928794680098       49.469779476516401       54.764544926186190      -12.351331007981338       -8.645317122836563
      -24.865580446108940       28.270746994649912       59.784584191231581       -5.506317658832283        2.597570433777772
       16.999890412751647       28.807051858525771       96.947340635691987      -11.508100803418239        2.174498128772020
       -8.625949891701028       16.310638928601165       81.121902267510862      -25.856257701455927      -20.567208044644584
       19.574062601339833       27.055692328027895       93.513245482320713      -43.785420978891615       15.377731240419479
        1.723803747953607        7.946896883270767      100.446705474682162      -47.972324334370853        6.047877045945687
       -0.998044333089475        4.314805735499128       90.801921303466202      -60.962445067778262      -17.511778712057207
       32.453495964146548        5.609134730407827      117.958131571909362      -38.634526261815999       17.133543929009058
       30.026365190917566       26.789423926140042      104.350133868093963      -27.363122403808841      -13.449091125876665
       56.312927046381141       24.059386841736515       86.674775616931825      -45.669304566888549       11.299109808187442
       48.233083221634125        2.998059029811148       74.780260555856344      -23.065857709376601      -16.887985152344879
       77.637794614907136        3.103543582708782       78.559299537305549       -5.035232426352509       11.343460896231667
       60.753193159187916        6.948360065882910       75.080525586668429       -3.180661743696207       -4.851331034633056
       89.464737523312678        2.634152424552985       54.218001542756404       -3.815586660761400        6.956892151534419
      103.259398192293318        0.243268080270692       60.304947607850764        6.087096667755678       -2.380282647340756
      111.050374797963102       33.503341625932826       29.703185024979298        7.299611797163141       -4.820742776482166
      111.719032548385513       12.897901264728556       21.392936475066538      -11.281124640980732       12.915674071197120
       79.451799167188838       39.332569098097693       48.401425472185110       -1.163208418575321       -5.948525978696019
       72.281901370513822       29.564929822574552       45.788278042239632       -3.842875462449196       -0.668944307879596
       81.032390784100855       34.714450898075462       69.497535172588485       15.124451958217380        1.448509011149011
       74.635320860031058       37.651024947458126       55.435797062644397        4.718494137955047      -10.690127994613301
       88.343494176559787       31.857142777062634       49.371191643010462       23.967887236201161        3.429910111310426
       84.209862428735931       38.350889722264114       51.030293738703861       31.269247657534400       -1.096369279940071
      104.425788678025853       44.091632631464954       69.704601181128453        0.779438804206331       13.878755966692122
       91.455541091983605       27.601915010336576       67.836063964992917       10.449417887970007      -12.573453306406437
       88.397907873050528        6.907338489566385       42.658227590206735        2.135994893955746       -2.570492154599224
       59.313094596514027       12.456760928527100       58.750211005340240      -18.543606335143707       13.315942500209598
       47.339493962339901       39.312876273572307       22.215717924496872      -11.778910149962256      -10.684081497535779
       44.935760547680793       69.016405551748321       22.709731848247717       -8.125666309685602       -6.354925108971447
       49.988080532676427       44.103183758578517       11.945825415733839       33.799828799761841        3.159072174733464
       16.846340392060267       31.990061987767238       -4.342832684291928        8.473734426470498       -0.637559030760493
       40.070519359073295       18.926629256015698        9.618098720897658        0.732198781814084       -1.704691275152069
       58.179922442354624       10.581936623505056        7.140442221724790      -41.223703647017459       17.208372971596472
       51.688146759370547       24.595699019924936       28.674603860704792      -36.288866354967510      -15.966452302904901
       41.404238802714048       48.926382637428738       28.418700758324601      -48.654537463391350        9.486238111224246
       38.722758264959459       40.368317574242859       33.945402644848151      -71.916986312413457       -1.152159504764426
       24.835419217298259       52.414861674784731       44.432027944481383      -60.474144015406395      -10.019235267968556
        8.408249457470243       56.867991213019458       19.754804295741859      -64.065599110772226        2.868182028250849
        4.115858376923151       54.407612191295271       -3.061360166199074      -48.865785874348020       -4.979305953140046
      -12.836515544650089       69.803987715895303       14.587527755668551      -44.029520931336272       17.946752173775462
      -13.731074330742580       87.471540736843096       -7.952534656964910      -26.206201018756847       -4.672911329332336
      -35.410291040243628       70.887183595228109       -6.619519692500382      -41.393639786674434       -3.959911315818751
      -24.304144234086557      100.985044337881035        3.471860315178322      -30.189034741553932       10.691273855059221
      -39.207289033076606       95.347473412871139        6.097739142599552      -46.656408978513056      -22.089401241444563
      -45.079430503232516      105.496918945210425        1.971868047961910      -51.011227255005949       18.346392174328887
      -28.986023526072294       97.924817165615352        2.339259845810949      -53.712570453273976       -2.698438976816892
      -49.252814856572741      101.431504595683023      -19.378956748398739      -53.197799310380745       -5.285123858101980
      -31.470919294280982       63.739902480506096       20.101045197821229      -50.215502525038708       -2.865086485895098
      -37.499457006468191       57.129019314444001       10.778083939050717      -42.990476069489070       -6.471012392133427
      -12.994219334066230       36.748539570159828       10.552707667459680      -37.582678369195065       21.116073676423721
       11.843809274407032       15.447100753846287       -1.338945982222709      -26.395928708820382       -3.398445880349273
       -2.764708125116003       12.671270011268520       14.934490375802589      -19.539500626996613      -15.052775430468714
       -1.910675602042035       28.477837671130704       21.612852558639776      -24.586553800928911        8.599053495589082
       -3.464934293922249       -2.486418349876243        9.723606059687986      -16.612282040807450       -3.761359345677201
      -31.777969868418012       33.518435097281191        3.903222501022960      -10.052473068024934       -2.726139440593967
      -39.688651134220507       23.969415488660154       -2.091690334503160      -18.274850792804408        3.666528724244368
       -7.835090566931877       21.469198719092383       32.756461888427701      -47.260934638829127        6.023290329675595
       -3.710113868546468       33.711035335097122       40.685348435031351      -16.921628472055385       -0.439229500433733
       21.701330529215088       17.692482924476543       39.110785149418199      -25.656670414945349        0.805167730376887
       -3.608421787668744       -9.921731924970823       33.136660720770749      -13.198222668210056      -16.765621659056034
       20.254668386691741      -15.467116358236908       26.324076969048871        3.406943430629987        3.629944474408620
        2.637154392366685      -13.756918221590940       49.114614069676556      -17.884622879952087       13.488404224200016
      -20.300890992293898       13.256853419267527       71.680352761584189      -11.284088039770360        2.640057387551840
       -9.811298885807366       -5.852961606964535       57.388522343697723       -9.378653714751266      -10.788196764978720
      -26.571016454058860       -6.819218818628646       74.745550119075830       -4.912052749381930        1.233914290819495
      -23.317070614244251        0.025175787190027       65.411184884631396       -6.797793182508487        9.389424432002951
       12.145452898584699        5.276752455456723       77.038880557889996       -4.227312194567849       -1.742553584100392
      -13.935491330382247       29.990661454486293       72.516617599184642        3.231058609554083      -15.363671065958359
       15.730049668998024       36.578567311321656       56.818235287280210       13.288217233824598        7.522143494116416
       -8.266368359533477       13.761500229036585       52.810187090395644       11.711901355000126       10.924610442265717
      -14.120865913133004        0.438230319710337       25.878880268259710       23.089110396168039      -10.968612951020386
       -3.918530019837317      -11.303920805538265       41.223132040547931        3.303914335796406       -6.572995214043370
       -5.339910125491678      -18.154825317084015       38.645816354155443        6.974799137093757       11.328089750411410
      -11.620018627276078       -5.998546120456942        8.420131493552931       18.973989698637467       -0.354718773170587
      -20.141076599123423      -10.565825267835795       26.517925878126867        3.490104761888554       -0.348939061849618
        0.969786397776272      -11.634201182865926        5.430172705772621        6.353089242859712        4.946390114333911
      -32.618141732035461       27.934144362071791       45.369689254539445        1.641239407110211       -3.029941119382196
      -12.169594517863462       42.784892605015074       53.284973806784869        3.936757810023189       -9.613157904429483
      -31.778608218491840       32.853376501517275       30.577989587616962       24.204827687328621       -3.392605620614013
      -24.459419525713034       39.038850291530544       50.426355134471365       22.535879895422255        6.959658970331767
      -22.400091341305597       30.433432656831741       37.159176428006219       37.337348248242151       -1.581198006339989
      -33.517067025578477       13.770523756197816       28.721804315552070       31.771883549057183       14.942907690739627
      -33.172532315850226      -14.613120799924955       17.149771554722580       31.764610060368408       -2.316280329486585
       -5.031611557093136       -2.384012624138278        4.810754145100989       29.078686130138689       -4.763035426571807
       -7.568661007141238       -9.449301533639469       13.631372890031907       26.652350051009527        0.592991714494238
      -26.352631188678117        8.738964844521020      -12.725629259505576        4.755199324002802       12.969815694192913
        3.715694814456436        0.681252453133552       13.088881853819055      -19.201741929391066       -8.880292452787884
       23.432828837688970      -10.420177347673359       29.932913827461405      -36.466608765635449      -22.682978553387450
      -11.511645960346698       18.825776972490804       38.496285726920284      -31.411271003013891        2.927053907988319
        7.243662484098691       31.549137773816923       45.756151766586008      -67.821835215607294        9.119228643980168
        5.970307098592382       28.449371261384069       48.147546468352111      -41.233269965654763       -1.178796878569543
       14.495461240940537       14.178701371623498       57.933948980686168      -52.107245452292617       13.978006620370884
       -2.069291654234951       16.592799430820147       36.480997108765997      -70.693589527965955      -10.359511998945816
       14.838381294035445        1.490417889966142       38.899876116593148      -61.940508142769708        0.654970829959065
       36.281627232188320       -6.056416738828271       24.677807425344024      -75.045997893752457        6.815266865010758
        2.568085480103973       -3.442159494105004       62.515418054162616      -56.568205694119293        5.911779189862537
       35.353504261337903        6.760570553301367       68.289247691264563      -49.271348883468370       -6.458082834884719
       -6.850102014740923        8.481264851106836       72.827708119181594      -60.298998735225972       -0.889373497323977
        2.228105046531588       11.447697782104338       57.886709753793333      -63.010151236456167       -2.171241067682104
        6.962328377994481        5.687014972510255       73.542138275809648      -25.469144353155684       -5.962935129101125
       16.565267605111902        6.102305968400009       62.555226016354887        2.834460061130399       18.315032186142599
       21.655834372348455       13.335484701097347       57.870980703019221       -4.883917048354161      -23.193113029247971
       28.512844833542484        1.232567424363596       82.037885854420495       -4.481450124796869        9.836423597288389
       10.199928041722870       -4.832426767183799       51.484700019214301      -14.326085841160536       18.515720474208720
       40.086626789754305        0.836654715668258       65.710111788445346       -9.757021314904495      -21.030312059254015
       21.253221181547371        1.734073947540710       65.415918059077583       -0.452378826231851        3.386776786969373
       23.074445470313727       17.313767836032660       60.980395577768505        7.365850425626983       -2.586765926948735
       25.392661015481597       -4.470271016319257       74.801627545941471        8.891580211716295       -8.852617646235155
       35.389424428650337      -13.400103424566286       73.579511827245057      -23.436925184428851       14.785758514780392
       35.061981733518074       29.422634621969333      120.326851796167787      -19.367421532440442      -16.206952478410773
       17.646826212043191       34.432291120013033       99.311456570057814      -10.107839742143288        7.656580084916023
       34.746760372340042       32.374821505473918      111.677306963129155       -4.872508020950934        4.409961223555548
       12.896989475463126       23.918078185154307       83.010371119018686        6.453584143797373      -17.452577484034865
       28.548431013893694       23.827102680338644      103.006357497226034       -6.761913330115279       16.217521538616118
       51.278556168995614       14.579060222121779       51.627088779584803        0.422353691010099        1.844459439864069
       58.634871415030936       21.843916697783477       51.486805282563765       -2.296176568459146       -6.358412690672287
       47.710296332752002       23.164919056583031       17.755849466472814      -21.327045169166620        6.270753431572292
       57.947618951701187        3.894706381172722       41.918531268436610       -1.662389442794233       -5.946111812522989
       41.659890320504594        5.032226965944835      -14.699094840397519       11.483866271490577        4.538027955354405
       41.470032014030011       -0.548457714916547      -20.069586282019600        5.405890049503296        1.204394646648151
       38.894543673216852        0.324646111698750       -2.058891494331372       -7.957248118406648       15.855121096867146
       29.294087672635008      -10.043671882225025        6.720953032384565       25.289155971101401      -19.734419530990341
       21.257361492642346       -8.304732577668963       -0.283968961284956        2.724694316028663       -8.376028041699897
      -13.937759158412291        2.026522167333538        8.793851850324772       -1.148652235420001       11.436187058426999
       18.964276093134700      -30.064297991925383        0.840607022433854        0.629426861605126        3.423404506431627
       -2.536427350557022        1.011956375843232        8.493959340471697       14.754085783903411       -6.774430823877955
      -10.472096411335114       -8.133325740589155       34.996568492436609       -5.838769572667024        3.192491934230064
      -31.680192009626584       16.161829352859893       13.399324176040739        0.658857002916609       13.083024134930531
      -29.067519464881681       12.730031686128092       41.697148569188563       -4.648961423577135       -4.352935796742443
      -42.402186872580998       -7.649574356739762        8.355899872932378      -14.156710236495357      -19.494681785517638
      -52.325886634263647        8.116900898983319       -4.726570292703459        5.454850944109189        9.487736474213294
      -16.998035725074654        6.440024544457159        8.529669500992503      -17.754794925019816        4.444243208034931
      -15.898384585595155       12.929361523960457       28.616134144823899       -7.654279260961886        1.253549553635299
      -25.865879918249764       23.412884329773309       18.609517845603577        6.024653182149876      -13.550989506694336
      -35.676455993161227       10.977587449433857       47.127675729418037       22.877766050610539       22.450020161924183
      -12.902167951193269       -5.026752525815613       58.143625628491598       14.591941141245931      -10.352352976474709
       -0.293878013975333        6.685388160601587       61.300979924805318       16.094909647163963       -2.638568856412339
      -39.697752710922074       -2.805255554377965       77.308504081422626       24.997863885006392        3.286503585656354
       -7.480380121517179      -10.627486049731093       74.822117682816113       33.558387625904572       -5.025835787000626
        3.981458111485020      -28.347588560979307       99.386090685922255        3.305105173446047        0.435910743839648
       11.074950506413941       -5.253519770477650      119.675849787704976      -24.462319366598912       10.048362955832918
       15.453314399354618      -43.257477417415558      112.825817930593615       -1.867940106768319       -8.890654988220119
       -6.526188288620863      -17.909885052068457      126.324673486281796      -21.625650220273755        5.843615403043187
       27.883006451850356      -20.570392410213032      106.654653692638774       10.688356611563844       -3.825849224123527
       -0.195659106057915      -24.983636233842741       90.419532238226253       31.336182575780160        7.770872666729263
       27.756432401691384      -22.778414884920874      105.726235769635082       30.101991201296933       -5.254079163522012
       -9.484062735452682      -19.556383757934775      104.358347717694727       21.820290680706115       -2.388112337393623
        6.889169875754945      -30.251429736140640       73.153348701091303       -6.343985658176498       -1.513683606145537
       24.773492219853246      -28.252623502614391       83.990119396715116       -9.801572693368259        1.612814588130973
      -35.277051894753427      -11.608748670138240       91.851381745791997      -27.706196096977514       -0.026701774162027
      -12.785018348184959      -28.412184604626805       98.690062564892003      -13.056236996244783        8.408840756135177
      -12.434074620248921      -18.851540448768560       79.959344399991920        1.849563122541019      -16.655786062594515
        1.451783334832819      -16.516331103762056       67.709011733848669       11.933039460689637        5.290273963203449
       13.303100699624961      -17.148193250949873       58.791934408613145       38.132090580293330        8.595429116119533
       -5.167805775846698      -29.118600276563107       56.402732317131473       32.142688418783237        0.190632188381269
       22.468639387046444      -41.513322560930135       34.798318724760293       27.025877448320848        8.045248110629274
      -17.576404217297970      -17.491987707273147       48.043918258805796        2.781635152035637      -17.007004917227317
        1.283489838897294        3.336407620174834        0.842631296383026        2.058937546514843        9.675305075750641
      -29.788243046690123       13.810657783817128       36.379890721346193        7.909906969514310        9.361059637563709
       -1.484131474455012        0.367547619647409        9.415223400882182       14.922483550678526      -17.879520706624845
      -23.387267199605031      -13.285625775492198       39.581808354026208        6.881164132073954       -6.163472137561596
      -41.322028009891611       -8.740095753879082       32.008507037410169       26.309552331257418        7.376643305838492
       -3.868809710990979       -2.185626676270027       17.348508798997901       13.687937815350333        1.354553004639063
       18.286377734583699       -6.846797937680472       22.813472060125676        5.535525155554959      -13.938678281495891
       20.241397922111776      -10.458133129884057        7.651124785188558       13.384818676032983        7.899609183046317
       27.756797622045809       15.264857552929007       11.371479063483557        0.832769131014352       10.641016606179214
       39.776679309802880        8.575963732362883       24.770743808305866       22.567388680895295       -7.102059628869547
       43.783176150729261       13.742246691750102       33.873012299740274       27.212833448678179       -9.637212611402600
       18.360792169164796        1.382463852059607       41.497482081866245       40.148760963581616       16.284831279122461
       32.791567536815791       14.543960217932975       31.966588938952626       48.015672955154251       -2.586812551098666
       28.403621296319745       -0.710911948371510       47.093088451999044       52.154885159671181       10.645950354835493
       39.337132247811311      -16.867187793338601        5.240196003756235       49.834884467773961      -14.562573703245006
       23.522671625756217      -12.287991456821818       20.953725090979994       49.537125442679461       -3.431316602430979
       19.170331577418963       10.543757205181841      -13.111277977220496       72.535410051238472        2.928042842320921
       30.075490284355407       18.682211766431127       -8.640543552119819       73.211368778510320        2.191257434704787
      -19.812359056715973       27.604158130436698      -25.526039118927645       90.333384136356287       10.962107574568803
       17.220934366784380       50.164597324417002      -16.715071011764429       63.360571080520828      -12.487654667258726
       -3.110670590391802       51.871699286617982      -15.884103510964165       35.403681449914693        4.495619951556866
       -6.200957808162793       69.616619357342131      -21.985885174684714       35.052861035043172        0.980591669425354
      -11.481452511595055       29.300628135368768       -5.540825145315518       25.153421765117134      -10.877447371266197
       -4.028962389447680        6.739587079351406      -18.948429005681749        3.599923487975325        5.962991310028463
       27.843840908661196       31.050315570187596      -10.010162569955552       34.802886262680346        0.171207284521982
        1.567087998247537       26.841521231770347      -12.599200532956985       18.711912161532609       12.033527461370756
       18.063719757011917       34.111353983731654      -17.056504969606209       49.036046296743422       -9.980284043309091
        2.138546471550273       28.659643334388146       16.044044394130058       52.397782195186238       -0.334917300090510
        8.737292097639688        4.654986464100129      -13.168556867577941       80.382951879007223       -3.981149234429761
      -21.330019605785868       22.581477374780864      -12.773920902712918       52.084483889152331        7.118049766786625
      -11.994409357701148       16.668336778142912       -3.719004512151761       55.210367548960967       -0.393043761469289
       -0.959976669172809      -13.051633230589864      -12.619214244241725       42.980158270532613       -5.552364666722635
        6.046332763342648      -21.842723801596492       -5.871694805226247       42.654610715815828        2.371741867665133
      -19.149845594653119       -6.398062076281989      -11.672007600941450       52.141457493086186       -2.155298189480983
      -10.733192479456964        9.602472850755122        4.922714040030212       46.841264690680703      -16.189925194598803
       -2.664714524775800       17.134793714730627       -0.576596158584106       33.983010665514179        9.057266672120482
        1.950117257736520       28.113925818671266      -14.593903624369835       56.839434253490026       -4.299443636869171
      -18.215301939728416       48.267589198740204      -12.075212722176831       73.112502325555994        5.428720530687548
       -3.900036327322076       61.924028029718727      -19.842518044066228       58.469856673444006       -3.604815759877318
      -36.083662851769617       62.568063737834379       22.420995924449734       29.132846906616788       -5.257021147236906
      -28.355390075323875       58.133775636362429       30.693840334860781       38.672818538808151       21.201540321442209
      -24.298288502430790       40.633933459919184       34.284584269583675       34.863406407795722      -12.078861331838976
      -27.417891430041756       50.575377768717196       27.732468746306786        8.196082015372060        4.860663335160138
      -38.126064835118349       49.252290298668285       24.925453779482247       22.237417035957158       -0.795934227599970
      -51.278117551599891       53.355808331549341       39.893465308819110       32.598845037237339        6.939797890789175
      -54.025715010370490       47.579358671209469       29.060763572268158       28.302305324952552       -1.555484776973549
      -70.894151063993007       70.662402308889796       51.501370785804482       19.656757566826091        8.426920391192578
      -29.452902660801989       60.632338808846846       39.618794488150876       22.288045415184104      -15.246030717235348
      -35.529915588940113       66.541484929018239       58.023076694431538       39.110897533850554        9.150308482871125
      -36.808716785659094       55.420932269367675       65.594811042926935       40.672427785186230       -3.377168081599722
      -23.350765700905196       37.930531762467353       47.360816275313667       34.363712045601808       -5.805808396936694
      -44.140502811913599       28.815529411031228       74.449622708722799       12.057397294087323        4.265813802318624
      -41.554884474412830       46.587754494725331       49.129411653830971        6.439111840972124       -3.935594866988333
      -44.407741182392108       63.614955801826561       85.998380353406461        2.271623539270442       -6.088300192922844
      -22.695632823544255       58.149644638709823       68.957660035097803       -3.601153086547600       14.208592607919138
      -23.691223255896279       50.532378157335259       70.451548662328008       -2.917407439605724       -1.361850542315866
      -18.820448008971923       65.939105284085940       73.964459082516115       -9.628796142300608        3.882544486080238
       14.115570300893133       55.516886907463650       81.142406209434213      -11.607491610075998       -6.660913355800166
       -0.412415824914028       50.583781705217710       86.206727265118630      -10.864753254734021        0.962537392094873
      -22.169553487839917       42.764175359217738       63.393290552768271      -35.178185082627223      -12.100121778286461
       -9.198477717626123       72.777359406837277      112.620232613385383      -47.030845199779918       10.775119405744977
       -5.929985029766553       47.334430306425773       63.877048278662919      -58.448750675915903        7.772420578820256
       -9.191703394586046       75.810502981425373       88.369172926937011      -69.192910815711414       -5.891868955799127
      -14.351064174388654       73.744302539471533       73.246623338016235      -45.585012783517833        2.176478877748776
      -15.674124301199459       74.333217267417695       64.779190565796668      -46.542900619323568       10.268506855262750
       -6.490544846513211       40.752886093315475       97.950313734006471      -57.237501695350225      -18.112425446884004
       15.222576166461442       56.634739087827157       26.328620867841021        5.065116728539370        2.322831117348400
       12.560561162184053       62.831130800899871       41.487042107598228        8.177894757672430       -1.403173357096686
       12.292070459752514       44.837919796641685        8.163704741036574       17.203411111728851       -4.806412571889672
       19.905440072081770       58.529308657033155       33.782563601686554       41.939318359764272       11.611038086554297
       21.834083536659691       39.119518862486657       -2.850486774857844       42.466809528865255        2.886062853493311
        5.590849608995635       48.821484402020779      -23.570331580965696       42.748735343985729       -4.522374673871636
       -2.886496120732822       64.681269085598743       19.653554053496205       38.378485462886502       15.465255908081422
       18.236415292582578       53.932518776227006        5.952897143048433       43.873400393474796      -15.507422060085998
        9.995765195041701       48.134874626334600        7.521835510659165       38.292290651659947      -11.355731484386133
        3.125166954263401       47.331601318177462       29.189150841152333       20.839753045320453        4.363300173306155
       29.120288537547168       39.458228373273457       41.968401507125137        7.643077015178225        9.075283627156354
       27.019168525984316       41.663263912305162       58.098619582639813       10.018388443241269      -14.214090472637375
       34.232566010266488       36.336838171335557       41.481133120266655        5.040127822059137       16.434515296009902
       29.337370146064096       39.065266275564120       59.371026047538017       14.051563477052042       -8.887717438250998
       29.233647847293870       34.574152860382661       37.295185431850854       -5.414084373286969        3.374834520155766
       33.595143134733306       61.065257442455838       41.214429035075746       15.693159138077190       -2.795788831251140
       45.460568963521872       45.712699463142712       56.410639287262185       42.392777276920427       -4.601694476075249
       83.197706249113352       19.995648668475109       45.574978750790606       25.036496147342703       12.093128316350866
       36.317774712929413       18.833286800814175       27.020922717676424       52.499044899943875       -3.239749289874428
       15.825146130085788       15.045130303602438       14.506323503083438       50.421588859876046       -3.896684197042478
        3.039759724103702       18.261683839132122        3.837359553994348       39.001092983052793        0.825134696356225
      -12.894723452165465        6.069943500141684       -5.410133159777501       12.711207713523487       -5.315806038702730
      -22.555414747720011       28.435336245569612       -4.696354664360172       17.926061416519335        2.457463580725275
       19.594585458223211       40.694205502109206       -9.512585333187440       15.851177440094496        4.366423890686790
       23.788736382617607       52.557345918337617      -26.342735331520910       -6.270181475362791       -5.091869722217868
        7.893336149799078       23.322489628529933       -8.759258671778687       -2.363625961170074        6.570209245839339
        4.515115275944019       35.732980445872542       19.614558559760948      -14.539011399091773       -9.896064442142579
       13.809085553691716       56.676110563549955       13.974163735761421      -16.066723175942343        4.628381951909960
       17.092025741476807       51.216704114486234        6.606505014703741      -10.888893564730946        3.183938881656596
       16.921003572722274       68.575645076860184      -31.281727357012553        1.387636906645998        7.024194322949070
       22.947220951263837       41.781071921767293       -0.405806884146883        3.898551797890216      -18.787704018780534
       41.174481171672483       50.212177961327285       -2.929666134613243       28.587032392138308       14.550815033056471
       19.665087662711048       49.443016355787847        3.816825726300482        5.801383439796757       -3.002866248022302
       55.450224027369153       69.702997763693958        5.414222678380401       12.733492883009808        1.400445070680458
       58.865178767641467       68.811306956723996       -5.825000855761711        2.940838427662242       -5.839832958611550
       38.721365651708865       52.544678710836457        5.447737274326418      -11.453944857955136        7.085615952762352
       73.958462499710791       59.385175657449984       14.053577451863262      -21.308903366438386      -10.381969387022655
       62.328627877938843       34.319337175693498       37.675086628275253       -5.027103171951920        8.589581874930472
       85.488708360211902       46.048382181313819       42.835495896732354       -0.773187211147749        4.284187593650900
       82.599960778592504       57.374432387096356       29.412698789786063       -8.884158268304661      -10.867911073229203
       96.768576092374573       61.942280922331499        0.716450087991917       27.150942901184440        9.698814351104080
       65.872403384941634       46.435180612825661       11.233154841191620        4.101868357356643       -3.277572221083420
       92.967599261134211       38.324617585527228       21.172593229982468      -17.192606088777936       14.371650635162368
       85.537889941101866       25.443573680994067      -11.566698571242348       -9.764036838363523      -20.695521309333401
       89.289800171946567        5.131053174401225       -8.235899569169016       -3.283525114798301       10.437832196589172
       83.367552099208353       30.102608646316632      -32.226323372051183        1.060393604590534       -3.539405569935254
       97.403462021739287       12.025999188758542      -23.680942539498751        0.914240867777522        2.443230511861223
       65.506856030334816       25.289350763206869      -15.157013832535245        4.639213433728359       -6.266300767772573
      100.937664943719909       10.836610458130142       -7.314169171709302       -1.104531402501377       -8.800919325863289
       85.798309737151044       15.358539927846886       -2.807005817858580        5.043132945131591       12.648605422846678
       81.777538934371108       20.924231449610119      -15.705412534116906        5.291861029671356       -0.020644503878383
       74.192020935318851       38.246491611566370       12.151146845594321       -6.429342196944265       -5.764519676959655
       79.432553818899621       14.269198761540565       15.017514795521629       -1.209719254831621       15.900873456163344
       81.979717628950795       42.580844060747502       14.783595654001903      -11.118930110533556       -1.328884030736066
       83.741136938010541       26.269513538369388       -2.737842724688813        8.884168796299811        4.230412426311438
       80.990967936705729       21.970160364976259       -4.861920921805733       -5.504663143894263       -5.821783412561549
       71.792006073107217       16.776350229912353      -30.704227936508676        3.006734680430982       -0.386258811094993
       88.217636687362557       38.367130501031646        4.439525617499213       17.691097570996970      -10.458092118846295
       45.307733147692261       35.621142061492556       -5.470502671957230       35.139730040189313       11.481926720653940
       54.869797996644905       59.200934606179587       -7.591161683057693        0.248519884335612      -13.021098142727032
       19.220155764873443       64.439729173742094       -5.370164320574298       -5.801862697926129        3.374061653453046
       53.228936612116946       72.359929369416719       10.715254347909234      -14.067210589207889       -1.132583068020051
       51.877092641198828       91.286368806817080       -7.275834432526181      -21.091388341927864        3.057315115686802
       59.797379218465224       94.932176386602904      -14.360359579998901      -29.574002772628852       -5.402159808681998
       36.952586154167612       72.050791127414399        1.756568169980515      -21.408555876282961       19.437597821151570
       22.708489771898545       73.733807304172544      -17.709514564397889      -19.887009677860206       -9.185689183675066
       28.031101485586792       62.160435390177184        0.435508389333989      -16.459199603890070       -1.873593991357596
       28.409569727577530       61.998301997210568      -13.412727744712070        6.748158396400036       -0.664587168011937
       34.836352625702048       26.960235703631380      -14.644866932187032        1.018242531544119        0.838043236966126
       47.794992839097027       25.010455951401326      -14.603939264917656       -8.009626128328248       -1.436032012279159
       73.605774494022228       49.258320452339532      -39.542977683454119        2.570345637659960       -3.244205903019065
       50.936777849121249       46.660793364675669      -14.010045262788802      -14.242816102580500        5.278402506256841
       39.416971634075082       66.740787879871675      -13.188088139658026      -11.581210415853795      -12.451981833042844
       45.408586736043503       70.489934452600536      -16.106469271148910      -15.977743296567999       21.989956391483762
       46.456619344687311       47.503145908463019      -18.976370276649718       -5.283876523099986      -13.917566961644319
       61.494940978946346        3.197465964103165      -20.528885170576942        7.210611052296469        6.443176333057337
       83.041096310602100       25.616620168820656      -19.905917977491224        7.416410426614002       -3.906232747039500
       16.762111405420463       46.010877707481768      -21.877418413751890        6.876399040654279       -8.352450476183108
       60.543926275606402       50.096011353746682      -16.855423476470289       25.695414523362516       18.036384238730932
       28.176576722479137       52.198307181337931       -6.396994105066931       24.600509001438521      -10.165774248120112
       66.040967432857528       45.297930247782496        3.241657299057832       25.415823286205061        5.732055751575960
       44.132664470689456       49.740353665032437       -1.878718697109405        5.241311546942002       11.754287893078120
       30.635199267910526       44.007566561246293       -5.583503196905376       -2.268343682293114       -8.994537581080428
       22.758848081969397       39.962442613882317      -22.643325231744893      -17.624783847253067       -4.147324255259684
       27.986309707099863       59.604975090403826      -14.890906302992587       -2.894348982788981       -4.463624682756154
        5.208457303796000       56.812487613256408        2.723283152695531      -21.093788406965853       -5.802714767288327
       36.518816335621629       55.640841399721261      -11.674049617828882       -2.721402790390442        4.587129688760808
       29.255272321571738       72.317293118325651        3.635632796479642      -32.102813295404651        5.123334308772172
       50.450183047754805       72.220312056045785       -3.762470660819185      -42.602299786055468       -0.091134160821557
       28.503946205659151       57.364549916918044       13.463333451960780      -52.542564995860737        4.409160054941769
       48.673726189762206       65.094955232381508       -2.445683811908826      -44.909257190617232       -4.094082437511085
       42.845047330069207       68.224596914345156      -32.629334072371449      -20.858276584800617        1.874355222171353
       28.800037600816029       52.700117445511225      -34.359434841098910      -12.989712961829349      -12.063105950626234
       41.150307408061707       42.116112788403370      -37.540569104467444        7.179720434647850       14.994899653409158
       46.002499202647009       31.073983107483539       -4.561643696915203       19.300366644226614       -7.169916164676445
       25.354457972766951       52.419726136891576       -7.809213234031707        6.918556460230586       -6.920134770637730
       31.683942708458520       21.669015397613865       -0.248412726984542       20.863969941820876        1.491654691753159
       29.179372765812076       21.439166502597914      -39.960811692969429       13.719184953256997       -0.236686507979534
       42.061781470240355       14.687885059942708      -52.729968415197355       28.113060281161626        7.524567839258354
       48.091546489031707       45.944783725473236      -22.034706293166980       -0.534539301082726        4.050973678728509
       62.056210491404812       47.472471695129343      -37.793383117718662      -12.235000486517759        3.372091754044201
       39.331938627329329       55.111423496157677      -68.026488851620613       -6.874395479637823       -3.733660787721933
       17.338992961955096       48.328959178296707      -69.544065791002993      -27.754001698317794       -5.042773079068486
       28.499855353208243       36.932100671707367      -63.046712034914094      -16.518294166382351      -10.329048432801255
        1.476350379161463       26.025153460283999      -62.116581770464080       -2.690347995678961        6.014549469005077
       20.931326583073069       38.052930649626894      -59.349104352661833        8.834651810169058        2.541232234209077
       20.105736194742306       19.014978835659416      -38.298248299314636      -13.488957699395165       -3.901106741473836
       -9.268880507751103       14.616890944486329      -61.102185738720827      -36.634267729837440       -7.043682714606646
       -2.030661183729614       15.470342151912821      -63.320862269050153      -36.699003248390305        7.608278533333332
        4.833467628303413       -0.209280599770358      -63.178940660385777      -26.585194007600826       -3.124300351898873
       21.240878487507118        3.201537298616234      -90.083460272193562      -16.375341330547322        5.257378630353353
      -32.930017357658294        1.781810351099800      -71.292566536973951      -27.655426690769186        2.681198325921721
        6.187595780940749        5.778450660642517      -92.581485701613630       -4.325086966601988        3.744277561175287
       18.108170977641194      -11.020446190049903      -52.164627301328707      -24.346998973739737       -3.886426606634369
      -11.862396824903088      -16.988181056267031      -88.555806219328687       16.754521693126780        0.353237801177797
      -15.475397889781508      -37.491472519853708      -65.195103160915934       44.627399505794720       -1.225203464748530
      -14.939446239062152      -19.652071396597250      -59.031408098525006       48.015333826686394       -1.270346659501788
      -11.668902099636055       -8.362721312644984      -55.916544981387162       40.154415157081061       -0.542532680109694
       22.291941597484012      -24.315725769940126      -40.101332135401364       28.599888550198770        7.511895914405474
       12.650888007699896       -2.185253456898645      -43.056091225726689       18.928560420784795       -3.239185722079050
       34.063920332592801      -24.886736290403814      -46.475290368505725       18.175790681249346       -4.301488131573738
       46.984049012129006       -1.186950543601094      -35.234756247853674       16.472584341040463       -2.971850956984436
       70.757586672145621        5.403621146896687      -56.046283878689856       -7.743184437670152        7.168551862648281
       50.018874946868038       20.854720698915486      -43.539425749789999      -15.950554037203764       -2.289283308725342
       49.746039656278441        6.769154882668964      -38.273729535652905        6.432898191159309        1.715821748844031
       72.166568350168930       22.493149876899835      -29.001430659290047        1.484180195534288        1.901185969368966
       95.306733938512963       38.002496088440203      -48.119536391480722       26.561212494005975       -0.100940634878036
       66.220554386685237       38.618634450381265      -17.667192823275833       38.753771371852338        4.198926788210266
       54.261613055202758       32.616394584550960      -13.107259140805478       52.354711949420832       -0.231027927241177
       24.310244115319001       40.535658577172150      -46.298565780633560       61.442604132304282       -3.558266592282178
       27.460393906051664       54.700335995538893      -42.917161759024538       41.188606172105622        4.370104073113350
       18.558174046537275       36.025330645515503      -77.388435853436505       51.565322512967825       -9.944858721134507
        9.515052999813305       72.623508842354127      -47.542449879030329       39.122884616973920        6.568919380930569
       20.067128459419024       65.585157391588183      -57.879285342618502       31.511661614334752       -8.984664701066757
        8.442633687915981       44.022587987419527      -22.807723723266136       35.269334782044680       10.108134455038336
       16.628224311406623       32.449338669921111      -56.572710385835450       47.665997889787306       -8.429461739701358
        7.336986995706349       37.787089988697034      -30.944877389039615       53.303720486378680        9.308148138521409
       14.393972761852098       36.095777402741817      -60.423829878703067       60.934794050723916       -3.631232612247802
        1.299783377103507       46.915950261425394      -50.196396178414879       86.556457726425720       -6.216499636630776
       23.029354624293550       39.023764005641972      -46.330955463074602       94.042904322285906       10.389918758271074
       32.674749921498865       10.064811847263540      -47.985714531366156       88.767259977489942       -6.378313667927418
       41.943393439248375       -5.358712458212403      -71.700114043031192       82.275307325569756       -5.754010540160920
       42.414641031244670      -12.493476392357598      -51.644953686895178       78.969556780926325       -2.608419387747272
       38.097511261445717       -4.593678291807619      -64.411463463441450       81.052002239898073       11.183243769266632
       36.645431680099264       -2.131262753768306      -33.838596682709294      100.965999627064747        1.195774262863147
       55.968519743411221        5.212174804866901      -45.373719611058220       70.688197463442762      -11.880935130950361
       69.519111676972969      -11.106377553196355      -24.221762100189071       44.768811012499718        0.746923962983203
       85.542619388466576      -19.011599008937797      -41.433208757624520       74.077846775813114       11.721876060721414
       67.353228433311571      -16.601531157772470      -44.686268921860609       61.979896635282117        5.046523515063091
       53.136219570311638      -31.152635339212935      -51.829920753721197       44.509368738066492      -14.007034636384486
       62.559255031502069      -42.788030505913596      -18.123327447895122       40.224938972055426        3.427017294015288
       65.387807568265785      -47.404544513574969      -11.662144467785849       22.153794444425269        2.041698560718266
       80.596771290128387      -46.492164710853146      -45.473469514910803       -0.235794039567569        5.189132169496599
       51.875784589222761      -65.688026374662144      -32.618194229998821       13.234021622960624       -6.723877821524900
       90.179094779666812      -78.944832988759515       11.277319244121923      -10.037922361148336        7.125022555023425
       62.887355528378400      -85.319673498590220        0.118886773195703        0.446722867007724       -9.860193654376170
       83.264096157470775      -62.765322700015140       11.854234594128133      -18.444283369502660        0.493591915584081
       40.985176858464442      -66.855847078491053       -5.490799685314045        0.495074816140274        0.562995643068226
       64.224202760388678      -62.922417497634022       -9.781154731858562      -24.137039894603031        3.998740833723331
       76.972909453576506      -35.426957354132867      -28.277964898398015       -4.783598099453259        1.780363614935863
       64.016099729065772      -40.327963957054962      -24.023509762732150        5.884833317455286        5.639103408794725
       85.233990595808820      -14.909618509393329      -32.211414935230202        5.002367998684758      -10.569999690161744
       86.271904646173681       -5.840526620138705      -36.526318063395763        2.781413688181287       -0.604686890056330
       92.446083857518744       -5.411643018311178      -54.230143102245897        2.291163580701789        4.024555688425544
       84.506903066201133      -10.260091165053380      -30.405936554787623      -25.757963869914093       -9.288254829400552
       85.517905478440269       31.946905525641537      -46.374706170262385       -7.159793122771613        9.272095646029499
       59.787708439208437       40.091094767941762      -47.220810007719628      -11.445733514671401       -2.274521014462811
       60.112233728995875       35.336601514227596      -69.391676719728821       28.790922717657690        3.443899298866774
       49.664238565600392       34.810977065644103      -63.417927514856501       13.910817759644114        5.878532988531840
       45.630075616381447       10.766751998427861      -59.854381777128154       13.969617320913978      -11.952473866221840
       50.672306537583836       39.033792193466439      -64.782529384406828       36.624351453662982        5.607041149189633
       53.202790928305383       18.873861942127487      -51.345119061497378       41.775635979754597        6.919978365821208
       47.248254283416529        5.287869829731239      -30.695773004015184       43.397554044021255      -19.168930546423955
       48.376847649202283       -8.225748956352797      -35.423069680926879       -3.181222456349535        6.610758094488388
       23.612182391786622        9.879189553049931       15.095130579502978        3.339152897185493        6.040985683291307
       51.177836739377859       -2.944779983550669      -18.339404799304877       -3.803713152477057        2.876416437047110
       16.613186859950108       -1.653492587390625      -22.969112824040717       23.777759190581779       -2.644908201386598
       31.318496495216642       28.164334422105448      -40.518678653317622       23.001145170389737       -1.615591405733275
       23.468517373336983       34.795128586549993      -12.937216651161522       26.682119592221213        5.637718204135098
       17.469525454775205       30.660687284726670      -45.172022188171489       18.253671449019219      -11.762232328499630
        7.776806967218015       22.200246187156253      -42.746749243961510       48.962055965222980        6.539614503253021
       34.362289778005554       39.672393119587710      -41.494072037678222       40.233715197065550       -4.003334343535798
       34.903019587106463       18.829795976025192      -46.985883595101129       39.624052321026412       14.084047098460731
       54.589084578652972       19.803300921732102      -45.703529068421297       38.045469606789688      -12.074488651659605
       37.047776290373839       10.503110426275637      -36.698714801065151       55.387936399723010        3.799314644465289
       70.171839567990659       14.686684650868054      -11.835366068093554       12.377999212536444       -6.721686243123664
       48.298267846283942       18.077915519013843      -21.690874646224081       26.871673046590828        8.662204507773348
       46.780524033075764       17.615338543343857      -18.974056526075920       16.048131900496521       -7.959075916882041
       74.956665395239739       24.737306735213849      -27.313941979221799       22.599400238432885        0.879960603834671
       83.670737774010703       24.592515884711101      -41.761311651477072        3.687452529857301       -4.296956796930200
       86.197790928490349       41.614638469566799      -54.083390817185013      -12.798267136493267       10.032425135103489
       94.295323900333273       16.869780005461909      -61.044842751999816        3.040835100959809       -4.075198859738447
       81.217815647073650        0.827592156063799      -39.988713239506787       24.881264446030521       -1.038474450856193
       58.799421960364270        5.454890894901500      -29.749272191465241       17.734432738853066       -4.260108276889025
       43.941488083360674        2.983103449518976      -28.804336977744271       27.108499691162077        8.075484948228747
       52.359006808641894      -16.654142793018192        3.028473661079568       20.500704261675814       -9.122797919092934
       82.838266358718968       -9.417350907207878       10.729492465379701       11.432847116024931        5.741020789846436
       74.705237420895628        0.904499406783843      -14.070248584821050       27.470437050783357       -1.099914651079966
       55.696184512749149       -6.623340258737880       15.095615324832490       18.358755446442803        3.671285945358267
       53.333609660992273      -19.073478178563501       -3.677827347615765        6.743184757592714       -7.860514189421429
       39.677423262784743      -25.176517451548968      -10.771230048921861       34.689017741158985      -12.648486813513465
       60.846832457731971      -31.279368034399102      -13.998833238668370        7.934356912476579       22.687199524579434
       72.410927811903818       -9.836573376344342      -22.990721880145109       25.107087800187220       -1.669694260190017
       76.203412609492418      -17.411052386858692      -16.865238014419116      -10.937011671640510       -1.618130143007112
       92.992568013859398        2.985214895568434      -10.431499080362068      -43.092517799699969       -3.806717425898449
       88.042381375471876       -3.298383796534627       -9.026850019583584      -34.657321896907845        2.716270966838852
       74.224354749359136       17.362990863846573       -5.213811298991684      -22.796570497293924       -2.021216916375979
       68.114941539307623       11.786398327909314       -4.585168617235055      -33.602181347296970       -2.004214258199106
       52.253691412165971       16.133457084004167      -32.919647164091721      -52.545027761083219       -4.965086557226544
       73.590279921014755       21.249858963507393      -12.689270540382331      -46.950445768386366       -0.136297096454529
       79.519771540716334       24.471940339137124      -10.970086297791978      -42.749212815125738        4.770675062750305
       86.167035668611817       35.394632592370201      -20.662335848259076      -54.654129326972210       11.079620418141335
       74.786196434914373       21.995858056662513       -8.403059924027854      -47.105254868511317       -6.916930766080288
       46.911177655429931       31.151983381326453      -33.819400537115733      -64.174508439679826       -5.296457492712873
       37.556627810865756       40.833921529086581      -22.170545299989172      -78.306034598741476        2.736982495783677
       54.993718035378620       28.578168210320943        7.978373550246481      -66.696823727138181        6.688924106014118
       63.059894864598554       26.364815750002169        5.852993088629189      -69.496836523077235       -9.469041508771859
       29.949210213242608       23.861161722811818       -0.843715848733471      -72.173340548122653       11.989556876739426
       23.588486994291163       26.769834219110024      -24.277390190650330      -39.382323146716210        0.283913639642402
       40.224096602087805       19.065458654072991       13.441970441688730      -45.720095363578999      -16.752873849391936
       19.457441815096637        2.662915136145763      -14.565613515166609      -34.195024584465592       10.570243713690097
       23.791314134948223       20.006037592125843      -13.099416948939702      -53.850900180888708       -3.041987458774059
       15.646037142545138       -7.970680780424598       -3.215237317349862      -23.755701104152731        6.222368362807416
        6.058539955037236       16.059326711892897      -17.024781802269843      -38.205790478587289       -9.037611489462694
        7.969702175784255        9.545477238815831      -16.079424241476701      -27.248801031446433        8.018646700839833
       16.978976962817804       30.173398526822815      -26.738980547551758      -34.959482795521041      -11.153573971209250
       19.175865710765738       12.617142100815848       -9.977455336736725        9.752323168966585        3.837143138393089
       44.843516591198110       20.649112031721959      -21.337530017366767       -4.408094951073924       16.632251961920915
       13.876565576734693       33.363563756166414      -37.215085904880112      -18.258215239727395       -6.916201719256470
       35.152889577500751       43.036042997048540       -1.436124094553596      -12.746436651642775      -13.796916141737896
       22.104259131815088       27.575375390259833      -14.876988048088696      -21.500745279209529       12.115727416130378
       17.570788250784254       22.242035306436836      -39.517242582319717      -46.296314825713218      -11.934874070487732
        9.116843247452037       28.981834759807793      -20.726132759573265      -40.070796325117108        2.943357369484687
       20.001639142535339       48.613479487206597      -12.434649565874436      -42.243337071940630        5.165048882918309
        5.815095749864440       51.461704509807369      -26.761833188893164      -24.715328782329376       14.364407540868701
        1.041213335713924       30.709583617413792      -56.842126335707192      -14.780438071458033      -19.350269393205011
      -22.471524174640670       25.784336712570511      -57.443243954049493      -14.538725642187652        2.722655221092691
       -8.560422840141346       49.677693954821365      -47.761859564083970      -28.724449976653403        1.641805770106304
      -14.824940361148274       31.418253745948842      -63.819866415031427      -12.612691047667802        5.885580632963038
       16.145026608607616       36.393628942845957      -78.487394015423646       -4.743040532978493       -3.680066208824146
      -14.903494098438859       32.494609009280310      -45.321767145185397        1.445604294341294        1.608763980429829
        4.228611085698162       43.672837907475603      -67.360084640959045      -37.336698650802468        4.774052818754867
       10.278064753588890       51.590845717312170      -66.699491230075623        3.007719072896508        1.028469000625025
       28.987766216664792       43.361370718258243      -62.247310316948564       -8.610167145358297       -9.446939952895809
       11.369383831103159       47.263738172322824      -76.598634341128701       -3.596835021427458        8.143615900204793
       11.927516694554589       59.124166421482208     -121.318596246063279        8.345855939489356       -9.819060769871314
       18.991202216204456       42.736333497880210      -96.699699627426057       39.548902209168190        0.409121376259463
        0.884484437967957       65.521229560624349     -112.032775081711392       43.422220102103751        7.472655803745385
       36.716246439351700       56.144605883003130     -122.372332002523194       30.433511652326256       -7.288973517047788
       18.164934953003019       37.867904067047462     -104.067237944166664       47.028044734106466       -7.984590021326584
       20.901468573678748       40.249079978491892      -99.672562949244949       19.454800577880540       22.623314589026148
       -9.747282526261802       33.644960918963122      -74.332102096349431       23.287514339314924      -19.219359102278069
       -6.001579409906418       36.724818556982960     -105.633209170536276       40.828033524651914        4.222543446568153
        0.596437484306007       23.647102646503829     -110.181053071064909       33.610140072159659       -7.859446373970705
       -4.985771770436483       28.883148030946685      -84.552187713964059       59.786890723823298        2.660354712144769
       12.797639434902143       41.401038860020158      -93.916113696672852       81.590925843681319        5.805787084641140
       -0.757704147400908       44.453709246724358      -51.597306725181959       73.411376379560906        0.875921760173828
       31.483683377989561       15.806275516860451      -49.309118266725683       73.659992202093690        3.889383529320269
       -0.760106424656427       50.057320831593422      -53.741369503339243       76.173969537098671       -1.205164754673091
        0.257482761367910       51.626716673350195      -70.759199617271463       54.617051079732818       -6.125874091835139
        6.956773456795408       44.541956363481717      -49.715929014115233       45.140167902582199        3.549085513613929
      -11.647495236339536       39.811967460973882      -53.592396522188800       53.519086400116379       -2.674004005924993
        4.607186896850430       11.798660068766006      -31.247329340158672       42.150723881496219       -0.838299545899180
      -34.068605377204825       23.597679743668028      -53.022477442171294       14.623963797630628       -5.697205514815193
      -19.441962789185343       31.253449768637342      -19.706009282924484       19.724284077659213       15.995860170053444
      -35.298528446417713       36.300939013858901      -19.395198053161675       37.330418610142793      -16.483124078491386
      -54.992010270195408       23.769372270260039       -2.847334871266889       25.571038183293179        8.598422492724513
      -27.986087734761902       22.355054239603007       -2.519488312162034       30.251237782475418        3.590112804923096
      -10.625675293364006       17.318887069851847       13.835479907988011       46.071796343430620        0.789155455800915
      -40.036120051915667       12.173182178827163       -2.175222922011360       19.914984309374503       12.667260133268146
      -52.377391627922364       13.212656673220506       13.898861047950122       -3.867409633436113      -14.179504644717703
      -54.956866088614518        9.913772181978846       -2.233828585397398       10.989875920374816       -7.849582131084468
      -64.273738399448007        0.727678638921128       -0.962706656662403       30.629753429740841        2.449493141653241
      -70.800288005581976      -11.746281835504282        6.274275332873400       24.896591668819820        8.043372633736992
      -67.220529462525974        7.128058106877627       13.934036423324095       26.952143438380304       -8.670315809064427
      -59.146856202664537        9.142537276341912       57.515139762244488       -5.054504007473286        1.806594251257528
      -50.043029429441020        7.049351898373817       17.263196483467869        6.022828901002281       -0.047552021192152
      -19.962546294623984       11.192261555897927       28.128781110318513        5.369350713412692       -2.620099054076674
      -29.907016898022668       10.007036694602029       23.842521276980182        3.537336815132817       13.607623732474250
      -28.024772534469591        9.119817009076822        7.698460026030366        4.090824942301333      -14.102925339805966
      -21.790827809188670      -14.487018762023929       13.615467827179060       -0.774752013773084       -6.391343990526928
      -29.696196316360261       15.173988787311208       42.121311226240351        3.002050599909648       11.637274294377045
      -47.370139611730970        6.534183931956482       31.137007808230479      -13.221754023356143       -6.774214699572206
      -39.319921517132293       -3.811864726506759       27.666699669808214       -9.049776614851453       12.468509955804940
      -63.467644585874858       22.196078461955672       41.236908622453065       17.778636663922939       -6.453239335253195
      -43.783516826543774       61.834929394036550       15.174403735021452       30.275097949927019        1.914452203444276
      -48.182952478512881       50.504601951367015       19.537660344490554       25.052898785333749       -1.963196232450092
      -44.858463882788911       71.166485771674033       43.289828785623023       28.071284443004796       -0.095137713401341
      -58.371996176882405       59.239070312310517       42.309318635064052       11.435002482114797       -3.597796327082921
      -18.343812966271827       32.330744318951268       28.829393962471570       -0.415693412866278        2.828551465019396
      -16.658258722864847       16.917382673131272       23.552121838170205       26.185986611015426      -11.576693142442892
      -26.091570626368956       29.950165839495995       24.912223032713502       32.542102497047765       11.397331837589718
      -23.488928576667760        8.380199632866246       23.628750062505542       29.119327512764055        4.407484797006323
       -3.393558794688095       -2.719688884447029        5.735346094383549       28.454735555124092       -1.568737881666886
        3.013621668401613       -7.477289499400852      -12.908686508243393       14.887497945123307      -10.907826837696954
        1.203514428984388      -30.283345048922794        3.344644000366858       45.085916458795843        3.692638314403619
       30.577965481261376      -21.064978797044827      -24.637131561816009       42.665572305560410       -1.771360423940920
       14.860007985129892      -54.850850014543418      -25.857076173181117       38.147189343710615        6.171085846375075
       15.366640253522029      -67.429517664766792      -32.593757424431928       34.333422196876683        3.619941202072043
       23.264849849258489      -57.823054261718255      -24.737819644024714       46.653468271548711        5.440443625706468
       -9.080582074958633      -43.590018914845395      -26.218882612304672       42.901709313762566       -3.832704682019306
       -2.948611974379518      -50.588389495411214      -20.114293688458133       48.285434164405295        8.471110848073510
      -14.965694838016994      -30.919072050978659      -24.179016628485453       26.250399836525691       -0.054798174000613
        6.077214147069998      -38.762093475623686      -26.307277690230688       34.194040012413929      -11.291324246515483
       -7.719896737179982       -3.323963746860336      -52.206942106880220       43.801588386517849        7.770387707202707
       -4.851892481027342      -13.285414504439531      -51.728973551414164       28.097495229592447       -1.682585148972270
        3.587918635374923       -2.211438186728781      -63.916110342282302       39.383807202014509       -0.009656812076195
      -10.334257402542439      -23.915804072287383      -27.391151650719667       34.118913926127973      -11.521792062526409
      -48.090306407165990       -7.839617951540013      -41.609358238311238       41.261112942728417        9.753519389003705
      -33.520696803076731      -12.057224600290507        1.310207527620990       27.932288704853669       -3.343737764359642
      -43.111236656671252        7.458991393126069      -15.221910363929448       20.860536820849092      -12.233071670883714
      -22.677705105580287       26.913291068860762        4.083815877287723       11.097948870260335        9.767587592202590
      -67.278411441111970       26.061232023751476       -9.043742968800693       12.268938036785721       12.471587982499878
      -47.564423243969614       19.395018438190359      -25.092004946715637        2.933050868413183      -12.403130181835934
      -22.958656651010077      -25.122506852559038       18.596551224493201        4.382634892954625       10.343109526001143
      -44.596465455062003      -22.118671864876042        4.279545143681915        1.140497320546081        0.131674831402752
      -38.080126431746258        7.084794587473569       40.072733435101597       11.933687329218220      -15.508053637099204
      -28.420616568771607        9.027124375574154       33.895767098259725       14.154761020036686        9.395724162206704
        0.371506714484823       30.752120402418843       29.591781038750788       27.715853048581515      -10.712179404022169
      -11.150322753430576       31.032322471316192       51.392326058078396       34.137300693644470       -2.543551280928124
      -20.986502306839270       34.570532831181431       37.201795799798546       25.654454731767345       17.727686344282169
       17.028358167460034        4.830715827017507       64.686848732210208        8.960019209346319        3.967331003827335
        8.316868920184787       31.977742789586198       42.363846497916249       24.519816198443635       -7.231145383465864
      -18.757960174351552       42.047970725570515       30.126477145874240       25.456832582799397       -9.215266115292771
      -11.996126039166464       18.248510584559931       16.584739136055749       20.125146723697281        6.453372677910100
      -21.751084267822257       26.911616903500345       26.637463525545659      -30.971781121332139        3.177157792396270
      -30.949718918609737       44.969995335099867       16.828603221895488      -17.293499687958800       -4.643265619406868
      -37.066638600010428       46.590643052445252        0.174588621737487      -29.459269235815007       -9.750386244195903
      -30.138161850442845       62.876494231526024       23.132570918130199      -16.528782938882241        9.587573767193456
      -48.766288545316179       42.365200962053009        5.892455707283498      -15.547098201799264        2.097928492607558
      -60.954095096949210       43.113316177159177       18.668921994878886      -35.414776656373483       -3.324332426230355
      -53.533828250441900       21.585306181066631        3.812084963374590      -20.648238312015931       13.359974469923035
      -40.483044272466856        3.996965248942256       -1.738171983153336      -34.088926645630593       -3.498666031888714
      -51.467276606669714      -29.346238627547500      -28.383319984554035      -25.940752431140371       -3.001424539381734
       -8.322797241592543      -30.460410288381425      -57.618592905034774       -7.740994216358716        6.611265356988329
       -6.661131985612666       -1.091630554430333      -53.671578291674294      -29.352637350317501       -6.912361419476728
      -18.552354115239453       -4.862612301553819      -67.801643233414183      -38.569034257742359       -7.512536021179969
      -30.892667301987707        3.956486526017023      -63.469620728033497      -33.805918028512060        6.985483247379543
      -21.014587114925327       17.730678339791744      -85.826026239246559       -3.152292909336280       -1.680424892035923
      -35.262840515582631        7.876343663013234      -77.311192568644330       -4.146245598612899        3.481904246897118
      -40.335875631185353       -0.650047198654825      -94.460220957774723       -4.380270692392639       -1.471206385526015
      -35.665052482322082        3.519564575036255      -83.756589767634495      -13.120492415570343      -17.667353158645000
      -62.659123828776110        4.670835736237382      -51.293400985058909      -18.794911673988860       10.705528390774978
      -34.484883339449560        5.729361862651392      -62.118568327165939      -44.882998695280783      -11.758634425383729
      -59.257334997422376       -7.054322161348755      -77.991789331081421      -34.131979510993474       17.962041926082090
      -25.877153262705342      -11.751900446325974      -57.873810820839921      -11.139576383627315       -2.086393845489168
      -12.841558905959150        0.064542918457402      -51.062866044293393      -11.338006986690852       -0.947810030328012
        9.516207927170456       -7.827637220301447      -60.135587978868443       23.913998562789736        4.777422225217811
        7.751932608566828       -2.384234084596788      -61.888411441179869        2.260968865792854       -5.657975270287040
        7.962317558626453      -15.372567888386881      -40.641645230113916        0.798742443838481      -10.798580975218254
       -8.029714488114010       10.116560002084080      -43.814277900092208      -11.289119788047289        2.515592710915814
       -8.339880311393149       -0.555755580647435      -17.580631208588752       -7.562921631789942        9.248688449889739
       -1.469190083103437        1.231513510313717      -13.099395184176830        1.924442084346751       -3.554690626599275
       -4.805841264879209       21.201706471820440      -21.651145108507315       23.871759960885100        2.948329513123373
      -38.641579305412257       18.144142638230779       -9.832740111512651       -5.697622640560909       -2.484902237935502
        6.320517593358367       21.764869333101444      -25.701314294196781      -19.093533621808657       -1.159750208271044
      -24.105159851147047        1.034970113755592      -31.978128966237275      -22.859196625733066       -9.084741762336440
      -24.188975359663946       11.556259600168186      -55.281275583936704      -33.087153063116780        5.179042173678882
      -24.344333482063760       47.549421671776841      -63.479469369220048      -22.699819980012460        7.236806718710344
       -1.242739212883509       21.627997012510779      -80.649955641243608      -14.046372233094289      -14.775142593773303
      -32.412545322598291       27.122566337730586      -91.634483013927650      -33.949866283589444        9.195049137611861
      -15.100383376461352       13.089375722354257      -97.211651713767012      -41.415569693717607        6.731536892547259
      -23.270704097145725       10.177404472348137      -67.116679723985087      -41.495361592610585       -6.318388956997741
      -20.623942567264429       33.475913777554887      -58.605417375286386      -37.303598478490983       -0.008292900573405
      -21.222631290161775        9.251987308205887      -72.830950031774321      -11.755585883722809       -2.535220650567716
      -26.396550401794507       27.439231834396406      -98.501689140615554        4.107871042227356        6.782234439790587
      -30.900714938820947       21.786257205368283      -78.470807626706957        3.659466111740281      -10.828289568600297
      -27.113656538660337       20.435247210568807      -55.777021029294190       22.995047323095207       13.757498100876346
      -19.042939631842952       21.078005078324878      -74.624629338852742        5.179986659257188        2.630084407705457
      -35.304835952456180       73.845938164405425      -47.885175735353748       -7.108626409187546       -6.801688332033952
       -4.410046694005255       48.315248475294858      -49.293508946227156      -25.061305584515729       -3.250046558682118
      -26.946216047348845       51.759079374243491      -90.758004663548263      -15.406323705010850       16.878776070506692
       -4.253111138024900       42.519249471689641      -39.450476377214450       -5.665381253985601      -17.997366263770679
       -9.125088027152209       69.487715022004224      -68.983587883103453      -10.837452622012984        7.492305402871074
      -28.453287841678513       60.823446238361342      -22.391002810295873      -22.933842652304303        1.740209581503451
      -20.253741443962607       56.886332030867933      -23.644406301129372      -23.634335236789916      -16.438876724846462
      -12.914333688334795       65.754455398111247      -16.988787332475990      -31.486803361444309        8.954869425638952
      -10.776401750754237       80.359450267362618       -1.221117196865207      -19.811256220278981        6.918873568217529
       -9.711095112079137       74.794441483319517        1.310580650198042      -22.807647412864636       -6.937618355853124
      -16.608679003839544       43.406708709324676        0.430287051898517      -24.832965382904163       -2.813367633852943
      -19.383637000109474       39.228615514566393        1.592756242347472      -36.415938249556078       10.127236889664850
      -28.764235240963941       40.991722808660015      -17.300357343354676      -34.598668050652130       -3.682103040176536
      -22.928184187201659       40.802017954783153       -9.125055945600355      -25.441049860782975       -1.713705626554500
       22.726966096162748       37.139129892149349      -17.018581250495213      -47.116315175934538        3.860543293537923
        0.636438982886849       45.139895868787519      -34.847150358829431      -27.073636206492026      -11.967658823486708
       -9.432783068250334       38.729094075745884      -33.713406421318076      -51.666536806818293        6.603826707071929
      -27.744925185142929       55.530132237336929      -38.887312435756876      -32.232836258804738       10.377383134482066
       -2.587390283182183       66.170262474209821      -61.001590817866095      -32.642140129422089       -6.905258337805066
       -7.069566969677671       51.906070883564794      -39.387699425888506       -7.738519488867021       -1.471651617733839
      -26.756458169707461       56.079053116499047      -46.489356805667157      -17.964199736885952       -7.831110884703807
      -41.444337469034387       46.173864995831579      -54.494946341493801       12.406514665674274       12.897285297268338
      -32.449346550800271       39.088448469151459      -48.764471953804204       -1.683558186337734       -1.432952690981534
      -24.688506099758072       55.741916025480101      -19.590009105729553       -4.698913644850268       -6.871158882559968
      -32.373951582002249       42.733634895442258      -11.466631853456503       13.893827118668739       10.871226432798847
      -34.555130040231425       42.449144935707075      -16.975586353853018       35.957647571513029        3.648371742884413
      -41.782543631245339       39.755773518269152      -42.022924070646035       12.392666859174920       -8.925098355621378
      -57.469480420255074       32.250627152918348       -7.038931876914846       12.220086637548910      -17.901857802039633
      -66.280717774299347       43.759201892007049      -17.345662773232679       12.623477019033835       29.898313796566210
      -61.775764440818030       64.523903859752124      -11.192029107437282       12.533385966846881       -0.166913585882059
      -43.071348291756543       51.148649019792487      -10.895407506002517        3.853819505328353      -17.176803726446281
      -22.245423529945267       50.025804924376715      -14.791488972007908       18.997212381884729        4.544497867226114
      -15.279528132632791       42.525472776919798        7.101186079438412       23.595544736527454      -20.499392831927917
      -20.165244887304858       38.816773900770173        5.047612331582141       43.939026926223796       20.421081238129730
      -38.787712846340810       57.801576863677539       43.206301189731171       22.594235159684157       -5.347834097933661
      -31.952565575517653       55.673351663603206       20.853517738482605       17.791304475494218        1.582031950959403
      -12.194307952494997       34.333007766106604       36.274589558740587       16.901347354218288       -0.783087541834302
       13.482947235199445       47.967513408154431       21.743507912179119       26.792129041162866       -1.875935565234363
       43.624726631901332       40.391128938503677        7.506858559552229       11.383489157101673        6.940159470784169
       35.283330843507834       32.583510776908291       12.766613772650169      -12.457571200028495        7.571221493652200
       50.846388250721979        8.973089821184290       13.714776415231499        3.528633195696965       -5.620562939085878
       29.411257416230004        8.273315742635411       15.071730537169653      -26.933746546196978       -6.066706396586653
       38.039754988312019        3.934311027222898       20.637220563329475      -28.208089321450746        2.985004932113772
       20.024621346536964       25.529782796784236       14.909504609741068      -40.497142990424358       -3.549442379284399
      -26.941966747695609       28.830104791571134        9.584700489974797      -10.874500292473503       -5.552144673436568
       -5.404385779898366        9.090995430025561      -18.973215959822252      -10.748728017500877       12.971378218632651
       -8.989578740500491       19.910135473713254      -27.263647597691268       26.981893339938928        9.151361653455787
       -7.226371249240064       30.940150178234521      -18.992040171381792       -8.904196318724079       -9.644073175950462
       -7.856188950926404        3.755656518472946      -38.665938566072377        3.895708509690347       -2.468008445526208
        2.623745310068728       -6.314348886002715      -42.036831037234300      -17.527522048743474       -1.812583371684302
        4.096505497475305      -11.561234701397684      -64.008857891524116      -14.147082643747483       -2.148190288440663
        1.782553784055127        9.905063137023234      -56.090432252177308      -14.455302698000416        8.111623546435952
      -16.583885930309410      -34.068368009068628      -43.222860318952115        4.266258096657007      -11.247054758760903
        2.006031286294693      -24.789518749688579      -42.930673301896022      -30.203960891932624        8.370900665961527
       -6.255805093999579      -48.499507417493476      -70.445395534645627      -13.310441209764086       -2.479701925516197
       17.844850420304610      -63.433215573841238      -60.899858829008828      -20.993363123012841        0.207641730642784
       -1.748766253064654      -55.704377384246229      -31.126782412988746      -37.175398540491734        2.059664387241877
       39.659881897426935      -33.403066679937616      -38.346874235116523      -28.896825095064671        3.428278899398137
       10.085051154662152      -22.129215449415462      -19.848413267897040      -34.392597749653945       -4.186755663161743
       24.902937058608373      -26.752523340874195      -19.815159906038982      -34.474583784262983        1.332708763118273
        2.729561914657316       -9.487183817798979      -27.897794993135690       -5.648110375306402        0.953721013335891
       -0.634652713481144       16.233804554540264      -44.721058334049197      -14.923455550668557       -6.649763011131983
       12.717906858998932       -1.844982960297229      -44.147630055719716      -21.889945094580003       -2.839626555771150
       16.770886669456171       -5.399568061208679      -42.562234684415309      -35.850116345783235        9.833311704293246
       -3.673020920963392      -15.009166326027898      -41.080614195026406      -27.895605556543131       -3.761530339026638
        2.644821828791627      -24.201859439765002      -58.937687549353619      -27.587739636077632       11.022792525619829
       -4.648138074495488      -20.771581906602584      -60.707471128587734      -20.331159185637095      -15.206507764512734
      -26.713357086416295      -27.846980237794739      -53.247043877741206      -24.026950385103632       -0.243674740413066
      -18.798858720956147      -15.094334391974016      -63.661335502759599       -2.711995631857517        2.826827373630185
      -46.852597917745044      -23.900973591620303      -44.507138926680874      -17.496036805632020       -3.762439665125077
      -65.063792401343846        1.647186426504928      -79.731930692429785       -2.645967009273983       -4.688618711231437
      -63.624684495388131       -4.076644643583941      -86.324036786074529      -14.709467429141885       10.257947225553053
      -44.344540881427626      -16.333442584571902      -58.864474754100421       -2.251156732017803       -1.494127318002937
      -48.380077826479102      -42.492674901581069      -60.909849258254582        1.565967614145880       11.127928585853279
      -34.298802514123309      -31.725442553996011      -54.006209437167392       31.170074705299751       -1.787092941271278
       -8.716547644929175      -49.970781715856916      -85.612265850148844       45.329806682492539       -7.880827059899877
      -32.309585199730186      -29.428915142336571      -51.557701978760761       43.117332919636162        3.455662146976421
      -44.040817621115309      -21.927139814177195      -65.662421983329324       37.146645048903274       -5.326613235488535
      -56.807554933118325      -11.662462084355758      -46.298583501161175       43.761483878811106        5.420133031109712
      -36.850212851843338      -36.683175973607888      -21.485773865516304       38.692201756442714        0.712782328309083
      -53.335112318378080      -12.529188084725950      -23.358602644461069       63.208542840051017       13.542069075689087
      -13.895930490678086      -22.540499100539503      -30.070078924799333       45.432263919096279      -10.446189722488867
      -25.811744140949830      -14.023307649669155      -29.938049632275373       48.764676625342744      -10.617243877527617
       18.958877078962374       -8.808164189751380      -22.852330937640019       40.559581795933674        2.991413807914512
       40.506514248875085      -33.143744479462349      -21.778448548336613       20.636158695232012        9.902783265106017
       27.686054617284356      -53.286497406322518       -6.713945465747541       16.788253714603922      -12.436405254303201
       25.833238462335153      -27.353409172832404       -2.642486197193954       11.524974041615408        0.441323252637111
       11.371414151562314      -43.990286961364681      -19.745935759705464        2.817412452781016       -1.473742658100789
       25.947812908742002      -38.401926640727915      -13.796158558013339      -18.066479144276084        3.152533470505457
       37.055855645367032      -44.999495401438352      -31.317420288225627      -16.900397166519831        3.273428903509518
       20.188123969695482      -45.098111764447864      -13.347646032517041      -18.025552910279036       13.845159382910094
       34.715256912649174      -46.230956832802541      -28.471222316033401       -8.646228483826306       -0.849161415378495
      -10.219188028078339      -31.293408836111507        0.412940045936091       -9.457521901664590      -12.807708464807678
       13.500437199194794        0.499080233363090        7.127813869760124      -44.199063072192438        6.517679457905513
       10.454455695562837      -22.933890232951324        1.141810655486712      -33.978278314204914      -14.803244832356155
       28.131821381701513      -32.019305436232521      -12.338177273554761       -7.403651104753066       -3.208453074562100
       -3.631838128718893      -40.056318708588428       13.740960236768045       -0.930215154633267       -1.938050433384208
       19.131432467735575      -18.020190077065671        7.457532405847481       17.335353964125186        4.397973105925342
       13.143145090288545      -25.385485817195274       -5.481153978417947       33.127580960714504        3.798586505200082
       -2.875000113210170      -14.834671917208086        8.715347932783521        7.094416050477752       -1.287932996815122
       10.282335081358124      -15.327870748370938        9.283149106902025       23.837946181121730       11.028048888991826
       22.329271819227845      -25.767463725995054       20.618424751562003        9.200758564828220        3.085328888106376
       35.466279838286084      -18.458594497981423       -4.971997342817393       14.994680873429077      -13.046797524398427
       26.494150882026535       -7.474985599539913      -15.901573810292460        6.716640154036142        1.031114720968608
       28.855213836295686      -10.970319310722513       -6.982510865979552       25.409060350605415       13.510997723972848
       24.538642727073793      -19.414939191756048      -28.098989764851428       27.322243968304942      -16.195878531149994
       21.104029801304137      -22.403011395506773      -21.065931414764968       19.056310128837517        8.277002217113678
       61.803533589680264      -22.571517538146423      -24.779544485787298        4.959346030889194      -12.926062688055353
       50.216141574149709        3.559863012365540       15.782251172841447       -0.405882784993500       10.297406142446304
       62.510661212831060       11.242578685938518      -15.845870503664143       10.746417834707710        0.749059202554097
       31.242505256750906       -1.958739764497365       22.468001926981163       19.023557407415499       -7.617664125211586
       51.930031130799463       16.204064299450874      -17.116348741798497        5.161164702351245        7.280906697633415
       12.975898287603332       22.710906422518597        9.110997228379709        2.431572732141102        3.946097300279243
        9.195760882607519       17.257719372400423      -35.458193628106244        8.675169089709033      -13.260554013444645
       29.782346899741903       10.458494371253868      -15.634387237323606       -6.197898841249696        5.667283557809668
        8.012291103827597       18.541786839658720      -43.559367983895704       13.723574209540416        8.323974922190315
       -0.013610398090335       13.680945148882152      -57.591254593896331       24.752208254496356      -14.131306448223819
       -4.823914373321172       31.999120705898846      -63.013847135474286       21.959930795974195        9.827216786539829
       -5.620077114421182       -5.895841498958131      -71.242193576947329       42.806106499559839        0.108500906717127
      -14.464476197124018      -15.811051185253303      -64.068854594799205       42.407935620192802      -10.993452084684979
       -7.739144733912547        4.507741058265060      -74.130296637127799       31.859781222515089        2.806099135677035
       37.118975346231615      -16.810440509838713      -65.813525586518921        9.896935281021220       -1.387040762454672
       26.954996072160146      -28.282004351601486      -64.759417012145789       34.006253795228631        5.820942371456312
       31.453582632701814      -25.949755999295959      -96.152629039415643       17.536031000616767      -14.831464353638840
       41.313992185955009      -37.790703639934925      -93.319703468180393        3.062019817820500        9.198247626653126
       46.789689343499610      -49.533249332246214      -85.922665174959477      -35.919693839600733        7.063912384706038
       85.614866460837973      -46.474522922003906      -51.503521012871055      -20.544754318421454        4.192395661598188
       41.648699701082208      -31.469887213532875      -51.310381405998911      -21.631017059330759       -2.479241614954665
       61.631300664676566      -22.767073950300361      -25.655168080741095      -23.393013429718426       -9.744025042779695
       45.586411621306233      -27.689442554083865      -37.297907124212891      -30.143955798637574       27.257474969815522
       83.073039575816338      -34.520599490035309      -16.375367226352953       -8.309477218521662      -18.866745298904736
       58.293905674452297      -23.645635377336202      -13.993991368930708       -7.171732149760677       -4.920982488546888
       26.177083640542055      -42.302878224037457        8.622283540846814      -12.580086795675021        7.168997524492663
       56.721020428022449      -20.561039973566480      -33.066468485159483      -13.661540462745069      -16.892853976763870
       52.076079412223599      -11.609179724767184      -14.828610511842102       -9.863766409311500        0.456212784757422
       72.126531464413716      -17.693190508153890      -16.367370420163471      -17.710740999483029        5.071402684669759
       25.571304648469809        1.627147878527222       16.144226458454778      -20.842382518739260       -5.563044114159838
       12.525966581161343       19.591530083983294       -6.002101340888982       -1.350638705766500        3.931999960848124
       43.074744540722719       18.084447560002499       35.935382599623608      -10.873804130218808        9.141637870173161
       24.443464101202963        9.696198547491607       39.448907799876935      -24.491192168574560        4.095138148047393
       37.034515960334716       10.811801037594922       29.583174147387918      -19.406805674753702       -1.585056244039206
       35.703797399546737       -5.683804852115784       23.178758377327600      -47.319278680645873       13.457149584150681
       40.695130900973354      -11.973592391756364       35.777661995639974      -42.400993951098478      -12.335982847434101
       16.576081672601326       -1.372376768729802       44.792821000877723      -55.183411220152841       -0.265382174085314
       45.871840977398143       -3.121517013626419       30.293101579726823      -48.259618959057718       -7.122731053241938
       38.432100473597160       -5.500883051836963       41.964928547017543      -59.164599268990912        8.222414814388159
       43.336386483202553       -2.894014438875637       38.971746402684190      -45.249462255924264      -14.695861900356892
       42.955318503846058      -12.127595208527767       35.721661462644427      -33.454993303612888       -0.631769848579830
       28.414506732747782       -1.345321266701829       48.249672481571700      -25.154156603139803        0.371055766674104
       33.659103432715106      -32.054964414719372       17.888813298280922      -30.187391912936935       -1.824066726487527
       32.080316744030064      -24.453039275210998       11.560135492334341        1.391036609547973        8.679754103605685
       67.709770075040410      -15.026138432711264       13.329756859170095        4.925508279937179       12.567222098847390
       71.818741946903330      -19.106784698108456        7.580717626980706      -34.299238280801710      -17.997945197279311
       60.111610734654342       -5.596844440568097        1.011810329304529      -15.199833544715000       15.145074213264856
       83.137380192188871        2.081062255434904        7.306344839164645      -41.251937608267099       -2.602205540642472
       52.760227704933101       22.588238805452708       10.836902663150530      -24.654439729801346       -8.105025732206629
       65.210764889747253      -22.317960328459563        6.905820619825501      -45.473007299347621        5.702335781602727
       21.518517345345906       -6.625196682792777       -5.711389044239421      -57.272983387046274      -11.955742843163279
       27.729357313437809       -5.744480915802682        6.304417163687433      -32.418714268033973       10.405303684523249
       45.493421113249582       -6.518312742519601       -3.890258319468768      -21.730696178264186        1.506149425477032
       48.460333851635014       30.146452698280150       17.120917110173529       -0.875958843866336       -9.913608049835268
       53.062050404996960       27.945459737894939       11.464332872174319      -17.248887060361234       18.626627853542598
       31.969647306001502       22.245115678186163       20.557092956390065       -8.583538948470405      -11.940444293803568
       35.852448494967803      -14.450712835799461       28.708314981651974      -30.084245699522082       -0.400698953059343
       26.783921262912123       39.953701045924788        3.304515841680982      -15.696096480102572       -2.217594051993319
       48.985310231749764        5.325408088729304       27.847455002333472       10.375115973721876       -8.466415333197576
       19.346736560028464       13.861299371513146       25.969581862927381      -14.827838923286324        3.275315690617244
       29.801133611093498        9.490639562441558        7.816927183860847      -15.253442679998884       -6.749666387475303
       15.541990552951944       -5.274017897098106       -0.305518438559660      -18.427125392498532       13.931681932259083
       11.243931559834921       12.511500602117556       16.692660634865724      -19.359268622206308      -10.614502958322648
       -3.391289510803752        7.533556648799983        2.826161568767195      -11.015240990777190       13.356980118944032
      -10.598682889652483       21.309332871248181       20.254812502891511       -4.249984708289500        0.228342347502561
      -10.080098981555254        2.340651731736398        7.644809117261201      -34.352046994322770        6.109399864785754
       -1.804838359053144       28.937153269715985       13.354952786008550      -28.214974821535332       -0.770493591744392
      -16.514576167503122       21.996642081792150        5.894822315333641      -43.679780129323049       -6.400080076617819
      -18.185888972199734        4.752183958711612       23.962237843279318      -52.177540149234261       -0.732056077059683
       -3.236157505712475       10.637268896874097       40.350279750477931      -42.643541410420042       -9.483383772366624
       -8.121679372762793       16.515533841430447       29.340275450516806      -31.246453339170163        7.741490602302981
      -27.880240031369357        8.158294013422655        9.568314782077454        1.408649638355109       -3.304627518696293
       -2.585560394727073        2.735109980188535        9.434618781871730       -8.835110931992917       -1.087031858846050
      -25.431538563631076      -13.050572567058177        7.569707356603828      -15.332429778308525       -8.487043482351256
      -48.288064510858717       10.475444070938511       22.547508576967680       -7.094854029592897       18.860864255070830
      -28.165205606975796       21.257864061379983       19.754930844817096      -17.834148053700623       -5.516302738711042
      -12.754070286113052        7.995553888709628       25.706790667915826      -37.450643734610537       10.505114346342397
      -17.052846377617357       11.808058624446172        9.030703688862774      -18.306545872224802       -8.883011121247941
      -25.699276591541615       -3.765807290751603       19.599590416286691      -23.877567327843735      -14.480217290736418
       -8.970936854804179      -16.844290689033546       20.722769721039189      -29.004245674291685       11.704919312929830
      -14.888537748220022       -7.673181000963027       13.029712972541969      -20.528628867627901        4.654762969567562
      -28.234518628618900       -9.561980170211154       27.901432836084638      -27.924475247204988       -3.223204619189419
        1.358549745733318       -4.567586711536829      -10.483731833231412      -25.349201937680590       -2.880166731821121
       -0.867711653890895      -21.228134970405300       19.610187867956935      -28.323731494663139       -8.157442870466694
      -18.054919609534366        4.817695763924172       -7.568075606962598      -26.700183573379753       13.709248466428660
       -4.142768743461674      -12.051331082548305       41.403095428272280      -41.107729409404513       -7.367939885628111
      -14.636963843266562       15.299482534735530       19.406570209473632      -40.083656958245321        4.663996414386272
       25.737085729302997       22.668576976490208       17.415999981183138      -13.394303374593528        6.335138750716625
       -0.843951034019104       26.137125277153494       24.690861932977906       16.058484392104138       -7.102718467578730
        4.038324405686948       21.886043026222673       44.052592819423431       -0.995986655648948       10.123448138472366
       13.234765155421687       22.195811980644855       25.684906406572281       -1.774112291832851       -3.092200035558500
       28.626264115834701       35.185956596321404       -1.598294142412826       -8.390413650881191        0.670325537805758
       27.494405995306771        5.768972215876623      -41.363798225655330       -0.116398285519187      -18.532805980448217
       13.799831575348026        0.961123848394801      -12.243291853596309      -17.215977039274488        9.683005386571987
       28.373467357142072        4.039977333607846      -31.978840976031325        7.321098159812390       -1.579377712344671
        5.891326825063378       26.453829495962388      -46.399692180517391       10.902912094562000        9.999899933271500
        9.022068502383402       19.830426907639303      -19.936210155333317       -5.746485323857748       -8.009756279014255
       -8.404275159114290       27.244925893191187      -11.624234101028241      -23.884123678487729        5.687578058345622
       -5.378203595011776       52.843503126659357       -5.343634352242630      -26.493079022905519       -3.358530545912648
        7.993447337916826       30.504574378311169      -56.586932266537424      -15.152975642928697       -0.033884760347748
        6.578860496378851       32.706724230856047      -25.062631973770383      -24.693194641536117       10.520199027357823
       34.154720877088614       17.329591011551891      -41.071842551037150      -20.717523812594710      -10.009355800899570
       32.041437077399515       23.916847576403271      -41.734060473320987        3.952591425897886        4.702806249216855
        6.790682041281888       41.349962846836881      -12.663715836817147       14.752314388198149        2.332714245293563
        4.257383896692534       42.508426873904675      -43.434004354257112       22.059095269509505       -2.180780188266006
       -4.058434421121807       42.003755599536703      -27.652151341392205       28.268102281580148       -9.463691692200705
       -5.195647495675428       33.552606747059500      -31.731904026762042       11.921912280385735       -1.095382123790371
       -9.960807442767150       71.019537398887934       -6.293354436952722       36.988098246694214       -4.150218951202141
       -8.382237680998568       69.195969021603460        1.798469619600944       21.519926386540956        0.687213316395136
       -7.714171328096128       41.244940541096398        3.539650986611408       23.719595664696417        8.884400258614578
        3.539538410279149       53.653573987713855       34.607717936910269       -6.528186607595811      -12.432246828889463
      -23.426497940617686       53.193691397394367       18.350135566010945      -17.070379041107909        9.787854508821475
      -21.004703402801642       78.573503668256308       46.279835355783440      -18.986816096840911       -1.510058788143833
      -31.379055287374360       91.207721759805196       24.527391870158450      -33.387542960332652        4.806191893380043
      -38.794966348716265      118.515154711553123        9.653555060751144      -36.660438820090818       10.088554906520534
      -21.930689491193235       91.740921097197926       28.884752089721367      -23.063113766361390       -8.047014955747040
      -31.849664442502700       89.444475516602409       33.509954248202078      -11.602151422405536      -10.101944521758975
      -16.905586079493304       86.997459941676325       68.635325699495070      -17.331447916022857        6.903375138526878
      -16.829072551923829       94.494545173436933       72.067152995503989      -50.655094966509544       -5.602826394949521
        6.886978866283309       78.133253606113882       80.363390466755590      -40.086563969148763       -0.595863380748985
       12.670458219782738       74.464839375396238       46.269103645652685      -27.190998054239671       -8.906271065070282
      -10.137234304271033       97.401227060834657       63.711464303888320      -24.070528356375505       12.542609251414818
       -9.011148092222001       84.104685501958528       31.504635815588056      -14.758918088441114       -0.470199066269104
       26.906210397731808      104.644116640820826       29.356103089886830       -7.961911745373285       12.236797899719015
       25.695389987133471       92.225137454265123       46.603644356430543       30.624791357154926       -4.153157366854760
       37.400300303146210       53.898108799080148       28.414960566793070      -10.840479497533366        1.481956957564702
        4.305439651846743       58.344719110110837       33.600416585904703      -15.555222393098273       -9.011083942238677
       31.149542536753025       61.279197692428220       37.904915761686354      -20.577707706816067       -0.380527300837353
       34.596491546467988       49.942590964783875       19.503028997817687      -26.457062098612472        0.902806844810144
       53.248979776997366       30.075169701388379       20.185728859866234      -19.600449048638566       -0.213689128977481
       36.827763292952625       33.292384924936201       43.201058784760050      -28.871516812146201        1.169650646580896
       51.668156834497964       30.837836132609389       19.708087953354180       -5.671306039290313        6.796787156116190
       54.827116914772859       41.970880945660710       35.147015669355788        2.882740395929197      -14.285252080991624
       23.917969589388257       36.037512811683342        3.931603494377773       10.039886795426264       33.628712753628243
       31.126858745457927       13.497701378434936      -10.340481400351566       -6.441980617879124      -22.417572194525455
       19.602097761389619       25.956043995778391      -19.828935712000614      -26.501278505373008        3.730369765034947
       16.851639842282175       -9.506847307600847      -21.484716611577827      -12.549367022545797        1.062885633959090
       24.617886983643274       -2.232733344727697      -27.904509696238346      -27.026205704897031        8.627813681065632
       16.272482270132567        2.184303724145600      -20.975611422988951      -22.815948637191696      -24.759997156659750
       25.329884449548945        5.111739706874273      -35.861182634055730      -15.727885006726581       13.082514203870486
       49.714196861563821        2.539228265540717       -3.545310288064345      -40.620152246640970        3.414904377206085
       41.765971687495217       11.881821453241569      -19.184081788215288      -14.666704278485765      -11.489013615189565
       36.884371316865824       13.158001285395926       -5.428854426906866      -35.429683250208910        2.688512468840428
       28.807304876124803       26.112739955400457        8.131384633409029      -59.780998769870273       -2.418523129997190
       34.246421463837073       52.304842207524104        2.512743772812289      -48.642151712777313       12.797251462528848
       80.442113579966360       68.330560161086112        0.412782812248527      -53.155179829499730      -16.998192889094749
       48.411058750497340       61.040090175512596       23.478579463832226      -48.749442044094941        9.199237120317433
       29.323272857931290       70.610436252857383       13.578092519769456      -38.798382736189865        6.771372183752860
        4.816799066521572       69.064549389882117       23.766347610099110      -29.578079933559472       -7.220084458163372
       28.697299693466366       75.458348238930952       23.175581255451842       -9.561871806746186       -0.347862162909165
       17.900535681038960       91.492764132516584       -6.663157443385906       36.804762130605368       -4.782023350350306
       30.137940908159067       89.313273907382950        6.031992831769238        8.013541079391155        4.374374380288891
       26.270271332131720       71.829864331510350       20.000332859510728       21.360422659276889       -9.917464565951265
       15.103764068255343       66.678162036867576       -1.509351667707637       14.703601964033155        4.334797970029691
       38.798210022349750       68.868652599402026        1.564997335745425       17.437948116311915        2.995150177174642
       17.918043889303441       68.584343870117891        3.837025931776291       19.207768616888462        1.281924319228016
       41.452084677874851       51.464558228425851       15.979061771112313       12.770086202832120       -0.945470726733101
       11.103829434111580       59.014964215280173       13.204750560774981        5.253816737561568       12.250128095016077
        6.960418477923613       41.170842250933148       -4.642647084900975       -0.890976919863996      -12.634677567664573
        4.215187706162530       41.523360775513616       -2.863045826478666        4.122618462553418       -0.809663087652795
       -7.511425285767030       30.719946297820243       16.120974965712517        6.659836436723154       15.361245363291681
        6.776163744137371       23.212518088522462        2.579532256610877       15.684881563595830        5.178681564697568
       27.126619897009864       11.563914772034801        1.210610313209932        4.224260552566169      -23.574437911760448
       -5.986303166252222       19.871296158560714        9.476322472803819        4.063839135998292        9.358130797195891
       19.627982961843877       42.084372551877294       18.021218809467918       27.594358872736656       -2.356247872795013
        3.437689091194091       41.636359064274821       24.689023595186885       29.237595040125111        0.013348373987247
      -19.420579668586196       58.236800778364646       -0.004323837663931       27.348939629852385      -14.872920538281175
       -0.903154543918854       55.976961590501261       12.335717341672073       26.522969572997134       16.610268564137971
      -28.255686253369365       49.150231364975568      -14.175122059972198       12.016022644027270        4.893250527784128
      -16.573711587976465       32.194770540909118      -16.806993479841999       15.497331612524317       -8.853857873205033
      -15.200451290138309       18.228396917111834      -22.881461590774990        9.751732119072537       10.296528919710784
        0.609390804621807       25.437057056879890       12.364678334878043       31.803603160016600      -12.056849499230291
        8.778196602515091       35.710034721030112       23.904207265474710       13.673654078720057       -5.617185837208747
       16.306115537585104       38.043858272630338       19.640330735952251        0.436654214493274       14.876576385937058
       25.832506127927832       27.836264181744529       42.667535184644471       17.885949830720911        2.711075502232139
       26.974335513154145       40.299966474343663       28.430259333765555       -9.152294936711785        0.158013399990169
        9.172313400351218       47.730250409062698        6.392338033193422        1.012332845403969        4.835000060911647
       24.941013706919204       64.941664714428839       -7.944208206711177       -1.466745197966589       -4.541216535816679
        8.301824010799880       77.354014767997015       -2.686734414748271        8.538544790993448        4.642481341048488
       -0.593748071856343       62.852201912321128        0.663028311161407       35.737106522086641      -18.173501204191133
        4.643055608977045       52.161964932742784        3.890859590387147       31.257983897476169        3.469858735828764
       35.547511783829819       43.257505694313139       -0.282667187443543       19.684462970309550        6.098338445719135
       22.732720998586228       44.436270203278148      -16.089648629597772       12.676477432463443      -13.044176732368165
       23.100813111323212       56.964373579402029      -12.611581563596864       36.325584325884016        9.640154980930260
       12.330600477227465       39.083016495077572        1.586575804977217       24.564468625418346       10.975020566840490
       -1.566149357890817       36.874690467375608        7.500173434781987       28.962008159161876      -12.806463373066016
       29.241205072670812       38.825040307651875       29.803234376984161       17.085430314358298        9.963428049899244
       -1.534125217668676       45.411493132061956        1.468819513205261       27.966139220981034       -7.137690106949962
       12.091908085922983       69.988033068463068       36.153241004241977       23.691931858507843       -1.293958999659767
        2.543092389686465       40.702281583395667      -23.509233011093144        4.181675701130290       10.324365780470400
       25.943047011896031       49.693345837966561        8.636492190737597       35.555807476587965      -13.278415820243591
       18.407572346136984       67.004670960997757       -9.236938541624630        6.772679774993815        9.750433989244959
       19.551380975614290       59.801146657724985       -1.256839584376561       22.291061135117925      -12.326340704018207
       19.279075877558995       64.685374149948203       17.971628530308376        8.674985117198403        1.608793607933164
       29.837287777856194       48.998125533123918        4.722555143054644       16.074803319507666       -4.715176501076793
       24.699631038990876       79.993020018411585       23.406214211894639        4.982324602752677       16.383618773467969
       25.948046859692386       72.517271634702340       12.621308526380744       16.878735636726002       -0.959996998961208
       20.309262885128231       61.750759339702412       20.340026338162833        8.735454748185715        7.927139082445376
       39.000663872944401       72.224005018632880       -3.466175180109535        7.819588036951389      -10.218156277944232
       36.612742832649801       68.562346310565800       -2.733964118091225       -0.229251457186823        2.251019685905537
       22.859611568456661       81.739364211053129      -10.841617567593987        2.058344902496918        0.148302473765498
       17.508920069263418       74.906543437063220       29.405164017405436      -26.760931661799596      -22.013897792723149
        5.534361675322554       65.544517566598785      -22.242302512979364       -5.900158067906979       15.135843317261360
        5.110540461416904       54.499586013149731      -28.692551757731643      -16.941978509503681        4.623729881171459
        0.327297578256614       54.850118464635401      -51.961589391136606       17.383633186820084        0.438981272548309
       -5.155168716545444       41.329383909887895      -49.888607754924728       14.802863588595461       -4.296127270654861
       -0.267377835790579       26.854770948031199      -34.783132128066029       42.126916985566325        7.064135628597696
       21.248848990889559       15.532510869064145      -51.617991567967429       47.749446635210148       -2.421099834778471
        1.758277545832307       -0.015179200427484      -22.669440446968579       59.496682651111676       -6.882468726923745
       46.431820057265639      -15.024167007598685      -25.708662550312582       33.264614760159425       10.673918757049197
       53.555635139112468       -8.018709920749632      -17.354937902514397       55.715072796709073      -11.179117700707854
       33.159220134686031       -7.549731563134712      -10.813101095615021       27.408783278936330        6.892676970211442
       57.718714265404742      -21.087685724448995        5.312770430654552       32.536078079647687       -8.012402807081076
       52.947852217860969      -14.220470106745722       -8.711346638584208       26.592348737274818        5.174094032598952
       30.831382830502335       -7.340459413917741      -11.811358357718840       46.585420164011190        8.376283989511272
       67.105072443013256      -28.512611502060732      -12.562417036470718       35.761247243450740       -4.170694038712221
       57.565304594569618      -13.723808979534372      -10.839549682657347       24.277186268253239       -3.190438714006696
       28.752872011633137       -8.409020054514571        9.329069505786617       23.519873909640367      -11.090884284599202
       36.845978002083250        3.403312216237476        2.844474016453981       19.691026997732390        0.788264350646613
       53.614180831757700       16.249663676116693       -4.653480292184452       16.787114570403570       19.790661571478697
       67.368147156929140        6.284112139971302        2.452242628554950       28.772886224922431        1.904065858124804
       29.962061780059020      -14.415926182902679       -3.744034892601192       34.833916444625501      -21.566176868856754
       10.030858636852578        7.423828220843583       -1.006936949774264       32.203558663572714       17.491728030840090
       -0.476637215728468        3.516674510995817      -18.849276645998497       27.014903750256504       -1.677178265771444
       -2.201694991555766        7.884730376694211      -23.574811680361456       23.221807448767340      -15.240141042876848
       -4.251279135916562       27.539678412273549       -6.616730262145889       63.846849979689743       16.146141226686240
       -2.996219960608405        9.485761179519717        4.546838181132403       43.955777074279624        3.725737561603274
       -1.159317433587835       -9.908000739195494       40.304701272304456       24.057917413865237       -1.579228349796957
       -7.694579113814886       22.899904644499639      -11.313653595756616        7.650889358412934        2.184690984376477
      -22.123722311875056       -7.999200256850127      -18.244262238917724       24.400509168778882       -0.283353410489480
      -14.667779046749136       11.841828090483277      -14.789657122674173       31.072317253474601      -17.938617244029636
      -32.450131703065431        5.335785800751847       13.208357573160352       23.368909382595223        1.978139103556543
      -19.170905460917169       10.167708298269575       23.526040965224940        7.458200332170083        0.008260718531274
      -46.270035325983557        7.919489490449856       47.895960429616984        4.191052703799969       -2.518501455380322
      -27.875870564728608       43.229959838628147       58.961636102820073      -10.030709346350672       11.143171206166057
      -36.312047191630363       46.057772274990192       25.898757931011968        3.564632218030875      -12.823206150708186
      -10.783187675817642       38.196672541869873      -20.169289684240990        3.375025969828391       18.798652429312586
      -29.283916419804083       39.758261123426180      -24.687055050303687        3.896848110486521      -17.091918571196850
      -13.961768848659432       16.325846685641498      -28.717597671947122       -0.167571231346343       12.785560752328946
       -0.163443080980594       24.367998948444630      -57.305188014614124       -1.554411126674028        8.801624296498089
       -1.605345361100419       22.054392808990521      -36.804150066314264      -18.660380037148922       -8.196970701558623
      -35.968403366261981       10.551080468915133      -52.653397767078253      -15.232581528630188      -13.831431473764763
      -27.854669763650705        3.670886060897073        0.104354266046942      -33.706902567611756        7.133218486729661
        0.749243805274327        7.386832653999384      -24.160474697195756      -21.880915072701772        7.512898869492964
       30.967687318102307      -12.043903390227602      -29.136838788311263      -43.764712547374167        1.990299640619655
       33.879905870700647       14.910005839305857      -28.912776116135351       12.063299339169234      -13.503477025993664
       60.920010480584843        2.662831298983930       -4.017048590461250      -21.466789322254456       13.888016239240699
       36.721490361687508        4.685179549808243       14.121296101685592      -23.440665224792660       -0.157864707338777
       25.752451074258772      -21.424360124506098       -7.976193098067413      -28.953225375735862       -0.489363768288895
       32.094695036962698      -20.370044508905643        9.732560570829044        3.713156376584980      -16.597791364306676
        9.263063585422641      -28.852255370498280        7.915658064577812      -24.616722827662130       15.039543890666865
       16.407257467705005      -14.275690536351378       22.671966489127669       -7.177869840553114       -0.562709219534456
       16.477571426429900        1.085917487990517        1.216072499880549       -9.077530350118066      -16.017645086411740
       24.833932366189760      -22.421827156818530       33.007474559417076       -8.243936081375004        6.031352025669543
       30.142254004027890       -9.537919304271432       14.615395546519469       15.893080819334250       14.302961416712273
       36.743519418222625      -50.991146739266078       54.251994022044492       22.545580265472726      -12.676144119591177
       23.184893813460295      -28.489098460227545       58.313910671400983       -2.570172633477458       12.155558232703198
       61.844468475444899      -54.333917280105446       58.315718633965894       10.552712339051610        4.120448025131184
       31.536737644137034      -27.759937386345424       46.910328611628266       10.896527387099056      -12.414036474535758
       37.204334348661128       -8.689429458675114       59.341274341995984       20.593554551263068       -4.177211066129812
       18.199812176405739       -8.884428672289589       34.766467568510393       47.601663113931949        1.303653573109750
       62.880690928963595       -5.843871941189086       51.084378962001843       25.899698685548906        0.563299025130131
       40.002835533345397       -9.382438600685115       59.347575408553872       15.067895142268071      -18.384423280873889
       57.428007924400490      -20.069517796403588       36.872086373080542       31.267314200687068       25.195482798136592
       42.085389105275027      -12.066583607763707       52.862645458738072        9.607105743718179       -7.922026826597137
       86.057408202948437       10.719388914236669       52.215898732096079       57.984781719600306      -10.890499131289683
       55.750359447896280       13.330025631667008       95.123934359362494       32.178626937805532       15.760282766358815
       76.696650397462477       -8.732648362358905       59.021464498276124       27.637572914451571        0.359513855132886
       35.034602678504122      -13.629270545039107       89.058549741488250       13.801483594485651        1.660476382238789
       73.798905552068035       -6.859174186153981       50.764924079503245       -5.389113957056691       -2.625530709243082
       72.585122106021473      -34.093447170588270       69.945434964478636      -17.737770156349654        2.926475857776741
       95.048990308217242      -49.883722119212344       29.193616631050155       -5.598364915751151       -7.482946928789191
       94.282070144502256      -41.549520732419118       40.709818166856003        2.013952910065346        5.157145200253987
       80.946142305029070      -56.777030638899795       25.535849357561212       10.831995515430885       -1.179860779646401
      100.176823829614591      -66.052573093118539       20.549536584785681        8.299276017377055       -4.001787659425253
       65.980208866474698      -31.896880107589467       29.818940080730577       17.699115968489536        7.469599548146127
       84.405740075867996      -16.398111729677861       34.742751144035509       16.497836597151554       -1.357477180064193
       89.607242218926814      -20.764118396412865       22.944256531595055       33.801684984720005       -9.873900444657666
       53.786607739523085        3.537392013013051       29.091086910838804        0.348990421609912       13.475984713286772
       89.147649843069090       -7.933572136150930       19.751900590895499       -2.454692411206866      -18.676307418752284
       77.509639144521486       -5.375324756819209       17.658787736967735      -28.069619591415375        0.892991359687172
       85.603907509062296      -39.737722029204967      -14.665425254750470      -10.330443646818507        8.664383377959494
       56.588415321687343      -15.186547624994555       14.310620920363759        6.575715986875740       -4.085719435388449
       71.098423847385362      -29.670826350131449        5.685562119812717       11.873262371342449       -4.291047771788855
       88.267402512733810      -20.839103693121448       16.551216737109744      -12.781586024021410       12.442068487425894
       91.379029114085967      -38.567885800998724      -10.763874357711776        8.533665504556902        8.169528690446947
       98.513373987801501       -2.115090512648473       20.309946460507653      -14.918687637846052      -20.905116430517811
       98.640309132054043       -6.351094396933309        9.469285851867690       -7.022794639592384        9.087888343224103
      100.009299159115017      -10.426361608940967       23.244371966720855      -27.930066202024207       -3.635119039845801
      112.857216204183047      -32.753596754698862        6.374534525866936      -14.486690448671224        1.047855738497648
       98.782170097165164      -14.307536570614420       -1.311470569153095      -15.027302893111377       -1.500711892515652
      113.483549077415319      -25.344945869290900       18.785518076318496      -27.357379545262862        1.953628055847143
       90.891559368718987      -32.016939940192863       15.328288775896933       -6.538861293628341       -0.208131880809431
      111.540593595304699      -41.438303819247494        7.967956521292103        4.966006857373420       17.071445096767832
       89.733345998946660      -40.663105768598157      -16.898848110434034        2.811625344573475      -10.350286212090319
       95.908984133212897      -66.887690131555360      -22.122408758467746       17.517291257258155       -8.304179829092543
       95.859335321558092      -96.907518526487124      -33.647300158667285        4.630784468961445        0.103767817075728
       88.591123026737634     -107.655744207005768       -6.128812619864095       15.134101778732935        2.713095401735830
      104.242185782952333     -100.669406838712106      -37.777158116998912       23.669423179672954       -9.868681445201911
       85.666427109372322      -70.266859812736882       16.750943499929310        6.264880353304402        2.809264989367838
       60.213208281650999      -54.544610088187966        9.349723715853012       -1.451616036400069        3.668970363097493
       58.566052378664352      -50.885775571948841       -0.188668657652594       -5.217172890978556       -5.662665578613909
       59.169261309892242      -38.207810689034048       -9.379193123698755        2.839889127173445       -4.673796074479668
       52.221344133917611      -56.843144283276565      -22.244190360506977      -14.816255198103747       15.869863606595860
       56.378630823241160      -81.885850401441189       -8.645916663026272      -22.725867432327821        0.096612258299144
       65.642884331118751      -73.754730649072030      -30.730302734115622      -19.211020793075040        4.486967031836628
       65.286759642994099      -76.972284052028257      -41.873425602302220        5.457655723131575      -16.877798165053537
       40.620689849490383      -68.309641495088727      -41.108862944625450       32.157311848325421        6.391239283382411
       23.866621437731258      -54.616439786942941      -11.293460153488303       26.142900335432525       -5.793936800901612
       66.359301086593092      -59.350653061912453      -36.384056979790934       41.475823257731896        3.894748935791961
       65.437258582765324      -30.022083508479621      -13.293144303799689       29.580187326130797       -5.506924240393332
       67.140326159400331      -49.574294122495751      -13.111681949679415       25.031443221294783       -6.849951280139170
       65.758462299371686      -46.781523841118684      -27.193015835117517        9.212240218391564       14.001794034863851
       18.220764697294356      -41.751045650716478      -38.063475544992642       25.490639070715066       -1.900504007667650
       27.028558540216970      -39.546819256275086      -15.058766475258683       33.217276895726172        3.032540901139646
       18.779500096017898      -50.644332102198085       -2.864338350798924       40.531434425622109       -0.543377106006092
       29.287362306068182      -32.791350604486382       -8.864664749028350       46.615699547482677       -6.400544887962289
       14.280072328654301      -25.129370517384007        2.553309818231405       43.730063555154608        6.130065766754857
      -10.546357809929095      -31.074926119217412       19.050280649530148       41.655250700497810        8.820194883376550
      -19.996329371289519       -7.358893279169390       11.053409969233895       54.295401875479854      -22.603871775830438
      -29.126460900646851      -11.851936541229993       46.655200088074999       34.501575938272637        9.002612252317345
      -41.816432012599890       15.989179352670579       48.123908340697994        9.061344483076153        5.546121371778805
      -31.856433096414687      -12.857604150577393       55.107834151810728      -12.906056729397502        1.835667870295206
      -44.034432669853580       -5.353734017751220       59.870359769614616      -17.858706654980459       10.129891426829074
      -50.501592399036738       -0.472451315142381       59.617407087584702       16.923282402715977      -14.065327686645883
      -15.550984016242866      -24.223103021252644       61.256716050618621       14.974257871037153       -2.794432231513094
        9.697727051622953      -22.848479556041386       52.226295544829107       15.265591416114781       -1.376703829253675
      -47.469909670014722      -16.038751556726179       33.135711484165697       33.704095239880807       -2.420693197004624
      -60.391441115328270      -33.158380525976753       44.955999979069034        5.032389894249031        1.407796118750681
      -68.209503867411954      -47.518607767935336       20.872576725074708       25.469352239374956      -10.555919275569630
      -57.545270841894030      -34.715247940832917        0.412256442539503       23.645431510046201       18.672390774899327
      -69.503570612252020      -31.387116679359888       -9.882253680937254        9.836456767820470        1.834753988090163
      -64.464796573940632      -25.578935961191100      -32.117413780636710      -10.531953862817515        1.214168873483791
      -74.037624767475265      -25.466408037396778      -10.097137285445362      -13.515904502627945      -15.866536921176762
      -71.083310004593500      -37.645387757008429      -16.866780596465620      -16.038002590014472       16.460653038204136
      -85.647413461894232      -45.596899001970534      -37.280130488153475       -6.642554685279647      -11.506790683069582
      -87.713706034991944      -27.745024365946094      -15.533927348185967        4.311134013205293       -3.420487028841930
      -50.066451071432041      -25.878815449120658        4.580876587178275      -12.095883757666668       11.173687650188466
      -66.173584660901042      -33.658872636847533        3.350384770424758        0.038677656448116        0.983537620595295
      -60.630203357645080      -26.241325353201901      -30.571535048049366      -12.889785977043211       -8.220115868408239
      -55.004092395835492      -20.971484526914679       10.883665850851891      -10.654535608513026        4.929868284480938
      -60.051490179783137      -28.546276736662303       33.378169878870281        9.513189564342365       -0.160506989631056
      -58.272060659844840      -14.942288713908269       34.243404306244194        1.753221924681375        5.330550398556991
      -79.015736300578112       15.230945906143045       38.546147257412301      -14.178738089182659      -12.735919935695971
      -80.358488957809527       -1.964986244388817       29.508365100748271      -13.299205657195831       10.949387284790539
      -77.488804647531197      -18.737617699657616        3.687696383654560       17.828669627047212        1.851313016893768
      -33.735755129646627      -24.246586308768581       59.897261992123376      -21.314915042168529      -16.012069854160902
      -63.568396704175917      -20.753036532438031       30.028029021808869      -28.557007127633820       16.624572962866111
      -51.932692557937578      -13.951270165377307       56.533770733140550      -42.516913383975947      -12.553026823519710
      -51.567039874590151       -2.621882519393590       32.110323778107343      -37.348255260729928       15.067125208930614
      -66.114591248718810      -11.399859046313995       45.939097852875634      -27.217911540707266      -17.029797664950369
      -37.015581537548357      -11.397248216945163       51.012508798201971      -35.522043135109975       10.469697710667324
      -39.781920154475962       30.387218795569744        1.972365673610702      -37.234502497216596       -4.247267948922476
      -27.571046634044681       31.095225545063077       15.996288088798730      -31.400936681750842        4.397917093846464
      -18.916791419949000       26.854155970861491        3.674436567768594       -0.731352300282848       -5.859706523321676
      -48.243450391288050       17.977595667328519       28.554921383071587        7.609535010155908        0.706649579607828
      -29.866171429680406      -10.730665045691302       55.431173974862446      -21.131702848770544        1.660534076778893
      -52.482792884902480       -1.152904754507946       23.985604635113010       -6.264028213935855        8.150850348465095
      -22.103158871320286      -12.600785232119771       24.031777952930518      -21.122853927376934       -5.940394821263522
      -19.627526514820953       -3.916187100242300        8.409207391170970      -14.957681914941258      -11.386474801258283
      -15.321265219887465      -11.503276144008810       15.546096705648942        4.602099032891680        1.749099433822445
       -1.792698799916768      -15.614236367265944        2.612859094507148       21.481257924734951       16.043275464474622
      -14.661284083653616      -20.057195175761571       14.926017273551487       26.796696507026837       -6.828882795721993
      -20.388684019962071      -12.535971917310720       15.255366034236943       47.201905202903347       -4.978003053932577
      -13.648195757397115       -3.205717554334523       24.310145842885472       62.065670051917586        1.997801664956371
       -6.635378681956139        6.240094253630259       31.319033167534059       36.618396696956793        0.047430623765836
       14.532742458378742       -2.887056270233860        2.748239765193248       47.016703555948311       -0.999724789576827
       26.317882410037083        1.828581886302094        5.575689820680322       44.150488560888888        7.151100830245357
       29.430132700401138       20.723583909646127       45.188221386419286       40.806493012268895       -4.355477358484849
       58.582274954894913      -12.406998990345246       34.265397743713386       49.640429180160616        2.014696912635622
       48.214240392660450       -2.849103981940969       71.788048225018343       53.701238618494884       -3.144845683936470
       57.748350285283273       -8.744248273289546       80.793397503445618       63.548618012038183       15.274819538682483
       77.917165927098537       19.426795362507480       78.933712694152163       43.531243970058682      -11.666925982592902
       56.386506057681594       30.170292918656980       67.813479126098002       30.405651688617510        1.174507626380204
       60.711567327402008       20.018251292523825       45.854418676307517       28.848568889908531       -8.033833538326142
       86.942802837024601       16.608343692236897       55.747645601873778       43.593457580368437        9.155875104393896
       70.247849272910926       18.130700615814280       44.931101029783868       50.658437081610920       -5.551073104264298
       63.970033277096789       31.370772550279838       55.957099977293055       61.687900123984576       -6.831889366129751
       95.603243327209839        9.460761547135100       55.994708458961718       50.206418059981686        9.651253827574960
       82.900083839481937       39.003328074771915       55.667165768397453       41.337022573875160        0.790976607311050
       50.409843109135828       67.269151850058122       43.894755660609221       31.358648388130387       -7.145842329650011
       56.678321101665652       80.466536025592859       41.062564386346025       29.669468974569135        5.353961518691851
       22.874593812088854       65.438122871551968       51.135612428171228       31.504520789764150       -5.231858756755355
       11.811981976667456       65.556078313289447       18.388926121342184       27.987211264865518       14.409257274393964
       10.079182040114873       68.770070661632076       41.591232939088442       45.947474451101534       -5.512066668508202
       20.693445743389400       70.284645071488072       29.672234902464947       54.473829459074700        5.096173294392146
       -0.957863561754269       66.018799203714678       53.198121841273831       58.488942802899373       -2.939471774275465
      -35.663816822776042      111.621708890956242       31.793080469458523       70.206576223304651        4.483071656426357
      -36.880593876528927       90.437782605359885       45.248326570228443       68.062822812413359       -2.937009092099142
      -36.450410354100079       65.798941327661524       36.261258084071997       48.515111413534449      -17.140604934569033
      -44.458468147321312       93.813680461778389       14.985747861149548       48.884840453313174       23.028210385611189
      -38.254603593782825       90.269041058971339       34.287094085217355       -6.976891572132021       -6.803528356130168
      -48.304262446179429       99.230082844965594       60.585765348732757        1.507531959846201      -16.958896662577285
      -17.917242839042682       76.239197862151769       24.327462510896538       29.226953712802430        8.036277078427691
      -38.435639122097825       79.189182823010711       30.308708536564652       52.511282257712530        9.053337481973754
       -1.325462672609262       87.276720818044708       20.685853853125845       51.933003006791232      -11.441603631527476
       17.903053160483456       54.600316604310947       29.993823355103512       32.126423408401990       16.998667599227943
       11.561954967753119       47.756433732499737      -14.122371714492353       45.502427534809136      -14.059226225310251
       -1.963818414753976       39.186868291587551       -9.235381711258023       33.047209613973585        3.412694297918184
      -35.403911808216805       74.022933028455881      -25.083459897843387       20.590869963610395       -5.607305628481925
       -7.751261163352911       76.851794852382966      -14.680739237823165       21.837905377494653       10.456206146163552
      -11.018368495016308       83.528712954479289      -38.843668811255412       10.877330730590302       -4.567305740092014
        3.973356191980012       59.530794414316098      -24.976383999294491       23.041916060509084       -1.144778119399515
       11.943715058467671       64.458582426520366      -15.354027063886925       33.533472791546551       10.449673446083864
       -6.275667471954851       62.443496137308969        5.619016086268411       26.718871442315756      -19.875776799515574
       -2.335323355882875       71.068850114596131       -6.720719644071865       20.741445147358831        3.203109794515486
      -20.075003683434037       68.700425046478998        5.288886814457302       21.900623681374650        2.859998894563293
      -10.166511113392515       75.825910819266994       17.362530663496283       32.223847473523698        9.298506450887727
       15.608363991971343       64.142147920789753       29.759508743713294       32.691186605552296       -8.178110861157737
       10.708255969167727       80.551603360914058       25.249679377544744       30.440650703527638        8.598053999855505
        8.759387309749686       77.467241255716800       27.266448946570801       34.780724345182648      -14.305477758907678
        9.490349182195320       34.036027051543805        3.347092821758720       39.584834440295850        9.943834860008208
       10.078396533581937       49.456151948481171       13.639773674000850       35.269350407954207       -2.213430549220073
        1.340340834947120       23.883159854125473       29.980278062754167       51.890272844365306       -1.886857893749972
       12.772424559425801       36.235240312320229       22.141935423406952       21.706083656407280      -10.022873275586564
       32.258944756261727       21.203397584422827       20.248478961600416       23.698546461038006       16.875029090099257
        5.962436732381132       34.388180010745302       38.721387956729018        4.181096746138276       10.037029399012326
       20.480718109597749       53.779999236697961       22.457390615536930       13.117247783280442      -20.528022093950828
       34.012460457805787       37.532577491108754        8.279796018621296       22.147920201247466       -6.385873183522557
       54.707490235995508       32.857348838837702       20.351770956824534       45.664409086925509       14.929101892580919
       57.476582427024368       40.210487481332045        2.391447014358745       40.197241551369437       -0.048727937629877
       43.471010105778760       28.715631994008273       20.305717317611549       24.061767674594464      -17.616169336532746
       58.241994852977285       45.616990231888522       19.195124185520857       39.889025555099103       25.813236451133481
       75.659934827552263       40.337678908878047        0.671805509776146       44.457519008407480       -3.637237374532833
       41.765791820198331       35.611981650862774       28.609392251857372       26.747407903066129      -14.989770122994944
       10.697648903807515       29.096692670719083       14.520595726495761       30.238006445021014        1.358827691223665
       40.405611380243087       20.132140180501143       53.311505814249522       19.327684387261005        8.047539286594303
       11.440505661015987       31.555928252580834       15.656980922766135       33.740631562774766       -6.497955885355283
       51.142360488823456       32.259727452761993       18.236473931844774       47.265540645269574       16.466150263385011
       26.735020912845172       19.619390403881884       33.885534571081742       40.961041440663742       -2.811835093883516
        7.770979769193312       38.656862763539209       19.336536534278842       40.891911470406576      -12.662739245204760
       32.378179923087117       23.034945300724541        8.820757605074000       55.069135077184718        4.313899568216929
       31.952351832525938       49.125880346605399       -6.960299831119019       57.328777433967090       -1.349579660816062
       17.985627877018675       32.894790453592499        4.473092917654445       46.472448930830090        2.872513708737368
       33.449265562545477       29.264019986152650       -6.847797854861804       39.881398742970092       13.457126511385898
       29.658820961238369       36.667971901208240        3.711551575658589       34.389892547672481       -9.031194192098363
       38.762932177674912       19.165314393198294      -40.735903240367676       40.479020132373208        2.677485831410108
       57.622782714409325        9.302896957499950       -6.611814576253217       32.527339217143570       -1.610625916591583
       83.229437462278682      -22.003982942200111      -34.666385111174073       48.684740766595297        1.557414725911570
       56.116048259946758       23.485964110088627      -45.358442487245448       27.987413712742672        0.925233235021191
       65.581294456512566       25.891336882720495      -79.595032700261385       23.469714062168261       -9.867006722679712
       76.193311827496657       39.286973077873995      -62.247459031524798       41.462635387177400      -10.158511462480719
       39.506255020765039       50.381273374189512      -52.975768040693318       53.973907547840660       14.681246432301197
       19.510689336512016       59.534020671217789      -33.697958487175114       44.971778700228271       -8.893310101658823
       17.215472767434470       47.932145238571223      -41.276586003179759       44.452125626757500       -2.759518607930013
        4.606912999428292       58.980725787111453      -58.938296340568833       39.645212788953529       -0.347920987827399
      -18.649072612897399       53.320245035794258      -26.419293636668989       34.695786763227353       23.162981070406556
      -27.631944718775177       61.411061730731554      -23.662143110818182       34.639927046139334        8.268157240771512
      -24.096485922581824       51.729380099168885        5.462229905030855       36.181294068617831      -23.376584881427075
      -30.663966752644182       64.352512880716347       32.411393605753311       65.706915576377526        0.623616036932621
       16.753746399929824       30.404738677291427       60.130449800125994       37.453712127319612       10.976128872832811
       10.315621328745371       30.570823285468304       36.943207325124270       81.043283393979507      -20.381207969893016
       27.837384957740070       25.212685621820381       42.502060779996469       55.051690079851234        2.478829699761338
       -1.036065968106970       66.422910070186802       47.229012810171369       67.193097953494927        4.355637468293843
       16.994890902671635       30.230794719625546       39.027772973886727       67.057385942243116        1.385819634146135
       39.139008885917704       47.198296193196541       10.973772574313736       63.542822413112638        5.772320175362803
       16.270815489343622       13.363256128852715       11.901206998819815       44.280429510441074       -9.461958395286874
       45.293888322693370       17.983044045990361        7.666253638336302       61.340038002399666       22.169728430798639
       20.589956537698448      -17.658016134359329       -1.733325210778788       47.206822370673109      -10.938829829979840
       17.159775758964521      -14.245950844204248      -23.544961583032194       64.200353631821869        7.898037171669167
       38.945442795891104       -0.104389731391884       -3.476378247743207       70.027374404449361       -8.642550554854427
       57.526074929584446        3.851711392437967       -7.280771294310616       77.343285927901377      -11.211809001114318
       33.040170677518717       10.600264395342837       -5.866467701736946       45.951620172334763       25.560933526144566
       30.567296997944837      -25.841395629194771       -8.214286907720767       55.517037821920368      -11.328931516699919
       26.815625652309652      -23.603289361783322      -19.331644250655415       76.104272822843129      -12.915736384883628
       24.556981159577777       -7.950192976049713      -16.179400062396166       78.474845108518196       14.072685036756694
       25.695527904000855       -6.042413912083115      -30.852803423875326      104.657100769155690       -9.056821397248738
       31.332013417902598       14.885744580837972      -30.368250149360296       79.300802350846865        2.545345441936968
       45.239207164771422      -15.555252858624183      -41.586190319691646       62.085040257590769       -6.196691465481918
       16.369397133938097       10.313304308622159        1.154798599335783       53.744585161046572        5.716583382113348
       25.012080944620898      -28.813760550502348        0.307037002777350       36.765033996972392       -8.491611224598808
        6.221493309463402      -17.148128830758868       -8.882464600236030       42.438540943121197        8.734721041975332
       13.781283531375532       -6.169531212763738        8.139951491250365       16.090954797640688      -12.748735295734686
       24.750035664851570        4.602068281661108      -15.221978552262037       18.102452650239243       25.581194705945713
       34.796403951722382       21.203407591361582       -7.283662590950310        0.421060219384276      -12.621307519277272
       37.846656845084716        3.611412118250481        5.368163877956795       30.435241630190610       13.595898766565762
       31.064503414345943        1.996244756426240       -2.438323750103318       12.469478308130792      -23.739601037441940
       19.162029188592619        5.909629955917738      -47.578135325410877       26.100710515587974        4.497446476442560
       64.506843197677441      -13.846585458280620      -16.302002544554053       12.397123232028409       -2.510491143631454
       37.863831193280639      -19.569891108993243        6.204895320874297       36.278072957233903       19.442060664923872
       24.768249832692721       -1.115033289478656        1.472950491127343        3.171172140032705       -8.990298885400435
       38.091569564373039       -1.725351628033744        8.560258682432304      -12.521652808640985       10.319226943304004
       32.618598620394970        7.250200102102866       -6.761400908442707      -42.428174197431808       -1.805185921059844
       30.001956922396392       12.811191045721785       25.239516226550585      -11.680166935823111       -9.170813941140691
       11.948361473091650       11.279451519938789      -23.426603931765854       -7.981865282915476       -3.267383379856630
        5.105857113722674       18.080818102272399       -8.588584975382197        9.203994963032750       -2.646902970220329
       -2.293380610817623       18.658680830729253       30.620137251973723      -11.054420085497672        5.105925519983328
        5.539895315498545       14.907973403234898       15.695534133105836      -24.954691551619746       -6.210789581733071
       15.831033932580363        4.645942281456890       52.326640354409093      -42.522729788862264        8.194886012688634
       29.413570840433373       -6.636379963593383       50.905388884829051      -30.197551262595972      -14.103096409867918
       13.711686489283318       -3.867642702586189       59.096212629177558       -2.213044674404103        5.092520891439452
       22.579551886511606       15.281138405158135       28.794619841485570      -13.267718870004588        9.256988176581709
      -13.788038684301355       14.507615999064976       35.063983996051256      -24.497505402542711        4.694760262203697
        6.960113966063858       36.688491357399293       28.735626123368210      -19.659698993648988       -8.371099609031518
       -4.692442504394994       59.211710337335326       42.865521116916568      -17.623944259639977       -9.563458821669030
      -39.842810728396763       51.415928297821630       60.452043511302300      -14.266151728856398       15.943948020228095
      -40.795091384831956       41.194205229027737       68.158648676240418      -13.639995487126830      -11.929231175972498
      -56.995693756785286       28.368334956418078       61.697098912749496      -11.433919896726097        4.098841728803921
       -9.084475844555957       20.985607562214831       73.393263592363482       12.587692999918268       -0.854853813976995
        3.366835448104587       20.821152925429569       78.321466527557632        6.496158610039901       -8.369607283807513
      -28.071047524324335       10.597027231028356       74.892987899727899        2.533630387416191        9.498674951250972
       -3.344907396979178       20.641257120174309       43.860281606472483       22.829888377872432        4.502195451446629
      -13.526216066570225       43.462181517918559       76.085761162758885       23.115919110066869       -5.379454862760446
      -36.303884523478729       39.260407205717748       44.028429050503796       28.033142106794976        4.126260411743553
      -31.486344065107239       51.662206647973669       35.092215305642128       22.480985346458564      -14.825880434767525
      -47.710459456600809       32.700511618985317       31.129117401021318       25.703820881879924        9.887599907365125
      -35.625803890813287       16.993461490895701       20.171898847602836       34.470593269325271       -6.840017725282024
      -74.270665305174475       20.984734855145035       20.610774254229170       49.582169470953097        5.528665103917958
      -27.611508066175890       14.409957446102286       14.563892533982088       56.679352745767424       19.296454804082167
      -30.784898342371370       27.753065233557507       -5.110598056565639       71.579398389975808      -19.510965750996093
       -7.497288905466281       -3.197078131140245      -37.819365398340523       84.599116805048027       -2.840611043896264
      -27.947205420989267      -17.050995607817828      -15.840034131612670       65.953663593193028        8.738472527634279
      -42.068604863792551        6.900585384894703      -14.802127689502624       36.790342386459514       -3.336148929340831
      -36.099505695338905      -11.127858688709772      -13.853735085619359       36.860925165344604       -0.144243141114611
      -27.721631432826872       -4.550147000601345       -5.262608602817512       44.647040278586132       -1.179967268560193
        5.502459158369991       -6.103537392435642      -20.657382335895015       66.708642315501450        3.014012498625292
      -18.692300203166923       13.450866640982147       -5.081879658542273       53.031401649911260       -1.943800329252151
        2.558742311905381        1.123890782912838        8.104140546419167       56.776389974366062        3.271638784238145
      -20.862113039411962      -10.981185153504667        4.584147309490755       40.882394443055809      -11.341854721548957
      -25.368707938609671      -21.359575892717718      -17.519468646339416       40.365268660469006        3.895424013078249
       -0.911082364393722      -13.586812118599481      -14.848502246722997       26.048404799890932      -10.159091845143033
      -20.573688910424483        6.810357342221332      -24.456708506151262       31.744090459673604       -7.102676224908977
       33.931289508322266       10.240357197115134      -56.497707482100395       26.942837977836515       18.496398766391927
      -15.267541697719601      -18.445366358875489      -56.950333992198495       35.040872836048749       -0.281213507650178
      -17.842337980296076        6.305528247089508      -42.351801441500008       33.792100687634566       -3.102597782826972
      -11.054940855499989       17.985986958735150      -48.578689514916270       32.120799151019973        3.471952464765324
      -54.974406654892476       49.287920923946835      -69.176666882289240       15.366702340561972       -3.543178781785287
      -14.463725871603870       33.139539559904456      -42.078770901031461       27.425347336908395        5.572970395350310
      -42.380805603675192       46.090266890718546      -33.555409110358219       25.132478998553111       -4.419872729260946
      -30.924328571091028       40.682848553668407      -17.500849483506428       21.934697871771895       -4.580709376194990
      -40.761781636382644       34.249187749752664      -23.904539037971446       52.168859860144920       -3.440889698777115
      -24.988771934226992       57.902142274720973      -21.442236206260265       26.125867621912437        9.012174528013311
      -64.376787163867419        7.758799309504961      -18.411021649958077       20.092393370657721        6.823707119937487
      -22.704615179094546       15.047609981630810      -28.688598587749631       46.578470168446984       -9.923569853474799
        1.976181210894757       18.087255373456031       13.254353215505551       33.401753835126286       -6.758627417697547
      -26.690368802149028       40.569544760180641        2.176584753855074       41.016297310350659        3.718357006668470
      -31.417263260290500       34.081257680492811        4.177922831243034       46.973780693817304       18.426916125788207
       -2.804214185010313       45.014617753509192      -22.089180637081050       23.910203156949351       -1.970885561709128
      -16.860416991926172       48.943530164441917      -17.026835391714098        9.502502477059268        1.633548577502838
       -5.534707882744551       25.179081645145995      -16.409908383604780        6.051091992837333       -9.025484828399190
       -5.169827969722232       21.346669232543370      -52.996638631791697       15.074399164686682       -3.296537426910367
        3.477970350979801       46.498370875790769       -6.082149828460244       25.223255175192826       -5.900179862489970
      -42.803533685112704       47.992438178374016      -28.593650568551112       10.059581096095888       -3.928916492467478
      -20.784219937101383       58.764086190333579       -1.760832964704920       -5.486786774022728        2.666552872551656
      -33.748609402252420       61.862900160553892       19.349832056270422       11.008253603347120       13.594777985543049
      -14.376650990462105       57.199143516211649       19.051898876814956       -0.104903770428993        7.130723462227264
      -11.778180870167427       66.701596797940056        2.657473330594441       -8.307391490251657      -10.769041997214513
      -17.142402738943492       45.622430555070459       26.414401821183102       -8.842132239595337        3.993993334466462
      -24.047642000710518       55.175868856262447       11.420239272175895       26.224277315802734        0.009800771940806
      -63.371003729272594       37.343618276943921       16.712643705870217       22.137953046494346       10.706584042404963
      -61.104573624673513       51.382476340253724       11.150471360078882       31.834781714034118       -9.799435913839790
      -35.646754347150555       38.807878195386401       17.702273218900547       20.895242249262839       13.935049563372903
      -45.691946118174599       61.992946918124147       19.431844026666379       27.074991612297470      -17.121723812951831
      -34.241475959329961       58.428292391856331       15.523416531406722       33.346566983710545      -12.412945875530976
      -40.630820285063528       49.737147429445287        3.780916108827423       24.570720890158967        9.113233689443856
      -18.011789920834008       59.117427879790284       21.329511946937764        2.240994383972830       -1.966442501696783
      -31.588815054811079       73.801623178424592       17.045113286592319        9.540515640722122       -2.769740699275594
        7.059649021169906       45.041453539875043       27.766668448199933        2.950021594750305        5.678961644469151
       -9.571192670948461       46.890618841886621       14.638674579196774       27.385594425928019      -11.390678826559897
       13.628166328417599        5.542488664020114        8.236432583202825       35.782010085991516       12.180106488673058
        3.679364030545883       -9.801999293119225        5.226810754722962       72.325146647523937        8.201473088107150
      -14.949342261794923      -10.292275501087472       22.267874506812291       69.137950629473607      -12.665898937547226
        0.205013705812678        3.176386493846915       28.004633720179836       80.153786835077469        0.953229787148210
      -41.453680157984479       38.630937312701157       57.444962790740227       38.563661662066579       -4.011079801757075
      -19.301957010973812       34.601515118005459       63.808097285636634       43.727115463506330        4.057345208037082
      -56.846077809910753       40.121395823780837       89.416921982166130       24.779400003987980        6.923079533675558
      -86.777596913670038       20.641561021852333       72.640542816190091       25.171037678024383        4.131880617596205
      -53.175197653199852       22.308552619500073       78.215659175636119       15.654956273816563       -0.370817352761125
      -99.905557755893142       30.414246432369648       67.965699814491884       20.396006272360498       -7.965803504059782
      -47.507283240959381       29.391946752622477       52.880784671202839       24.826889758695920       -3.710213554850530
      -62.368128191585832       24.662970774931100       58.983983033861911        7.281638712559373        7.190117549747566
      -54.113453611723138       39.782179751088179       52.104676723189982       -8.747937441077664       -5.972397188094999
      -19.544217912114885       27.647100244278114      105.756653472511204       26.575376593428757        7.619201796585198
      -30.788856281231265       41.339173191229456       54.339000663136517       17.771132330468877        3.609305519345138
       -8.875525233541126       56.828038290573318       52.999442372577704       49.697733525031957      -11.548578062299583
      -30.547133163078925       75.424652857207576       39.785585844784187       40.503225132444278       14.430900822188955
      -19.728656354029809       61.200926359798423       18.071516373351702       42.495978854921340      -16.275406658178408
       -3.013252660539503       42.539858994528736       13.141201121889049       41.161962342655599       -1.644140844819853
        4.399030616736938       30.998846529292894        5.188502226234172       29.571913855746047       -0.035790112624551
       25.436909830726286       28.622093181418819        5.876157906894810       31.343734791680610        3.422676481249417
       -1.518138206766064       27.221411580033770       20.266870959650191       27.929837755957632        0.222742843940254
       -4.167117263616335       37.350627710115752       11.100191356369715       31.924724854235755        1.668918780735396
        2.255767908403832       41.354663547669816       10.748679975421739       14.470036415621395       12.297309469393635
       -8.611905139720923       20.626025867482845       -1.457108452922928        5.615893036790383       -2.729890911283984
       -1.810322453231142       42.935671294082965        2.948251812038553       29.312962079783222       -5.872485695703779
      -43.696292525133650       68.580740795610211       23.141205133242813       27.936409834163232        4.815140378768294
      -40.885291019568825       56.745143945534622        8.471072686868460       16.986453173639010       -6.045917248704654
      -32.916270336086399       38.803794377963932       18.402701216145946       27.207545255142836        5.122980075079520
      -45.526154164250357       45.445836057100102       23.765128619804322        8.711689681605016       -2.252728098694707
      -32.810339134299305       31.263262659158066       41.609734507787543        4.086190245668437      -14.503805603769218
      -63.545981545871847       27.635785357934083       52.752633924222771       12.006388459230545       12.055599739324588
      -40.783251710611708       40.923583754547408       53.129605291437230       -0.241020106337471        4.258372682028557
      -20.980772013926561       32.612005678072379       61.175930099411829       -0.681212500059902        6.597402610194736
      -15.541233156380015       44.872181557567480       26.367237889554257      -15.708444335694789      -11.778095286755120
      -40.408503925435625       27.654795616881842       49.278652866990242      -40.559227391511065       -5.901607149380592
      -39.577898229602873       50.493804928788400       72.234341308345961      -49.267793165541889        9.705150234745618
      -16.072632412380983       41.232945477988984       71.674628730782430      -41.178841540200658      -15.083706816696413
      -29.662721629417998       38.044616144653602       77.275921990363898      -47.286200903354846        3.632824186083210
       -2.518913654699729        2.707663808087411       48.912030971153058      -44.955788481273487        9.713803513025384
       -5.119712950150331       39.601063476174303       57.531037185199679      -34.829345442478783      -13.547281769028041
      -15.284423316933692       40.772861073019506       26.416583478557996      -53.150062862702150        8.230553084564097
       -0.658375435322198       16.267161359267938       30.691937850560194      -18.234599664182241        0.955393598668798
       -3.607319517054890       12.958202219470348       35.812878045513024        3.129277227111345       -0.418053056844835
       25.593504292153970        8.768471918034246       36.575913521813277       10.556849483889561       11.759953507116347
       -5.013308957827968       22.640008698861614       34.782094580199775       -4.146926276801356       -6.290917223618014
       -2.549666486196476        7.361291774066037       29.779204777218681      -21.544153267116613       -5.157513972130173
       -5.339850111231877        7.795283178680687       41.305243290519932      -36.491608663128503        4.704251962881749
       19.810741614624618       -2.226800735606175       57.703101196366745      -38.797644686771172       -2.671835836502730
       -3.459638333603078        4.427744284746706       35.173427687686733      -34.273906936948144      -15.935218396632100
       32.266063798642357       -6.104612884701972       56.330863230972774      -18.619035926495691        6.991807489585488
       24.991780397951079      -16.590960665720509       53.053039773012451        4.314674268741498       15.638183379957855
       16.332409642318556      -14.214273030374878       33.372330050594336      -22.184234425945814      -14.292389999679292
       25.049560415662331      -10.107279417540486       29.221903107305430       -4.826531106652554       12.265184266963495
       13.650018483530747      -18.410606194254349       63.930381768034827        1.073996141816462       -8.305989494981420
       10.636701715270258       -7.421652934649642       30.184912278637828      -15.779542281332089       -2.577526734758507
       36.591368010024020       -9.935854002129902       10.980213490999017        5.506479148858713       -8.664658598327515
       -9.449403702510818      -11.322058942965079       28.537541053748409      -12.880427669617090        1.257964623148413
       11.827412924974819      -17.906390637798793       27.632503781052680      -20.079689536175760       15.027347188321093
       -7.299975151599509      -14.729416831533655       37.876290754248679      -24.813169401588507       -3.348754693979410
       17.433912767358009      -20.890377922754112       32.371819106274415      -32.162364080753576       -4.103437856519148
      -21.524255888433444      -23.826201223906143       40.118575404639245       -4.575685511463076       11.827424006230091
       18.544219419657530      -27.609879643410380       32.011190613089028        5.656639039232985      -12.344820033488048
       -0.285224596785778      -31.825133318072226       54.926788929470696      -26.592342276596209       -2.650735141272382
        4.725599005513694      -19.181703049080152       37.504880738873609      -61.621057857729085        3.533766400326918
       19.884372590177197      -14.241148916197186       37.154448186316984      -56.903335736044056        3.979618807662573
       12.410362878541626      -41.845360038889275       21.538636595594397      -41.242985352456557       -0.048283106161797
        2.917219772950325       -9.442788951980303       37.092590024819600      -34.635013331098691       -4.489556823841398
        0.269565657415527        0.363437060170625       62.902994522446029      -19.816920274679344        6.575300957384226
      -25.259319669417760        7.910294648726552       26.293714617146193      -15.261147416110372       -8.442965215545186
      -10.934482883456450       -0.675359964748041       47.878247401933351      -12.653323516747840       11.977985567247707
       27.547206862963154       11.351654148880883       64.110956263180526      -31.405401205839226       -8.146518332521126
       20.432384713583286        7.003944833761663       82.144074268314725      -49.564447847248147        7.269353632765608
       11.570547535424511       41.492332800806317       76.675677197711309      -33.260362319995153       -5.082850791027380
       16.662450290258015        2.207711545034166       79.114831859895475      -27.236800063868802       -0.263456008315860
       76.771793295498370       -4.514589429351487       89.544107954273187      -43.449282911439234      -10.033975538032189
       43.645175426477302       11.700451688783822       44.819251162348763      -22.692919102125352        0.627946816531816
       33.477859231214886       19.164556580985025       61.501991250100701      -23.209446901985128       12.138149895459044
       21.711503750343223       43.268112171705127       56.315712709062765      -25.127620897397051       -1.005401448471211
       17.179897449978661       34.839610367787955       43.207596148739576      -35.799295835745617       -5.684443618694369
       33.912990898823878       27.674457779199422       42.352607939154503      -28.210295193708312       -2.407890965295445
        9.729633599840087       39.362168054684517       70.351078084205128      -74.350170671826376        2.835179193408356
        3.606932885752612       47.493115955341004       34.195903315260274      -44.254522311371723       -1.862518624084899
      -26.783240009419504       72.816808616124064       43.188116456181206      -58.577323189173612       -5.854122076512671
        4.648617419439464       39.970261166534414       40.727900024717414      -47.985213835215298        8.153776110512597
       -4.171899111076066       39.080326198706231       58.098600214323540      -73.768805057037540       -2.958246155937291
      -24.187494699593717       51.684109091942517       46.972648109702348      -77.731677149536040        2.761773488541260
        9.744595329999051       54.215230719009931       45.246832927363648      -71.699194850262089        3.040922321888251
       14.283869902621083       69.630394982511575       24.288745980866231      -61.896601366851158       -5.693546840933335
       27.881742425391955       46.420872486571284       32.156439089320578      -24.551536230967532       11.176216005672854
      -21.237368216367511       54.334092474552840       31.723918824465091       18.351854427649588       15.995168428787096
       24.537526285270587       41.002150430133156       71.602275234969412      -46.912329107633134      -28.487248835911849
      -17.100905960838649       33.035134192326396       63.971808750213491      -49.523743052673126       13.938916686074066
       17.318648235108164       30.707086687281201       42.109909978870583      -68.534874193251611       -8.871615722643549
      -11.236162992857057       37.409568554025405       24.935420645397084      -32.389741711208615       -7.904155881180635
       -8.423715489240317       43.851276894610479       25.484864407239904      -37.745373034517698        8.703006708733586
        2.230940172293722       40.179887511941210       26.868194344145579      -33.533150639376537        7.417667344763116
      -14.343166537556623        9.312513515807797       24.718027599656871      -38.533726178403064      -21.380697915333979
        2.072273327274379       39.801137393778845       47.245773565186731      -33.999522696015148       11.152437158851532
        9.029506882472708       12.327900102313183       39.177705144551034       -3.481631048199085       -7.364777949926132
        5.973838499097978       34.522185985814914       18.714110884234923        9.092717003399660        9.615813754481939
       18.419422478906629       22.755815210577282       31.286973263401297        5.284328352861053      -11.951479204045832
       17.137668997216572       41.623648135095010       31.690901729224791       18.065993759028462       12.031196459686265
       48.367670126225690       28.203871659337821       36.273881020569085       22.606278590569669       -5.277761399591107
       38.835935868319368       26.387338268102909       26.639762607206031       18.014865966282624       12.591904217196186
       -5.141652955520564        8.598722848331912       30.420819854441973       23.860726502457382       -5.428111898802829
       34.894358045889675        8.546721268877651        5.821964533206869       27.893738106259132        5.867608537995195
      -22.331540319777947       23.636071779375822       18.366213540494485       -5.291542690828789       -4.038839483085005
        7.478800330032374       11.697203965933641       20.828253169036724       -8.105774440969530        5.112714585333701
        1.995672927336138       18.948236733825183       34.779443984012353       -6.820752142676475      -10.987252780125484
       23.690217394181690       21.977363703080531       31.301601234179916       12.308254077064889        0.463893238888909
       57.872250445909373      -14.874353079794229       -3.427326784248410       13.410850187472633       -2.198910601885836
       47.995223376686866        4.892104839192550       61.930632148990448      -40.527778033690822       -2.108342178594797
       75.153574036667948       -4.995497920962611       50.353918131152241      -16.217737506408348       -4.965114992230131
       62.741509042348035       20.223749507655207       82.401792239849655      -35.069447871454038       15.957087530265502
      111.287942654671696       11.162525047384873       93.889786623845197      -23.703138103365632      -18.039033367969409
       80.379518813970648       -8.805507728995474      120.428454317586159      -64.600169722731934        4.513598494165847
       83.589319320736095        3.023493409699309      112.339405116528980      -54.459277183329512        8.726012242159005
       55.663005455339231        5.144028776728531       64.685617075469324      -53.538942467507539       14.129226980261635
       53.890810998410871       29.590422011667400       97.427204123601072      -47.889667182906720       -6.983234431044974
       70.658261445555752       52.867503020293405       79.524953999430195      -36.919840079241595        3.477343609058838
       30.410521931924926       34.970755245337237      106.547821290046102      -41.876507967687772       -9.496176220020807
       17.281373617420059        4.816800637279956      108.237272951886339      -34.482694956476394       -5.344239286835383
       -5.962231607249893       -4.877025188191877       81.700329481570748      -57.998070539963400       -9.083694193951994
       15.384121723444775      -19.000230024543669      109.002129486684979      -80.973331530525968       10.202658468485525
       15.839394735934032      -25.742023462249470       99.880451849116582      -82.248597936607283       -8.118672536335595
        1.734310781199769      -45.804311755549726      100.288862923149551      -79.173581528167233       -5.502883108294831
        4.184746462129667      -40.325848701432982      136.549828012532373     -104.811192818371978       31.726674194145751
       -6.452943940289486      -31.075323713834017      121.338713503608957     -115.632913317509932      -17.870799301340682
      -13.869475546431882      -51.334388112499532      121.912758543650597      -83.282868308424256        0.420885192105123
      -26.561634407839879      -22.737511726430093       99.997769505397699      -73.265581653216827        2.504643080570716
      -33.407581148018465      -26.158667578228552      102.636145032281703      -86.808572567184314       11.928799394530785
      -40.060979699290421      -14.811449958523331       70.774950091896883      -59.912253463562429       -5.295052472501538
      -27.385476907131615      -20.418803479643390       92.355145305944191      -21.191516308115165       -1.258200785946117
      -15.043897761896506      -21.340233481361803      108.302408595989604      -20.659444900941917      -14.235614129556343
      -11.273813525069773        3.680974181648696      127.560766695695065        0.921761755884194       13.753257543267287
       12.351215109099117        9.707986621404334       97.041333314818218        3.875356319604477      -10.384848322815351
       13.090637151301644       17.759330839861857      103.635080876997449      -11.877530826081275        5.214890766581980
       16.731542101923083       19.294036444687659       99.652044004584212      -10.505581223119119        1.984266679554394
        5.560134162549514       40.024171987801431      108.848088909223080       -5.052614248273700       15.715055879958644
        7.815226881231842       34.163826809750326       93.043514349759818       -6.580831729704750      -14.436251527972452
       18.049318596331471       49.169337582171735       81.017385386336059      -23.814440784877437        9.958720991688848
       17.069909443596774       43.135849166745814       93.962948324512965      -37.809225805804616      -14.568468527764473
       41.043862392300085       23.003901140696740      106.617635638219710      -20.066458624802451       -0.197582598140385
       52.942880671083408       26.372914229168455       93.198959804937289      -10.544320025695198        6.655620595974252
       45.342408295513522        4.371918199559765       81.992468499164687        4.238683098221881       -4.252832391016002
       51.526141032378774        5.527550268554273       63.691407088090600        8.431878321503881        1.438244361496417
       48.174547353361945       19.892726752157994       53.226610335781785       12.835488479100912       -5.877236812217728
       61.898517856142725       19.490128965942507       67.518444289158438       22.911956889543209        3.802693539932726
       68.711192032299778       32.638430402682907       54.935027647118645       43.174519634181451        8.806084560469287
       78.011030044227510       22.686239879330873       78.532937264365174       24.952085367303898      -16.502961326139232
       63.953821307200243       36.442677046078998       49.490365085338198       15.726535177921136       -8.062841337648806
       45.636406211035393       62.260890997627619       54.534786448055627       29.118451263110227       12.200540346278828
       38.099437158446825       40.593387390897227       31.091813880566157        3.989629261724438        0.756434998053577
       62.727950831051714       25.686571880880127       57.188720171514476      -15.683002716933254        0.500272617951111
       36.298843496482071       25.813460349320668       52.454790446061736      -21.465477930393988       -1.258532951070424
       14.539596026767684       31.024660279174167       57.429744624752487      -39.993724741411611       11.686102730077799
        3.672406767757916       26.517084370690025       49.262769014276344      -45.777420759893339       -7.467535761452899
       -3.600231604413596        5.896360467184672       40.120189741995652      -58.758495933924671      -19.938361706779983
       -7.605008982101185      -21.542656577363694       57.406353114932919      -48.521085827494943       22.918471861163873
        5.089292902186066        1.672770739672915       75.672191846463022      -50.508978005225892      -23.226733420464839
      -13.004975302829440       20.055460559353701       57.185658889565801      -70.871862393608268       -3.891508445460895
       25.588606957736431       12.599471037022736       31.418213726821449      -41.536005867306322       27.584515416501791
       33.392333431192931       10.427227636033770       42.990756015989348      -35.367947946522797       -2.928575455991187
       53.757345605307435       15.242190283499568       29.708174615973956      -12.276330146798728      -19.482122397108967
       27.097386922493715       32.382934432069547       23.558384323959043       -6.144584193379630       16.891140317124929
       36.077209277960051       30.328333620768781        3.777615099424751      -14.416041545538089        5.013384333017587
       37.884799304062355       40.677662539996717        7.140863108106121      -19.892620614785471       -3.577222125755204
       33.197990549381380       62.491164964540879        0.846705262495173       -3.824061142551995       -3.533858307795348
       72.364019293807942       57.664149386430765       11.696412142991514      -19.891213018340050        2.784938195489057
       67.697477618723369       83.811253384765138       10.886467265525244      -44.503502601150302      -10.466200020239249
       61.386367557805819       41.500843367970987       22.781533038186744      -59.632417805774580       10.524710407463379
       66.258429774095646       53.640103518146830        7.092149507770247      -44.111807795350401       -1.684966605178963
       41.754187687135108       67.266359447176697       18.645297738606626      -48.783254098046029        1.036549194703303
       77.823461595330585       50.324114628730619       25.683501204215631      -20.493877696124184       -0.036704717867089
       68.742349891475840       51.411569066596066       33.510814813103785      -41.989510578152355       -4.709387052201470
       45.991916562046143       38.221589393080428       35.135569089559517      -38.801881408857092        8.435346326605126
       50.373481107088224       62.705363883283312       44.383231793567333      -14.770573641618654      -18.292868166469283
       54.889022495196450       33.736650834106754       17.224437603034488      -24.730022387609818       15.369314736188985
       53.403124525387739       29.361076222882488       26.615052320300915      -21.215532733073342       11.101577626767885
       73.948859283277301       14.644839268045677       64.575497161474630      -17.119505096824568      -24.847133154678307
       58.875591800683843       28.015380714045911       33.868154418018044      -23.109744395361805        6.675509266152988
       48.070391002694095       37.606828877171395       38.863449301750776      -23.293645307107401        8.813308502711473
       40.625737382468728       28.199757187681346       26.579311691923746      -11.342414878248450      -12.764508412209956
        7.744904748551550       66.981613689505025       15.673312766679638       -7.046982622674820        5.592899686620936
       15.269822169013514       74.435522205035213      -10.412563293909534       27.154155233102038        1.983715074964581
      -11.218996121293971       70.042116687253696       12.359258588725142       10.181172750102743        8.589413557322448
       -7.723352607304230       68.206243119936673       25.127587074228689       21.846376884971757      -18.871866660875941
        5.357108830990097       48.246870562847441       40.294551766024554       -8.401613083537290       15.625596516595449
        7.921352652188731       43.860311349529745       46.598840343615862       -7.468939834516291       -4.945424185335193
       -6.307969113713035       77.053989014497063       54.979900681944606      -18.135091975708782        7.266499521915965
        3.829638278633786       66.029563502191593       48.606630061902507       10.796298394074956        1.250146889909063
       -4.734263778393792       84.282753890611687       30.093789045285806       17.829583964681916       -3.760508035539756
      -26.943850517161412       85.230015707263959       17.790715436944218       27.190748694577110        3.317083853630939
      -21.880379885298634       89.555109565420111       35.923497221689125       42.231405006249346       -1.947934077985397
      -31.882061525367781       56.792256735224171       16.532198262526759       19.865551967883903       -0.151662879233770
      -22.361688087923309       78.891988666365592        9.266244065171644        4.292867388365179       -8.211558915304970
       -1.668611176086368       54.969412665650388       26.087749319094407      -21.378226191192308       -3.141388371028913
      -13.635373279711844       90.073427830454420       23.660888886249190      -21.718135985725446       11.879316927751788
      -30.073448435939518       49.105123707246243        8.873570363520708       -3.436339834150853       -1.758448463200977
      -73.642462591823744       82.211425376476186        5.100824427651673        6.457659630836096      -12.651695165608144
      -49.740023392374304       88.615504167310306        8.100119256636779       25.512477963117512        6.997639629957190
      -79.178129881730456       85.957545350218666       16.129509513596101       29.533444490948366       11.041677064882681
      -73.699305073236701      111.668675626436126       -2.882967095157874       57.078065651715065      -11.328581683863915
      -58.661454401886331      103.079391853936016        2.920765450111245       56.159114731509895        0.996920419590031
      -72.560387638944931      108.821523062232956       25.330293506522647       58.580995833546595        4.161657099059768
      -69.630743774357555      100.658155226875110       20.686326297442722       40.100375987282717      -10.857183791233821
      -70.868115242368603       71.196992823979031       11.245870680566888       46.043346784078544       -4.210320810978665
      -34.723218849673366       52.677679274509543       -6.379246132883967       43.005950196188323       11.235695910415947
      -36.159666268218729       31.214083370982983      -18.634357503266568       64.112654362476263       -7.750212122461797
      -42.120152162381466       49.859422081115298       -2.516325472065980       50.947091634534623       -5.690234644778674
      -54.475364506345137       54.509230619257387      -23.525259952946037       80.208195662367643       13.025302970008148
      -37.402096433293856       51.093018774507549        2.593248086359940       66.378805385489628       -6.614591318721359
      -49.448196501245334       25.653433286686440       29.973154208708497       75.274492700992184       -1.164202652818048
      -28.163134959434622       41.872222936725123       13.850145742143523       39.835633034509335        7.033072455997949
      -38.900106749682209       30.089976670709362       25.743512343417795       36.413246892181924       -7.771651498153559
      -42.801595264706293       47.212732797257225       29.855775398793632       34.782713096904843        6.032141495817735
      -56.429352368897355       22.949069026476096       52.678156486473583       37.265776425282382       -2.766502360261468
      -46.114372496951553       30.930753874305513       39.782187911628434       25.392679540853308        2.457695843676175
      -49.408095660456873       27.236727418723852       58.894445954492291       21.584843136799844        4.869343127157642
      -31.476489976770537       65.213779233487017       42.757086119124089       13.707480673572459       -9.640510923440551
      -58.910120240067670       87.085837946710811       24.261332938813865        6.346079512754991        0.812109043834178
      -29.808140968281130       87.025567965041390       31.609521586612953       -1.878150951691688        9.069904318059434
      -52.275556063017014       81.549363388529727        8.376186431353778       -4.251533890244816      -10.413254117007810
      -51.077086329576822       63.218857720296427      -11.277678256765219        0.300899608545065        3.373466181540808
      -23.112473934910135       55.093495552593417        6.580686437125541       -5.844963591712397       -2.616094713904614
      -26.707932326579844       34.296763407501096       -5.041658134223530       -7.554480591557859        4.870307898044840
      -57.015558297898224       40.383297874162153       11.054818473695359       -3.007793412218190        7.352908443452821
      -43.582321047568108       51.029385447916432        0.639050603119689        3.726696864146693      -17.400931383645716
      -50.897269421313695       46.886726695041922       28.960940106052377       27.765653063971101        3.587901241885583
      -31.816928351807206       49.223608594949830        7.086774463766252       32.546577652250626        2.854691755536253
      -45.531684279048534       61.341464338157699        9.967863640185202       18.964974203502951        3.143352398843728
       -5.075182054452115       72.443369671358823       -0.973908108088199       39.923247157666090        3.723925502770046
       -6.997232621771235       60.255485634273768       -7.184122734029120       34.199609526215944      -11.484617510440602
      -14.631285651120425       59.126435080023150       -0.990069757461473       33.220558727648779       11.452143899105943
      -40.933905200384793       62.301518423330826      -17.211394275510639       28.831207511541180       -8.006026609810590
      -47.577236630201888       70.962616791242880      -19.676100071392490       10.655201759550193        4.498311859294690
      -47.628155482841024       27.670498016976463      -19.707428677539376       10.836423946528694        9.285095271654232
      -47.822234717280438       41.694188587058051       -6.447453915094398       48.464885700488779      -13.489161586707016
      -57.653915041488887       39.802256553991363      -21.627137146625845       56.924139593432052        9.214371691555137
      -59.656478771819849       50.041177715498918      -54.028443110367412       49.221601948815632        1.035564730220313
      -68.418848346765117       62.671796275002606      -32.370976976614884       52.800928360727234        2.032636122026301
      -65.008269090340349       67.670443932308970      -32.761788226691053       43.174140265397888      -20.383418238233830
      -85.720972339968966       67.546686303269979      -50.338470610188558       45.440059218907784       15.725341835934618
      -98.650923181172431       99.789608501189562      -43.581463513184843       63.122090204283296        3.500902227687114
      -96.911089197519118       67.968381832037934      -13.021088292995318       50.411028587440825       -1.698163202170717
      -90.493326890666850       74.222572806523615      -32.338306385455255       40.175680060704067      -12.161982974759502
      -61.571857526206657       64.890330159764673      -25.525573100488970       33.576992087877699       28.744378054621912
      -66.903615796095835       67.761641571929999       -1.516560576448451       63.840109164335281      -27.758693255256727
      -44.696487842605045       72.521064942148399       26.734491895099552       41.739405545683773        6.642212706881292
      -40.371115291003697       77.068243298207520       24.256448389374512       57.424157342725621        1.015926447877485
      -22.868582506969407       86.530756852438103       20.332976374568080       16.318094445750791        5.627787610386530
      -22.360479134829724       97.591002461054472       11.461246126214149       16.698079442530844       -1.548561704747306
      -26.356177215216334       66.753909158536473        3.984826041273517        6.075600052613085      -16.918848108047950
      -22.691565975337298       88.283734681668250      -14.591548855903669        4.103104461428084       10.399429714416476
       -8.673182837269309       45.256998595440720       -7.743468231907345       16.397477818000308       -5.185235013880749
      -29.528759119680494       55.944571736937533      -23.416883314298122       18.747655970616563        7.415767602543608
      -28.422403689775489       67.566403748242010      -11.438559166361037       26.851228659799933       -7.112532495826632
      -45.835128600398605       40.024722680076060       13.023113872612784       31.886996922113088        0.380190722495645
      -35.727228773268770       24.321771954152428        6.716584718261181       43.679128345003647        8.305678943375346
      -33.978827238470558       35.933001142689136      -11.463631927817145       46.284091127480679       -6.892009174136645
      -49.763661267476706       50.712855528901379      -20.000688419754319       44.337934911235671        9.060851953544441
      -34.715547415643471       16.805996575964357       10.931363173849086       56.876797992289291      -15.770525408700992
      -11.745791973131247       41.336150691344379       -0.283106645954907       41.356879309637122        1.472753317887431
       15.960800720852705       41.702057783813821       19.480669503514907       26.259279214881218       -1.137261214657417
      -11.743100942331377       47.842080462701787       -8.789264738952166       16.553935554857045       10.946574012444154
       -4.019164362028926       36.032121706406791        0.142324997340193       25.789587103255130       -5.420514712454396
        5.446861677796555       48.884863386021735      -24.953791556333062       42.045080180787608      -12.799154976803980
      -27.007941730944996       46.775968154873034       -0.643799641712836       28.475350366733309       21.294332242097017
       -3.460710153241589       29.214582613925483      -24.671372412730896       46.477123256422374      -11.063272769712317
       -5.394401735798954       49.405454012122490       10.146842634589900       28.455945754116442       -1.139942323519817
      -11.165123318500724       30.637892966532679      -27.571831263538378       51.994530548661849        0.000041559516071
        3.965136278272994       53.706909227896510       -1.637553684491849       58.344419598299645       19.576666139148497
      -37.238265685537996       66.386543470101969       -0.660203203285411       18.551593883418505      -30.433354738110165
      -15.046302154165422       81.173502256780651       -6.425548092565976       28.990714545815052       20.936578048564044
        1.629479688505363       75.359555454393075       -6.913827444598630       36.510244371789035      -18.755782741461463
       12.907557415708723       66.279692991129352       -4.696824695652468        5.637695153148825       14.034440947157488
        0.941636777490047       51.049630407144015        7.807459672414657       11.043966343098516       -0.728993889465596
      -14.297854820628546       40.294033326704827       17.150702997862883        7.718010599999053        2.000036166358305
        8.641968407698974       39.509583969867201        7.324648755129787       21.304453482817987       -9.956137138311584
       11.502927425209888       30.851353387939451       -9.850688379822847       31.393384073742471       20.761609192819844
      -26.747635050702812       48.020167051566247      -10.503300630835417       41.502132965364957      -17.245432661403711
       -5.375653304851136       47.922853941182133       39.655522299487025       30.383120544595535       14.045187516937983
      -13.004661355459287       56.840997550768414        9.455832376473282       24.480837540598177      -16.041650567950640
      -45.675927372138005       58.958747394265629       -9.663744364218100       12.807877744287820        6.327225398766184
      -42.367550676969216       51.757696528093327      -20.450191193312552       10.316789647082830        1.947382514124936
      -40.571305678850521       44.311386072555422      -22.131329245529376       29.072177309022472       -2.205904890016272
      -31.527852164367044       60.912136887093993      -12.897174402575976       42.033899181126159       -9.733734731275156
      -36.486053973979118       68.981447684936640      -33.506931547524822       69.052847156654778        9.445784651729227
       -9.548652898924118       90.180611864338488      -15.877683404552830       67.562822521222884       11.101044024655270
      -54.390598842594471       95.492627742580183      -24.231864025714831       59.460349965719971       10.503663370643091
      -33.662167721066858       69.217234292203329       -7.138153060984202       87.045154010373153      -26.713077490582663
      -43.679265416615706       74.702826049682713      -12.401583513867914       70.315074183561308       14.995453116073991
      -85.125335500881903       79.208442526101365       -6.084689030858661       50.608913192312727      -21.803794622257495
      -60.877695640260171       97.073089184028305        3.383232634392342       66.254992970633367        8.387015635359601
      -48.021454294339911      107.318245943465982      -39.582976290464430       47.102495677118696        1.266957912233239
      -21.236644670083958       90.233967704337928       -0.523123318554172       43.364807730950773       -5.439158969960276
      -20.556938918959268       65.347614364748139      -16.985571599556948       24.682987277946452       19.699486039158444
        2.642765688705334       70.974752999217031       -6.380160315690961       49.241897291296382       -6.610595489459472
       -0.142564544985527       94.717973189165932      -20.656800603141427       23.445327792852808      -16.938998344539666
       11.606534599792459       94.532635665054144      -18.111139801094414       19.789928974848724       -1.242441147078844
        8.665000127596119       72.301110757793822       -9.561083281936781       19.035323634708917       25.593932197128119
      -19.921252618488886      100.696618032239726      -28.265096972950307        1.405463175323066       -7.147485658764229
       -1.481138064183286       90.037916743565958        8.026493010836560       27.708397922454619       -9.630555641073645
      -21.814433110381497       88.078149654492009        5.494751667110227       15.039764292173281       17.820144827874266
      -18.966868145418939       60.006840091564882        1.230332929151707       13.844782800626710       -0.853809955392009
      -47.359741987856196       71.274517585533715       22.766475375630801        4.234261090420670      -15.885237834360327
      -50.027460683535885       57.125444317975486       44.007061091592782      -17.302180967376923        3.130514861063316
      -58.403507009021219       64.229806675409478       49.697792826852535      -24.053640157607493      -10.748106733333108
      -42.412022491904132       62.729676320848029       41.409838261100901      -51.039982432326660       10.113827825407615
      -51.628517552645320       58.242659375959306       39.730137627973477      -33.642913712561935      -14.767964476932907
      -33.997378825327857       69.341565071590722       45.893854196819042      -52.512146550566733       14.145439415521240
      -53.003920874244862       66.082071172603435       31.579000171386518      -65.402731536921763        1.582981438149130
       12.297780125498059       64.805223389391799       33.749240817614876      -80.233624320292535       -2.274464671438868
       -9.275418955067039       85.835731004241865       18.269476845597129      -38.135434834057648        3.242064320968832
        6.671583655373324       65.681249867653293       -7.092515390738179      -18.893077620712578       13.463802110920195
       28.762841508202666       71.979820208415020        9.786533084704899      -45.895480663108543      -13.848386370778320
        6.537133440969137       68.558014204088337        9.272269003027311      -52.445916692510004       -0.882723340024846
       24.814177775479383       28.016806091378395       -0.353265740008723      -31.863973209951741        8.440469625857716
       28.132942659285238       35.931156849390710      -10.859984135938317       -6.287386488036868      -10.360778280438630
       48.881333894427058       22.957805664991177      -16.752756366872628       10.370239697740809        1.775581470879218
       31.488769424755329       27.980482569908990       16.931591982636963      -17.687345724220886       -9.839918014653637
       17.525105482684708       55.311966532101160       -2.683631625509535       -7.510564618764096       -3.839048571897085
       16.235413290422269       70.559749156816821       20.423147678412956      -23.492002668902856       12.390219263578652
       28.363793746064395       52.340876203030135        8.212405125460103      -10.159446960245887        1.460742722575697
       25.086883555882199       39.045622254008542       10.379097481755249       -1.059546266957947       10.176918387237523
       32.538084348091935       43.283883406412130        4.777481698693767        8.935653274324240       -5.534980897685336
       33.124834384918053       42.354343989127244       12.055133274955720        5.608730290512785       -2.228554970523791
       34.780190767698585       46.956159706252315       42.192531257936984      -27.314189292419524        7.751739039990591
       75.375983424586366       40.717675338488284        4.615044126078237       -8.072361421610420       -9.331877648786465
       64.134859377196065       53.143632568320484       24.234084883412834       -5.780027964163600      -19.970358302095402
       62.705415939037721       51.412836189785644       10.311724040063016      -25.587977905741429       17.087814938998537
       95.956997978932847       61.490925735877070        9.227646608262056      -21.352612584416608       10.225913069681498
       51.068559717856090       62.935908310243860      -13.196895658860196       -6.163157604033249      -11.592972459048436
       70.155641781383324       66.195889676393762      -26.180608637496494       10.503423382832294       10.534276366196902
       14.076318705506910       66.555289170397316       -8.903082160776487        1.881418531330074       -1.078374495283039
       32.854029304628526       70.892636033854288       -1.263917215805736       14.863897739109902       -3.212273413476386
        9.382501118815203       67.298288050550838       -1.930949858955235        4.285013154328745       -8.664190485108341
       24.965788522829083       87.161105382532412      -13.257800887621814       24.454474436202535       11.639189068574176
       13.253654986788440       80.324654674258710      -64.237194015616865        2.241207403259294      -14.527639916563412
       26.085697438234519       48.943681487296807      -46.114401372200113       10.910079193186929        8.993995856573559
       15.122526974927005       73.596674704038847      -59.680760348915712       -4.138833299236490       -1.975046956683696
       26.705025626744284       73.669860065499961      -61.181738630589336       27.412648359904349        0.641512503385251
       32.897160153230892       49.293577283732319      -93.241237472184764       23.961236071523196        5.612895968495723
       42.321316480757979       38.872703524566511      -70.943183954665429       14.668900405561622       -2.829940534918890
       42.549095889674952       23.282388855209980      -70.649436341457360       35.865706019290094        2.093093800531614
       33.944821121024766       10.876606159452090      -79.677704310130011       60.291607752084261      -14.685142622508645
       53.551399615984415        2.020208123695368      -41.304677275917342       49.997736751130979       -1.997932918983820
       42.079627717123365        5.282466578127964      -90.692163668080184       68.583535496732125        0.723736325440262
       71.290189070026997        3.254296246956052      -48.484828304075222       73.619819220923986       10.342515640490301
       42.131753716393270        0.688262849309054      -61.304367407475979       65.900508666778038        0.134642890091842
       47.686927879765378       13.968745092464196      -75.460575396159470       64.275384431967780       -4.605527739512536
       17.761303438952122       20.026935537032315      -77.710843025580076       44.659526303143693        1.497609562693152
       38.105103574227030        9.803840325542224      -88.562407769621757       50.446158739188618       13.272757059239028
       30.104276849307649       28.669727703345753      -73.231478526176318       14.570192477837242      -19.435021634028395
       62.105677432540588       24.744834456275672      -76.858204510414069       11.945431997153994       11.688239014147355
       93.703911321019135       40.836407076784887      -60.154106854812561      -12.234598167582529       -2.185009431930608
       93.969254809853197       46.315950415671828      -67.284539668618407       13.191107119595548       -1.831675102928660
       80.796218330795270       36.785337697158667      -67.878535452439039       25.862037218707055        5.712849452355842
       66.864157226666492       33.003026539075250      -78.068534878774997       46.751700525940279      -10.162169169848177
       68.759601998569821       39.124314340244375      -66.396216700520981       29.985558272477249       -6.029735010628707
       65.086285597055493       16.644281972947709     -116.906451792783614       43.692174471117831        5.686989413501780
       56.258065801989851      -26.356884025786766     -127.676591496141086       34.650587576949007       -1.076583563906619
       80.600543522236705       -9.606952764450561     -115.591965212500369       24.072098035567731       -1.505216154183548
       73.830570461938649      -33.646160348814384     -123.503002552253335       42.965559479090743       -3.604324718724915
       67.414577576484788      -51.651229942837411     -106.210311478533782       26.451965559683401        6.555747305945731
       82.394554584141758      -28.499589482215971      -82.385915293940627       25.975677482840982        1.458702875414079
       75.612770618485911      -43.348562533942626      -93.445537331642228       36.426207862642180       -0.338693831077160
       74.781741429205468      -56.947297349742755      -82.173729340013821       42.643728054641372        4.125387902046310
       33.644048284582354      -35.804080635652149      -73.474581645138926       43.119169501429887       19.237022288110072
       65.975829041768606      -33.840989837637203      -69.874842206714078       36.928436709891265      -16.257040960213700
       54.121836033326524      -37.197537308778067      -69.912205667055758       27.067308214879024        2.057622370248351
       64.766106558314561      -22.867014875040013      -91.935166863468027       25.371482106889662      -14.643245986116527
       63.073030410430640      -29.501525024097429      -81.009771135380348       18.837962886855355       13.343014165784405
       51.884688984019540      -36.919739273957681      -51.243940318111534        4.692224612316207      -19.192320055664169
       58.608444610495702      -37.755300785548378      -36.738878957949261       -0.953169782375968       17.439194635555676
       62.893136447861423      -45.846908523481758      -56.681986582383850       13.816563647669433       -7.274754946233815
       57.809598245027146      -16.121690460098574      -56.496875196006165       21.777418032342478       11.634059852624747
       51.784055708057188      -12.575768437390957      -60.788375534915389       13.748068245398134        5.253782707966333
       58.833095936037743      -32.365921139988245      -53.993013747193231       46.763183908670825       -6.639958996117172
       90.916579142626986      -27.832500149131999      -58.611943966415424       44.979358165271066       -6.571421704162618
       44.020019161454002      -34.181673245737841      -45.322852271380214       30.530555267029470        3.058352430622899
       68.223016521660767      -44.465283222697479      -19.624361582362653       21.922596918282284       -7.745192031603929
       56.505868209489201      -12.511862777977747       -8.442150157030145      -13.773158563363575      -13.112074328858887
       77.328934220938919       -5.462064122823702      -36.981784255277795      -15.755981560143647        8.819510537031698
       35.525313719526778      -15.623626839601474       10.266546518175321      -26.389221670276374        4.618524896534592
       38.630195041546351       11.603321424189090        8.644658956088254      -11.127178368798679        7.424230230530646
       55.193994302972236        5.542630043367308       10.767463974628313      -14.491868970032382      -20.564061769445839
       52.425404672212899        5.118561868897443       -1.485524916606208      -20.364654167870039       21.034787238463316
       47.770920035505810        2.523644550999469      -17.792239176520859      -15.029594672508408        1.142488092530109
       37.927118769092871        3.814223376006533      -23.952673392578919        3.714529745716651       -1.898519856384738
       36.784726652404586       -3.424494549621293      -36.953445673598353       10.437238481768976      -13.744223283341135
       27.612321566123597      -28.603335157592856      -12.089862775966816       30.948359091290794        8.681440157108122
       61.494403060132335      -24.313425132951540      -31.090152155042240       24.465476483832571      -12.257151674897205
       60.766775774302424       -4.745763120424000       -9.099705624809548        3.764991041165207        2.341934969444975
       56.152176614540210      -14.088233665625108      -14.395148048540870      -30.508681945980459       -3.999787860748272
       85.458235928957450      -10.510265208495603        5.785708980689764      -20.499176353805133       29.362321019364728
       80.384223403990603      -53.519100091376295        2.505000228390943       -6.830327123467432      -27.960798898913467
       47.411045140328120      -22.624250327696146      -27.884581223114097       -5.534575970349623        6.200103288369051
       62.386747279073262      -38.072633322262988      -36.850200457681190        9.067674467600957       18.114437739077815
       58.292470870188048      -25.334613668508680      -50.869719254040533       26.086091512275765       -2.439396355882511
       49.639408443220923      -26.651420662780090      -61.199543519171471       15.601766411120455       -7.095294645494363
       80.209623370285016      -18.062381927787023      -39.575914978023128       33.279853439754767       13.372905451984114
       58.479734909684566      -28.511032972936086      -75.276728025677869       -3.419267022150283      -16.004048926438674
       60.116808044237267      -21.666579360065818      -64.013278919579506       14.695494693005360       -0.561072306662623
       49.807551934415045      -38.898923145861403      -65.466141503196624       25.724952022634398       10.279585513578564
       78.642845847951932      -30.680010052802480      -48.670267802537779        9.661317156125158       -8.260797460067991
       97.231419421477440      -47.489632075442962      -70.090025118179454       15.109494315410116       -3.687748508827494
       99.264603695888795      -51.706707587210190      -23.152844057268322       26.271763236063308       -1.313282444115815
       95.524596398769063      -27.586167801055097      -23.667810627460653       25.811104450747610       12.916705297866272
       76.773513929814470      -10.991580693628606      -34.759333287519794       35.461941125092558       -7.482489586888312
       69.186847574652845        9.942043729553863      -28.297030646184897       23.829286072658306       -0.298811011528157
       41.220928978142439      -17.743990482119738      -18.785582036316161       36.347585475490995        7.598799923052662
       67.690219242017264       -3.171897731312427      -12.472661272632024       33.720247487644656        4.503791611247864
       62.847845431658754        0.561199599000510      -27.883581617658397       45.054849932654861       -6.997285965232739
       43.110167278475650       -4.362271826101385      -23.784246349063007       29.589576965716795      -11.375687448427525
       34.958985915956653       -5.661099138103376       -2.859844584245534       15.573762987017830        6.488453939205662
       29.714080711360918        9.141857888609950      -12.993656441603374       25.985931100744050        2.924066241693720
       13.788660245982985       16.745101575617369      -24.370152270055133       20.018887373411086       -3.592778354578751
       -8.505043370416171       15.218583361143995      -37.466131755670993       21.580623269380879       -0.287951183214703
      -16.263750603305638       12.762161649186158      -20.676730965114039       19.923339847911112       12.600568406437301
       -2.013241777281045      -11.642194749688457      -15.978825454628803       43.721183901158412       -3.932164658592392
       11.130976837707907      -10.164436606580376      -25.435168228453389       46.808761804055742       -0.391736659703683
       11.100683065707054       30.261685278120748      -32.699836972639986       48.629513469228137      -13.461721365558835
        8.797408963109936       26.070213569954426      -29.334061445625640       30.177835977011746       -3.661511757070482
      -14.064111187074792       16.221494543738082      -23.841514052273034       49.656000401621412        3.930310315226925
       16.405507484047163       18.033959170817162      -32.132032576504180       49.799107150058560        7.560209208210352
        0.890182265164002        8.980239939274144      -17.582669025107332       59.308812374346033      -10.834772947184204
       13.137967396346918        7.132001114007413      -32.864489334797774       37.902963703595518        1.332998631468077
       15.686422970048669        5.335266139056702      -18.851638097930909       70.136673700145025       16.576672719746057
        7.725950799208910       14.702504760551125        0.523049030808791       71.880857933963924       -7.539061670637849
        5.078673414836487       -6.982294533393542      -37.292739722997169       80.084948292828770       -4.034755958971006
       -2.972351940395832       11.413968759428121      -26.786389602962810       70.649624108948160       17.890567889070716
        3.445233309908994       20.272570902235284       -2.557743250354477       52.749160930134806      -15.247287936212588
       29.109326561365044       15.853160033248750      -24.814373112683711       50.805371147454366        1.254692179978027
       10.290401575123765       24.957581605920314      -19.621931558526651        6.328986125726101        6.571653326308752
       14.250710809814853       28.985333201660648      -14.612775238025129       16.431825754639920      -13.260682555418372
        3.263309979938041       39.024729815263235      -13.299047872225760       18.893569628836932      -17.659548460325812
      -34.508877575329933       71.171318263566263       -5.694027663120368       24.477138281039757       24.459836277176667
      -12.938317168434114       43.186107604702713      -21.204559932503308        7.156413634390044       -7.650111837612209
      -27.012612988752355       35.178343917952937      -27.254868741061546       25.760267868926292        4.719498416466501
      -42.021604443028906       52.755394359606932      -25.616701669359035      -11.546995572308298        6.317383938262052
      -22.881288899742568       44.210159652393237      -41.132245692739232        3.812255592512154       -3.371757431589566
      -24.744895683886554       55.651858489504676      -48.197741866167569        1.604883087082463        0.159645085906262
      -11.966499308148393       43.112943725745275      -60.488531807910270      -21.945945441937109        1.036632330843184
       -8.955683930620083       64.558320407062311      -33.751620981014661      -42.844059231173340        3.952240399434594
       22.175186300444430       46.772418473647718      -29.953713564130716        2.577492448857257        4.361868949033650
       13.387291315404438       46.582569264403389      -31.229830650175661       -0.150142561271182      -15.579505665453286
       -2.986619794318504       54.334275792757225      -34.559697413691573      -18.014541066324675       14.743922090779852
       20.064773623641379       30.601532081866299      -37.136709862436788      -20.171667524357535       -9.013740598262862
       13.886544700438282       65.951580598316511      -22.868972614071481      -23.678568410276256        1.247476703960544
      -12.293714023089562       73.675662693181394       13.675075174533069      -35.601232006076891        4.180163264815335
      -17.557893270653278       86.640870061969608      -32.198528024633170      -24.827542861320076        7.058472417790506
      -28.318856601724267       85.528030365221809      -18.186045080799818      -12.525025553548803      -18.527784229111081
       -2.409894971284831       40.903206114733599      -20.963351318780173      -20.337203052321097       -3.137336674268489
        5.816469157902922       41.999935392288982       -3.651206453983766       -8.425099524489855       10.414303204982888
       11.206287275542330       30.261087318631244      -19.478196996231620      -21.248134956924826       -6.525245755550622
       -4.159906046958083       23.906542093770451       -5.716199270495960       15.132315973801674        8.199186079109126
       13.793129220375603       19.666526345699825      -23.445787531023853       10.125677537694873      -12.578132936393526
       14.849812073593258       -1.353047787105392      -19.227716955721011      -11.485919217937287        6.254955490026572
       18.839400112304176       -5.030734341997713      -30.114487868534255       12.210756741907836       14.914986998751807
       26.828147529260296       22.593666823197552      -14.849899121668113       22.051631621103873       -8.749246966424449
       -1.426374163559378        0.986862284280785      -24.346106251312879       50.545278179488932        2.603359005236048
        0.572261478846271        4.485315230241309      -51.099524869313285       59.205543811896554      -10.549244161667726
        8.379085955294851       19.169759988800095      -41.196056310724657       45.159112930987334        2.998775304019865
        1.805628620735875       37.058226706678717       -3.391945853103337       25.279302047423556       -2.370440659418301
      -16.538437990276147       21.870391335798637      -52.196883001716579       10.310847377146436        7.012765285023200
       -8.430897503372071       16.716554662779743      -24.868569974963759      -30.585312617401861      -17.462935426569466
      -15.408228239374875       -2.663319393309926      -53.141954592280285       -8.792914272843870       19.623134298749470
      -12.373569267571099       23.124368833615783      -14.409748579458075       -7.227705193283064       -3.506921677557541
      -11.992435366330584       27.666800436365772      -15.420700274340334      -13.485125884471657        0.658629436108704
        2.545947993365313       20.080441439373477      -52.618166716941843       -5.872538016543998       -3.827439375609617
       13.584358319643814       24.707142558096475      -59.033641732394706      -12.175586171203248       11.079346200215065
       -1.044149299235109       36.385060622270998      -75.150430902989029        9.549721862051474      -16.422095808680886
       11.343837818974833       27.119414005775440      -78.642293155170975       18.099077053461571        7.426598225721685
       -2.272083717587491       18.583273251150480      -81.471630223550221       40.646370276421926        1.902918054697830
        8.227457535950608        3.047886644976865      -71.190565267050687       38.318652699117401      -15.291139505158259
       -2.063412870533975        2.628183416505788      -94.098823045165076       21.119313895526233       19.133163854751981
       10.773871635571327        6.715305862315401      -53.878596942480222       28.240908207369117        2.067794148427963
      -11.489011259031303       30.624975094143803      -44.082211897725728       22.032043882988219       -8.225700920178005
      -30.387208889179654        0.930677785346296      -57.497130724672360        7.411471605118421       -9.147019119694425
       -5.294750066992179      -10.781698105741988      -59.054455504899792       37.785989491299816       11.044455366971068
      -16.538172810370767        8.653415820046643      -87.235951423713118       14.313964243581893       15.641513884684636
      -27.569807675887635       18.695274867913184      -40.129458594712602       32.212807455431310      -16.413725730114074
      -11.863618284989908       -4.408306563802537      -38.202021094574377       16.640388670810239       11.068164827074522
       -9.992111939419635        1.141102650236265      -16.271767498546016       20.140731037844411      -12.126451184891485
      -37.072454831621677      -10.823020456170413      -15.578340010942227        9.291464632677194        2.313020612984525
      -53.889231154365028      -23.298859654703392      -11.492077660832575       18.682357334743827       -2.650159391713485
      -48.311496786275242      -24.270008842765360      -46.349338334948534       22.662124213999512        3.654346710967816
      -39.659862361240279      -14.993849050353830      -23.338760768660833       -8.372746563607491       -4.139131391202183
      -46.190196808361314        8.784102884241662      -44.973696580820707       15.748412989519771        1.700622941243291
      -43.569502921841860       14.224928752605162      -44.287457830487547        8.239213980146129        7.079828482385342
      -29.427247074641222        5.711679354271599      -35.017436799842663       21.084024937945081       -7.412541785052495
      -60.349658319125915       -2.247055577657269      -57.507758151387641       -4.379315557502943        7.772025902385523
      -72.773136075528512       34.701475450811181      -45.453905267401723      -15.133781015578634       -0.241309022466963
      -97.367953253151271       20.339379045466913      -39.703832274637051        8.121616009715718       11.255570158990725
      -82.197042641618751       34.139051143897575      -25.199082980542261       11.962059504916784      -14.751721144441690
      -91.646775766894251       40.867480008744785      -67.770847493338096       40.200768879106079        5.443222234074658
      -59.172293525320420       39.965949010122934      -61.907777246557274       11.259947781746890       -1.604452730108122
      -76.642565434892134       48.272482804227742      -48.054085702597241       26.942568310402134       -3.630746025620679
      -89.287442388885907       43.482081346111698      -26.092759160188887       15.110002090075040        8.258769929636804
      -69.836664515337233       43.674979940853845      -27.393553072936356       20.765535920074736      -23.214552832407165
      -62.394490645874065       62.689009545258692      -16.016800565391449       43.555976093966827       15.674107726410119
      -51.559873363934017       61.046916498830889      -32.400149339563406       52.917975108743370        3.772086095461885
      -69.790000939257126       72.753201122319510       -8.111693758246567       50.920588085988939       -3.555711537332175
      -59.400067060849715       45.464706448318886      -21.802979462782726       50.829476998626767        3.124366244981388
      -39.979605668118360       65.559576690467935        3.201159602514918       35.567358709577640       -8.733997612026856
      -48.765447711320263       43.891181410986981        4.476684155479355       25.167372549617081        3.501930785265054
       -7.624246593535874       46.562576788704057      -20.124873279470421       12.966360631156668        7.678039551902871
      -38.629923544275520       53.936620256266870      -55.470066140624873       37.199859223619626       -0.924447950533316
      -41.251843247854246       41.382005581753873      -43.657298479465915       43.317542053259722       -5.856426681221850
      -34.711301362180450       43.677626210423846      -57.911059908386335       62.673944769956968        5.780685086126311
      -38.136147868241288        7.850925255372024      -52.510013417106791       57.991808621193300       -1.500203588647628
      -46.228143206887168       32.214091361888009      -91.872835379012159       34.376046312571098        0.291149498605462
      -40.623186516329703       10.063524956568809      -54.349866267449116       40.231337808111164       -5.871870213890400
      -25.671543115250469       28.645668316203746      -72.275339791730275       33.715415914361678        3.860878270761475
      -62.239843487970248       38.537892993466372      -42.983225617021013       42.018336496327457       -4.515271158386462
      -52.461770126033379       61.465319139526642      -72.536755471292906       46.980203159079281       -1.190481519202141
      -22.930812059562278       79.030944369051142      -54.059430844352789       45.060423537356172        3.688553512791933
      -51.073659640573929       58.010868891615559      -48.434454600767019       58.805850427992468       -6.374535610366848
      -52.708559412306080       83.116004776155648      -32.932823405831904       60.283294310421546       13.137755773080329
      -43.019762349852655       68.243138453252087      -25.872653013113073       60.418976249134829       14.180859038004337
      -41.310100882417352       56.940687622106296      -25.131272368163028       62.972680929827185      -14.534066447473540
      -69.633216651346629       62.091516435592347      -32.216285770481697       62.281214972489956        1.600285067161298
      -80.940206538395387       60.444371953860397      -32.576300763926795       25.086137356519782        1.669522206903468
     -102.100238751167296       67.219267284809192      -37.069265562002649       18.957250633570592       -9.313370277096533
      -82.134765333182713       59.844072566202264      -36.777592529702702        3.800808533685603       11.773843076391675
      -93.684338497691257       52.607215345544418      -34.674287219850044       11.002912228022385       -1.022479699585186
      -84.292777770920395       27.087955621661429      -39.198267482803878       11.397075901578148      -20.742790742508859
      -79.776958609174528       41.195728838517930      -34.482406553023878        1.931001576769097        7.822465281537226
      -65.467516496988225       16.736971136826071      -13.894081679914843        4.442792022355435        0.317082156891496
      -46.120104874370007       36.229556279341267      -40.294958972705210       12.986828611521634       18.014186981216096
      -52.696219918670067       50.818860304997713      -43.693653614259148       27.280053600273384       -7.193603217600725
      -49.028742097400396       22.991325289934508      -43.979536985327250      -11.308076254194956       -4.186883866189089
      -69.321317804627768       33.457756035214381      -24.572402719469000        2.754166691397355       22.289998203075122
      -75.943081332287747       56.909812790994408      -16.533040208369865       -0.930373178940044      -28.727008648676104
      -71.790807786919558       44.439851553043006       10.482369741032954       -0.595373591005755       -1.861083767831563
      -43.917312466308310       19.218338943207534      -15.599927570387701      -10.511986123402208        8.942839980471183
      -45.276018237311156       13.676662941546809       -9.556822214654453      -15.470064351250240      -18.897562341912053
        1.938226305963710        7.851622274893136      -21.373441250080184       -6.571354468301178       12.061883161831451
      -43.331554848550695       12.428237195253935       -2.736211527965315      -24.899813183968540        3.972754642292641
       -2.627458186677327       -3.941921164020761      -13.851098784646691       -7.281019302182291       -6.728868720368560
      -31.368174552065280       11.715185575003522       -5.906921067357578        0.057578149455303       -1.382225383444081
      -41.124297669294343       30.862379785272857       -3.920075847282334       23.027748508930024       10.163538026594033
      -23.730189486038469       20.112130821215192      -17.970062398201929       23.455369969989267        8.008740083464438
      -43.984045289305733       15.875962550264697       -6.290253140186249       17.915071795010711       -6.978188297666242
        6.818260974526115       12.849440448399214       -4.081561996046838       23.823120698685429        1.027858694119677
        0.866777220826670       30.867815259421352       -7.112113162311566       15.692749458361060       -2.852668365495766
      -19.144751474517985       45.096058078975553       -9.921414116476484       30.771409061962494       -2.035089688320554
      -11.845575235975142       52.950492764458907      -16.610319408731154       18.768862839668049       -0.081948192066937
      -33.083662467614644       25.739553078487898      -22.239944439946086       14.081321683690769       -0.130459712757348
      -16.550380396281906       44.420498658241236        3.326706050353041      -20.353613400082924       -5.275547342370000
      -35.481780060010124       10.834301610279955       -9.672288476367772        6.176392060182809        4.972305525592473
        6.480264300357597       18.294489051783582      -16.132131714296534      -16.573656877235642       -5.282001806499393
      -18.642080976232172       24.971229383364577       -3.433944803001903       -6.079929272065310        0.586221220060845
      -17.377708999952294       37.983059646146714       12.743982694509102       24.647874566036691       -4.376254685814743
      -23.058822425668765       19.656549113822980       18.149846327899049       14.720216790167555       11.500519027883392
       -4.282401228126680       22.765149220471336      -17.310615043562610       -2.703278433701483       -2.457766912878642
        0.193553091260328      -19.453240443250614      -13.771557261727077        6.760094940725382        4.512135667593506
      -13.811451245484207        0.642429335384936       -6.998058058982070        5.021681602256310       -5.272873721936952
      -15.340715826681979      -11.535356774964722       -4.621569081276516       11.832665759572247       -8.837152239586844
      -19.301484123487732       -1.391949132732281      -36.407986320073874       -4.834330230651474       -5.611465324955246
      -24.291688188012781       -8.504062114327454      -52.086004531578233       -8.238300579895629        6.678870672901803
      -16.678207812868791       10.373006586903886      -25.386112854832614       -7.807247008052633        9.097197674322507
      -28.798255291525127       22.684645062927117      -46.041746507345835       15.805337134214572        7.446386696090347
       -3.383569525261578       18.029854040570893      -27.449537838150452        1.180552703047858      -11.741278607728079
      -16.238666116342710       19.371188967642539      -27.534763989748736       -3.161057435130026       -5.295354573623404
        4.324862768782411        2.504313031278834      -40.369997849683415       41.741558402711995       16.209531546362921
       -6.078430780900972       15.936240488326709      -32.175726012576121       61.483826276022320       -4.328271024181340
       10.895572156633643        5.414818468695598      -31.117396539205178       64.053205644601533       -6.545344474917556
       30.485347627507100      -14.638295861184472      -26.393669054121371       63.226712589898924       10.434646780503819
       -7.179674686337158      -12.159595090991971      -19.353417361268875       60.921899645709814      -11.521748170052012
        2.483694458159319       -2.821553400961639      -26.596743585090973       67.725462864344948       -0.607154811224421
      -17.961016886459991       -3.115613072180023      -18.903325032964798       47.487775575492343        1.991468741859646
      -12.949659775491041        4.093616173694023      -28.538590690710478       70.009636211377071       17.805436246793992
      -28.444402689531326       -2.864591483463336       -2.122412607622809       61.935168144451097       -8.795522451022038
      -40.912798812065397        6.317445257754112       -4.410231340225184       86.376527012644388       -8.180867055051134
      -34.446350063037507       -5.261672552922385       10.769436654788940       77.554510311435195       19.490903715874481
      -40.813730700001479        1.789259195919223      -33.033538730607496       80.687760594374041      -16.811818476502378
       17.593575151964338       -0.487680106561370       -4.708171724343952       65.242079942157858       -7.347480102767351
      -22.291211540749483       27.255502920143595      -40.570254334428640       59.442563303894268       18.134621406167064
      -12.099566649079966       21.058954198914446        4.310735330507622       62.519521409500882       -7.956920752546540
      -41.535317516357374       17.224775905501467      -22.604874374830107       65.210695521964979      -14.913070623309761
      -35.912814994048389        1.079365543493739        9.684514971452158       58.184697670344740       14.135260660936389
      -45.143879770806514      -20.315662061996957       -8.173120536433853       63.269640953787295        3.950692990316223
      -49.416529018882088        7.853449704907914       -4.562828560482773       42.084963865588321      -10.748344589344057
      -70.839768317459928       18.200462954331986       -8.517984335031695       34.246189118767255        4.949574530996970
      -68.229213771263431       21.113671075911714      -12.658304774714617       -2.828974180184767       23.229650641894199
      -86.465699236065632       14.825158429619719      -15.394218349022127        9.420632808875338      -11.854688300942907
      -61.568070581402189       20.701160462634888        9.716183173025343       21.283598398498889       -6.981443123846092
      -79.091880658004868       11.721351072287597       18.462591185660866       -5.164550917821142        6.793199797299717
      -58.738668173780063       15.810033010058751       41.732908091942996      -14.712345050536188      -22.788855231718625
     -104.780058835305709       11.577793407747258       10.826203652567530       -2.802572124218436       14.537672782133736
      -82.352640222724744       33.324904004727763       39.550902209991577       -7.625779951682185        2.958043599960221
      -74.013393230671738       24.581143234752794       29.821905644942756       10.480822471504906       -5.334271904666244
      -76.440899396392865       28.702482745475400       31.550127685024393       -5.021955683012800        0.603489415106097
      -76.588316571050015       23.864234845600322       25.368904905105435       10.907371547822143        8.166879662920740
      -73.448342728991449       12.148344052499136       31.285867854039701       -9.114748898234151      -12.726937804418338
      -47.781418438063625       12.415615050370439       56.612995227202489        1.362253712768368        2.248338522742236
      -49.492615776192736       18.763464376231259        8.397384576162501        9.610616496228770      -11.562194889478580
      -49.147477561329303       15.247672187345131       17.986080188470996        5.201741473941519       -8.633940747776810
      -70.917256116371462       18.181130911313687       34.176928992339427       -0.652389770290829       20.277037813490214
      -19.581994241241176       42.823070544605102       17.447095308303325      -12.790023346544793       15.917317708326486
      -64.549996625552694       71.769895095702935       56.773208040742389       17.350376292710440      -23.372857462579425
      -83.919807014084952       53.045165873543546       12.689975463800449        4.961452252175188       18.346801927765277
      -53.686334629353858        9.237063308062668       22.165312375838305       25.775752571827898       -0.103071916978264
      -48.119686147376932        7.184727765293888       28.419943997424152       12.885203455566431       -6.838758765571370
      -72.498968083607110       39.513229383661844       31.877137061761292       12.286247593102852       -8.533685376378708
      -60.161738854100960       30.701347645079455       38.911353677124744        4.401924290042427        2.673098841153343
      -41.895369468795309       35.654759240710497       19.520267121454694        1.615852649278012      -17.365050772236032
      -37.211348691019580       42.642553877717475       42.256540823686827        9.457582817685644       23.591631842148828
      -40.722913044275018       57.693404820855626       -8.863903456514443       25.346855166283689        0.928723485687616
      -11.324859333669007       49.507866856611564      -10.360683993081688       50.252647373937165       -8.373291151127788
      -25.951651154683525       69.122150992073898       -0.739430674967329       28.934902569657822       -2.907686427386644
      -36.957051984975017       69.998450259991131      -12.552046492207451       28.836836734318162       12.227744430232182
      -12.500752092051568       55.487934803748679       25.091714093895323       20.475966205543944        2.469924677300319
      -17.357484838751017       50.786492728776373       -1.112188906223769        3.874904195637031       -1.366976785012669
       -7.949388627590276       68.814766764471926      -12.126011791003410       10.684910572013012      -11.174390770525976
      -29.466297639984319       59.453543934478255      -26.659283338627166       -3.062388571413704        9.935338125885711
      -48.322058460709918       56.096318437926421      -13.551327911370134      -17.699939807454651      -17.362585538934486
      -20.806246713993779       57.870221582391757      -28.235904904827517        6.180566855095665       19.864684839341589
      -15.761875047908605       59.614716328834014      -12.594291323492094       29.666105927856464       -7.168324865948723
      -12.734987702360861       61.855439248766935      -61.247192464478829       28.845738889780669       -4.124957441055403
      -12.571720959429005       85.066854670193919      -13.195895919328374       47.917315838298052        6.349517040882531
      -10.419277066738976      108.404071681842765      -31.598144287189889       64.516638649062457      -11.685592185504277
      -21.307863887190322      114.889883194274645      -22.733438422902267       72.532437365196287       16.556995173215412
       -9.062491040862435       94.596203487321432      -18.302993257781864       40.991169132729205       -9.202426508026281
      -25.078734602980127       99.166165996737476      -24.663983921982403       62.581027998404394       -6.120474137271414
        2.271780618797817       80.653753912638919      -15.384935555047456       75.380651885409463        8.989513081413172
      -26.516517556159318      109.638933759241084      -25.829187098681295       83.179523080595104       -4.404267498396980
       -6.995060566529462      104.892430415545149      -18.419384651736504       88.947597603899752       -6.199726215978077
      -20.635649333781984      103.689301754695492       12.796009613583299       46.937133612980702       17.123141670428566
       -0.185545046801072       79.342932583582680        7.751021579727720       80.746152884286090      -15.726799771577349
       20.701816122869307       99.033563181256127      -22.583341798057035       88.230655445282480       10.265587466196424
        1.661445706898207       99.924429267774372      -20.352280163650892       65.078309459285762        3.627717570251585
       10.175543824683142      114.720522128717960      -16.150894426405117       77.306334922935591       -4.818474097737021
       15.896832332709847      110.431136929282673      -38.542429881311982       72.435040018269021       -0.766994765853464
       37.733371875101021       67.716309375735719      -28.306144040253386       58.672900106677083        5.284653904565372
       28.660053001612674       59.624631867909109      -30.446666519218223       67.793853873749114       -2.057880725528270
       23.178169996700486       64.511338604418796      -25.381704195542127       73.812684324387121       -8.812289163339209
        4.936120207019994       51.648679636952956      -24.445438427071398       63.828738465054883       -4.083189081324075
      -10.838005061697324       50.154384952189616      -18.731066113933139       50.276148176466954       12.571050159711207
      -18.997690550672118       67.873836614842162       -1.975120538269932       66.916020168847069       -7.018684960829265
        2.570309407506985       69.415354336624929      -29.295137212130193       50.624130342121006       -5.226038529231879
      -23.285859536258531       59.509579884950966      -23.760409046291741       68.837817792354130       22.617632223471862
      -18.345905238467605       56.237805711295465      -28.404272028826696       54.738661781781936      -28.688181991530346
      -32.401049149002681       50.229988307249158      -19.412778220925972       41.871083501096138       22.939608258584425
      -14.849465111373849       54.195253059648351      -25.316510601620816       52.828341834123698        3.894456909253837
      -41.704443207598906       52.026624799302191       12.026649838077031       53.850030683366626      -18.041573618546074
        0.814796129726787       28.572630572454891        9.527540716452298       58.816106742931339       12.238650276916578
      -30.770585570647174       48.709170588648909       20.243290525435491       70.604206243658680       17.860378137127508
      -10.410109918323926       40.409565666723182       11.408252262916088       63.336683151802433      -39.169276459008920
      -28.922521791696688       27.890890836426667       27.039495885083461       56.181884661610574       21.484395116908242
      -39.833467868691130       33.232217512442041       39.524111799884807       60.383369107105324        4.680185339370063
       -7.976709263824497       32.940561214281011       36.065075641261792       77.108085845905734      -12.763622216403657
       13.483072632672307       24.071171311181299       44.429677516101144       60.345674148957947        2.840202325051917
       45.353159106080888       23.967297613758543       60.599656930445846       20.020736576856621       11.856287017549873
       42.912857873841951       24.952834019250041       25.943113367507387       20.651384586889488      -14.206772365421667
       26.755850271112447       30.221388201966896       25.278590970248707       14.386709610199263        5.191310178746321
       33.560905591836658       30.034184860759098       38.200460971348569       15.739797704011909       13.679328362325592
        1.812993765639714       62.605300940628887       57.403497784419571       -6.055553194117041      -26.614346789184513
       28.240912510989077       48.593232087351240       57.873677444864718        1.239152867155552       14.030819606800367
      -13.484661214385046       46.226915415931984       57.804316645275655      -17.082161181052449       -9.133263518390729
       -9.867767387473753       52.339880011482258       33.991302426926786        2.365502847915482       15.557222397502183
      -18.994901766118982       57.551315286672818       62.024486638610533      -24.750605566288055        2.257456089239143
        2.702169053446969       52.264241809739666       23.158325930534819        6.104156340924827      -13.908210491455533
      -12.808237780901877       44.996705382411214       60.761278865528567        5.534207331985157       14.746067075387494
      -25.455632436542295       74.492128000860305       15.340500881307056       13.207127707073020        8.244304230771165
      -24.947886719995704       76.128426080046509       53.911725975347281       19.097687886302168      -16.950617446925918
        0.103688372231939       99.394091125752624        9.992534501716150       36.532750617828569       -4.542006826623616
      -38.067360683229197      103.889251682089409       43.370291562091815       25.986610060045912        0.411124512425765
      -21.796713315408599      103.740509279571299       22.270304903184318       34.685776547352631        9.026807915314816
       -6.208038131822732       82.854421846565231        1.215626077974687       27.505423121173305      -13.667425808907256
       -8.445465092937527       87.200804057658260        2.898782333597621        7.962371769142216        3.332519948813441
      -15.906198574453393       72.359515507095153       13.739027989536925       29.690151669452089       17.596495730882427
        1.434411722356680       40.869972442354644       -5.869183466238368       17.202428298004584       -1.253018999920190
       -0.846536168305286       69.158428773519475       19.118428935314864       17.150067296101334       -2.312543505731169
       -9.164376421948925       84.278264383748862       -5.491595747323909       15.504363102804023       -2.564787422331530
      -33.832953418890668       68.059956536397522        9.189040744655017       30.134188251068274       -6.985920691387206
      -35.988501132550944       31.750613944451956       -3.837553458559113       20.947206112748958        5.142558387410687
      -37.490799602420857       44.752765809800898      -17.255854790920491       20.107111167388133      -11.943393253013401
      -53.480885746811808       16.863125383921222       -6.993817943537534       33.335204581523364       11.666144521086970
      -45.170054459931528       24.183221028717561        3.288604043621056        0.918479566362748       -7.135221066341916
      -47.911547733335397        5.890286839816447       18.580331473228608       12.074530529822763       -8.183646177032603
      -16.007911325635487       -3.966964762512921        0.253342671679966        6.093065035207594       11.017183919185232
      -19.544551166280606       13.794716968805679       14.624801843493984       12.339398944119536        8.344042094503525
      -31.313136174533827        2.107186544492180       41.213676591757782        6.400843626850024       -9.416490302860369
      -36.327023202360820       -1.235355907505980       51.224774501181983       16.641590813855714        0.148675474394909
      -16.129481462806790      -21.575087487272192       37.090208147045864       26.686161877071434        4.705476979790141
       -9.397924209557653        2.947906922913440       22.500140878143824       34.018824961695181       -0.986376335173089
       -9.416063647972011        1.882377679704736       29.443468442762725       31.165004291056917       -8.769822486133158
      -37.829682180647012        5.718808502368230        2.578084517162301        7.985435385647760        8.790823940607224
      -26.309115242115368        8.116908593305313       18.842596482245707       -9.228419435947337       14.131565505316892
      -48.911206288346378       17.249909939507624       15.943693247867214        8.311316781337068       -3.191511332784941
      -20.387603595910868        0.408932317579811       23.376008513231280      -15.164472430208066       -8.156012493073481
      -38.137812897071967       21.385522299934948       32.685660394168039      -18.441763993844226       22.505359615247862
      -50.054566857287256       30.845365996790303       38.583328182445314      -27.448549493496397      -29.507758214547323
      -30.939574764309715       26.653057689760285       30.789133173625530      -42.416959285555954       -2.011837836145877
      -35.716675750791630       29.865640029213868       39.077546830367162      -50.738484945173411        5.211986174982577
      -41.195095775494934       59.570772747082160       40.118216896907988      -46.399865576981369        3.747106615442620
      -11.627348793496864       33.084373215453923        7.536632078431255      -43.613441185038099      -12.164462327706497
        3.367204070819364       13.175070616808528       39.491765447639963      -32.138108804351347        2.122403579140939
       -5.400492757633720        7.034653536829177        9.807321569509407      -22.298871336232274       12.229668070810504
       -4.328922909595497       21.950720939858826       19.278962086903416      -13.223900407441048       -0.299182222824962
       -7.849195992554638       17.839995547942795       20.947136625196137       -4.057300677544320       -8.644420567160198
      -16.775058044738202       19.637042972052274       29.067812755474936      -14.975038680331151        3.201321291845276
      -30.762649258240447       20.129488416366524       10.093618122154064        6.668872272014510        8.254498060007139
      -34.483897801974337       31.272888850468149        5.819413282907492       10.513575003550146       -6.449588575619097
      -20.989533273764081       12.677261114704708       -3.318362527341339       23.927001459993306        0.703478017984079
      -23.209762453904602       -2.018498999321265       27.172137037677562       43.437634005378804        1.928722155232869
      -40.318908532469621        8.169232310483103       12.574028399251066       24.776068641177382      -13.375981639090540
       -8.723902916263938       -4.197271977489081       18.923229125550389        8.342476387991598        7.629416492570726
      -34.771001478512218       21.104516562308572       30.044913495041833       22.361128667200198       -7.894428835452289
      -19.745789847362815       36.595447077765456       16.093391442886379       54.701688197670279       -6.827701959086735
      -16.609484852126453       12.999697933954630       21.351500948486276       42.349005618725265       21.891720189251583
        1.320112301682563       10.579692704122353       -9.972061482902800       31.460200357063790       -2.140801489625966
        4.010680478296946       -2.071731434170620       -1.366373510454192        9.249963371994456       -2.081743740953805
      -13.413005703151725       17.647164462098800      -21.174762561646112        3.173723385913783       -1.401681641314835
      -16.830698694300423       12.848170954062789       -4.827317365381028       29.548309839166343       -1.331175882541806
        9.344938131678429        7.380076040978683      -16.546463966719337       26.091708990694123        4.967945779126408
        4.949199092977764       18.741381025227170      -13.746434393462490       34.325526127786922      -11.701464711054387
        5.220762411107853       -1.966691057715734       -8.802532393279591       40.318945067281284       15.143385080529590
      -25.684196935375486       -8.686841592612522        3.528022183091931       31.760696234313908        1.943802819094954
       22.231745434750234        7.125360273913731        8.277820093729654       26.452138383967913      -14.233197345212053
        1.940776646339263        6.379694658681425       15.151552596957259       27.057782447426440       -7.556348500581713
       23.448116840644992       15.937555117569701       31.876738521992387       39.914591537360252        7.584978370328721
       39.981937907153650       -5.500182696511902       19.758894901361877       65.104286433368316        0.230653288103273
       20.358781179824867       11.540006498879803       10.016558590531178       76.079069536711984        2.052787993967256
       59.858395728436975       -5.192972236313255       -0.114443337982301       63.529522991508003        9.446081123444161
        5.653515737333596       22.460724235409572       -2.248470365666085       65.095313700435156        1.047967778070730
       46.610696111346492       35.846641702460872      -13.247436443228365       95.974196808267692      -17.676243507868570
      -12.413822677684012       58.618288556233914      -38.441560331600364       93.145620909592054       15.952766537117807
        4.271986995724119       39.423403020303354      -44.053260592384447       89.835665378992132       -8.308284185319707
      -26.136711888659178       28.780556395742234      -12.171354375425150       55.285006426612391       -0.569964883863746
        1.537849330647417       22.182986640180520      -18.433810003969015       67.775181689542165        4.539146933993766
      -20.808179233435158       22.931665250456401        0.323260670567014       71.449129455935179        2.097300091021365
      -24.526563800264391        8.179306366798649      -25.368414268443669       77.507043016783371        4.573640079194527
      -17.412038500191333       15.962472038581323       35.242194002884503       68.695974430810537       -0.498956033587552
      -36.931049419710249       -9.588062483136826       34.124747778533745       76.889963335126168      -19.236214967629309
      -56.576771928885599       30.022256992282806       14.562721108755156       47.996565654666547        6.277405015243033
      -44.356918692202790       18.650680618370703        8.526078026804690       39.407710965248448        4.141220659101189
      -56.314264845069957       23.083584613619859       24.214070807038603       54.158158531382064       -5.120560004057850
       -0.882107936767189       29.429551472821181       29.339674824079303       60.590022513057619      -14.963261640181930
      -23.506446241743330       16.596774819998924       18.398681113999945       62.092768596763179       22.511928511496244
        9.177657619927405       10.370309086356700       19.990510706276634       81.698222213300426       -5.162074391513969
      -10.137310914887737       40.752782149574863        9.169314390763782      109.537120535974367        5.043167365019270
       -7.594597909543299       28.777848102201865       -7.722204257681524      118.103787613510505        0.240915103109647
       10.299723979945542       30.168558306224636        0.680342741954073      123.272051526293410       -5.694079169687476
       -4.688076992711237       41.886357248262371      -12.176296770710291      101.577183149537063        2.992768083241261
      -18.586270083195725       60.194190049175610       -6.993803741419717      106.146765327344724       -2.625190794736739
      -22.411847849405227       57.523587564864663      -38.582964504573120      107.710747793654917        0.496059452195604
      -35.627745839422744       62.057201967570805      -13.183654101743146      111.217243273612198       12.751753846734363
      -20.516309166467511       68.035218308917266       -1.087652632799819      104.525359753964509      -20.185485510194230
      -55.724705775720111       49.073370448368422        0.769578798567663      125.006878014656380       11.911103174300569
      -32.327502891964436       55.666470744964414       11.311244461735638      113.489451570430916        1.693051062599580
      -31.629466926018161       73.370280603128933       18.022525515922336      103.070820776694077        5.069464928759595
       -8.874655609078468       45.259839571245216       30.402898086719837       72.254519922176257       -3.869779160420926
      -31.621905727035578       40.193027413793693       16.583545848118426       78.560439825179586      -17.522197450350756
      -34.488077397506395       34.197356593738910       24.598480524827128       38.078981551670097       11.390874084510319
      -43.841061367076158       36.475112299618750       37.187153465110143       43.191480579129134        2.824518197061740
      -16.770410000516733       39.637588521948459       38.735066401161909       67.305260174732283       -3.823223360132586
      -49.325984647227969       46.836443144844935       30.138185201189362       24.524284564683931        1.977084867776640
      -34.557149962866177       29.591881459234244       61.756314781390145       48.336875438532523       -7.941668847163718
      -43.791288905934785       31.833064610759159       52.055482173053178       43.623946974931670        5.138082816584500
      -26.082448240776078       26.448716538185078       56.208859833623464       24.802265746374012       11.091173147484392
       30.272269599826050       49.531432929915859       65.420830472852529       45.716439254657885       -8.935725162789730
      -16.486852798252112       57.799924770059512       56.991996880725793       57.553467580589505        0.298944233973726
      -11.840939813346273       33.613307367373743       73.259996322015212       64.177077348770979        1.898855599337646
      -35.248541425935450       49.221496060567496       90.244489276967442       18.535966698375034       -5.937820583380483
       -5.886319732101207       42.975525210951680       78.960166684418525       41.109773647490258        8.102366386779158
      -13.412274261595545       43.405943903301747       67.150852924405370       32.882864915969932       -2.648643963832398
      -32.473925701735588       54.431808288237676       25.249196175768546       48.586225409942585        9.048853072098527
      -28.481060977413492       63.326965637943083       53.290143242365325       57.699713712585691       -1.695186258500240
      -38.344072872492852       47.533587120371052       22.403986345501217       44.193128159034529       -6.246968542268907
      -38.636737667478307       37.924256968861464       29.221438401103526       44.350275836670590       17.328070386576645
      -42.633063194714204       44.212716238593195       42.330361698107161       17.619801121772738      -18.297393370059954
      -56.773665615293481       41.348813974516560       52.471049766403503       11.773042221059402       -7.136026605352868
      -73.230968806811589       28.624032213028389       44.047392183821415        3.865952330718601       10.723416140340593
      -89.486587133171199        8.973939389644642       39.617794783822745        7.052495441186581      -13.022501134819050
      -63.150500345536457       28.173149346733265       32.663290790067748       30.416147215639594        6.723507063263781
      -75.995174683004450        5.903372878822288       40.659844109884574        0.750769254251378        3.136011660784803
      -78.310651106473756        4.223479949733856       17.087026163401568       29.122872448833903       11.960312944719320
      -59.751988317954911       -2.012278034259773        5.013373432495281       15.378449641974068       -6.487101210688992
      -57.245836452932529       15.101639701135520       21.305904148684391        2.644661707213076       -9.160770327490177
      -40.168630835174902        2.275368493399935        3.318307949954689        1.807491020934401       -3.646343719682351
      -70.389992916977548       12.426810466646449      -14.962266177940389      -21.004722476584039       -7.187456756179099
      -41.360628105001965       11.788266529682776      -39.425706794933831       13.969363112344817        3.138109617916733
      -58.186658762529149       18.991847231661549      -33.870264178974942       10.978510073209009        4.001910805327534
      -53.240176872210455       17.407889684345019      -48.595578661704877       -4.497216668023547       10.453773518017302
      -73.154130463628391       35.218197567299505      -44.404798164588286       -5.987886443732231        0.517267818474514
      -75.362781926186983       27.809129042448895      -43.880839535513367      -25.325220997314997      -10.311539004135270
      -65.576680543168564       53.596069725464531      -29.801990285933869      -25.099580587766688        4.295002030333137
      -49.371787407993580       21.659767292425958      -41.756943541460956      -28.241763618663594        5.910533567826168
      -53.474173129284573       47.022330979718518      -44.558242736167529      -16.086949792211243      -12.145233256165294
      -33.781830338758887       28.244281603076651      -17.951694489085945       -7.471320080972221        9.853611330420106
       -3.107945805833962       50.759632637560806      -17.545047906823413      -10.561594149952722       -1.375664724140107
      -15.670124736159606       42.553127527752814       -9.179060173066766      -26.025962116755576      -16.416603001580501
      -16.364763805037466       51.482104270717315        3.067038638664658      -14.773843538545952       11.022961703372752
      -21.042132961617188       53.658369026062985       30.577657306419244      -26.266340776043734        8.101274755916776
       -5.546389621712830       50.156502126517942       -0.993408019429608       23.286876068150477       -1.970741811365025
        5.798867807502530       37.823410930977929       13.325099303788658       24.954129381582145       -1.486703123675411
       -6.113073747732165       53.648673433680635       21.678742907797780        4.654059056892328       -4.868266567108415
      -15.908607610313707       59.516828925375165       13.526177944103752        1.175673094838005       13.018856197766119
       12.784985715966798       35.582702446821870        4.304607137558881      -14.638542941136816       -9.960379286749308
       -5.292966850519237       21.407932318451348        0.469851204745673        7.223200596727599        3.232872990438060
       33.309073898583613       34.029808849104683      -20.953527615082287        8.402530421961950       -2.524631776964843
       21.396467704479122       41.882139960772271      -10.228388825188722       -5.803762848478963       -3.932270784649969
       -0.194327828274602       76.637425790079973       -7.600004309013272      -18.291987610660875       -7.851931712701391
       22.317767688573902       66.223665956819147       -4.507539114656762      -12.562819009581188       14.475119644121349
       36.389064672857373       52.817339421298598       12.147236776053445        5.083436974193711        3.028094361363432
       36.275286745438095       64.107691756927039       -9.973410675349868      -15.015096402033144        3.155522132447797
       28.939560243632123       70.971032748846284       10.574403545614853      -28.601527648657118       -1.258413586257954
       50.606133296650079       72.105000524239884       15.130921572400258      -39.058294135536435        4.155641513658670
       42.585657508609664       65.545355607037251        3.335165066176563      -24.307264619421350      -10.954333530496212
       22.640142734935086       80.461046392538066       24.084169666656457      -58.953665757566007        9.879085731607404
       23.284686763322199       87.814890165046592       42.376799049559814      -13.335739923374714       -5.702711084336098
       15.242555679883990       73.461329189062297       15.031001978263422      -13.780508352312584      -18.294219353400571
       60.045552220073880       73.330658849696974        8.411421493807572      -21.172420148526719       13.589672614212040
       20.436899183299118       69.586866059539759       -1.515393298281082      -39.132420786483920        5.803702800007174
       39.186032142627781       68.347290246795055       12.328392043196107      -32.718151582869922        6.614507673382545
       35.738383523314830       69.497122803421121       19.682008081066659      -29.531171752171666      -16.737812788249361
       31.313344794929648       63.204040023530645       -3.551469829615367      -39.476168623380353        4.790847901481991
       50.990608943269486       53.231208707684537        2.455837887139619      -45.742066823178426        5.553567577487322
       33.404719827215537       45.691634615568361       12.428942168121752      -38.407592893532609        2.372373732969235
       30.829241562682501       11.789260775029215       10.829751096883212      -44.221626528207864      -16.748259381004878
       40.314126040059648        6.879784987253414       -7.705241787641508        0.295189874910844       -1.716848932973968
       37.225703827124313       19.098496634080401       -1.561858457360108       -6.177697567309854       -1.461532890860413
       10.230954308588011       -7.140854105547094        4.101946294233297       -9.649837976158032       -0.656046688054977
       20.399239105718497        2.430059614308335       12.618169231156077       -8.923375977963197        8.953513952652782
      -23.947994916319974       -5.949024419374595        6.856719796862535        4.555191063729618        3.411463634682448
      -15.371665311106266       12.901706021137555        5.900984482592606        6.107440575858770        7.426365673897896
      -15.658127640850713       16.890049549983608       47.061861672657926        6.179855337628723      -18.456800179700384
      -27.124523677782438       34.772001695302990       18.683083576674672       -3.749522420220042       26.464351744841498
      -20.725317242036649       60.724215880805005       18.763486928131204       -1.649958402698908      -11.103154866048579
      -16.944612123622722       62.018611331384236        6.343309222476549       23.688545968215859      -14.513845071905051
      -31.460995719125044       69.107039367525800      -14.560785099766013       10.357706732179448       12.108873452111879
      -24.501350891392299       57.661333107036903       -5.963651554004079        7.161496371722187        5.742158260121761
      -16.030716466767910       62.005890927898292       15.492233872623119      -26.411448208098196      -11.701238823843003
      -41.632354444264799       64.459296628802917       11.192624699665618       -7.420314767791987        4.327946075540797
      -38.951733985052279       52.498595246533903        1.173347067330346      -18.330964514559930        5.081964914349711
      -36.745288376604563       60.595061441816505       21.867380094097303      -10.673863225976277        0.612406794120027
      -33.326278125571164       56.775966915078214       23.154090370718539      -17.210103934589601       -8.286664258616376
      -23.443141139186459       64.612751385699681      -18.453799544934380      -13.591251326947893       10.396879054876495
      -14.820142214520718       45.684579282703069       14.151757644736280        4.598929321727085       -2.521806056644367
      -19.620255465525048       61.946889288235901       -8.347659793507569       23.398040526300104       -2.017549284911421
        3.975680715535814       30.185433474637271        9.414635015384894        0.338200864227293        2.797438508654277
       -9.048695887332732        1.618549784087749       13.771585027986278       -9.371257331158787      -12.169417388296777
       10.367735899123762        3.911164670013917       25.893148833340536      -46.184645153360869        1.186255164058112
        0.015905943233587       14.495212123207075      -16.009281592074526        2.321836432990352        7.972517904416102
      -15.044883015349161        4.555242094964671      -30.278779430282064      -27.068075881747504       -3.248386556334312
       18.813151643763689       -9.623804190917122      -32.454032144667053      -18.477620687002734       -6.572577563288880
       -6.914808282474536      -23.542239444497582      -15.049170839998727      -16.998222746570747        0.984623516643764
       -3.132969245739474       11.446767711073816      -20.873420684724060      -16.606636618836870        6.581906786743816
      -21.692550526418007       36.665332070968134      -24.544234445903758      -19.996101525771795        1.812719080210907
      -10.887818599662999       41.544952352890085      -64.050711737853177       -9.469148327064881        3.949518107063373
       22.115973562580862       53.327952172055475      -17.211979087139451      -27.326228693861914       -6.067117497786822
        6.737701723244458       39.074543176675661      -62.154228622328873      -14.380638627209393       -2.085826542416317
      -16.644517702388352       47.849051561059632       -4.511575411894563      -37.624457315175761        4.065403958937638
      -10.155644296388225       54.112243576166584      -31.162316251858304      -13.792360205813630       -2.001719794066806
      -11.016768543900199       19.709482953089822        4.751506118090676       -2.988920902868348       -0.867215467830652
       12.753759673858108        0.174143491978277       -8.949382533948604       22.882866249968682        1.126469415603164
       12.235424219155467       17.352840275251857       -0.603329049461591       -1.906118515465050        0.023893497270906
       11.420572037060268       37.386698709815285       13.799990456963680        1.129957566789513        7.606004358547907
       34.604401030487452       32.681889410788862      -15.298680674347764       26.455526321099708       -1.164464814977821
       12.677758319070323       20.031932396303159       21.240232700548948       24.156648505941536       -9.008726469992494
      -34.292960243623057       15.592406069919393        1.798898973671633       20.918876553787598        6.531707972016456
      -22.548462237626627       17.471306245113304       -4.352468773211358       28.234483646565266       -0.677560678223910
       -5.845769840701841       34.600082805020136        1.725031955061263       -0.892377300088570      -11.838762456405998
        3.418557591086224        8.473462959972029        0.187566603462610       -6.949548135735508       10.153640615809961
        0.752985307103881       31.609841053761397       -8.558753700153110      -34.471323615675047        4.216464478476413
       -2.090798957437184       65.738944853705235        1.795382044514164       -9.342130393170015       -6.982978068753175
        2.855242166161191       54.132163267317907      -18.016565060659921      -30.638832086238310        0.218813263180877
        9.253494120434631       52.645746909318682      -29.490630556303600      -44.443954382393748       10.788111121059737
        1.255377611679232       56.116827775970101      -20.890033490302059      -58.981578456836679      -11.859977819513809
       -6.245818647400644       75.735408703531121       -7.633614988927137      -39.608252499321281       16.495300337849770
